bpm,spo2,temperature,chute,age,comorbidity_count,medication_count,bp_sys,bp_dia,rr,label
115,95,36.9,0,81,0,1,136,70,15,1
135,83,37.1,1,30,0,0,108,82,25,2
141,88,38.8,0,57,1,1,159,77,25,2
68,95,36.3,0,88,1,2,138,79,15,1
59,97,36.9,0,21,2,3,128,72,17,0
70,94,37.0,0,78,0,0,124,71,12,1
81,97,37.0,0,85,0,0,111,80,17,0
98,89,36.9,0,42,0,1,143,82,22,2
68,96,36.7,0,88,2,3,97,68,15,1
134,86,38.5,0,53,0,0,156,98,26,2
127,85,39.0,0,61,1,0,147,90,25,2
63,96,36.6,0,61,2,3,108,78,12,0
65,95,36.4,0,70,0,0,126,74,13,0
138,89,38.2,0,41,1,0,151,90,23,2
111,94,38.0,0,87,1,3,129,76,18,1
108,97,37.9,0,20,2,2,128,74,19,1
127,93,38.0,0,35,0,1,149,97,21,2
65,95,36.7,0,47,0,1,130,80,14,0
79,96,36.5,0,84,2,2,116,76,13,1
68,95,36.6,1,86,1,2,115,71,12,2
78,98,36.8,0,37,0,0,125,75,14,0
94,93,37.3,0,24,1,3,139,90,18,1
70,96,37.0,0,55,0,1,112,78,18,0
107,92,37.4,0,60,2,1,139,77,21,1
80,96,36.5,0,90,1,2,103,76,14,0
112,90,37.2,0,68,2,2,150,76,17,1
65,95,37.0,0,24,1,1,126,66,15,0
136,83,36.8,0,38,2,4,141,82,24,2
127,84,38.9,0,48,1,1,143,79,27,2
74,95,36.4,0,90,1,2,124,74,14,0
81,98,37.0,0,43,0,1,117,72,14,0
88,92,37.5,0,62,2,2,126,83,19,1
88,97,36.9,0,18,0,0,162,81,16,1
68,95,37.3,1,31,3,3,124,79,15,2
77,93,36.2,0,21,0,0,111,72,17,1
70,97,36.5,0,19,0,0,133,81,14,0
111,95,38.3,0,56,2,6,143,88,19,1
112,93,37.5,0,90,1,0,142,76,16,1
80,97,36.8,0,37,1,2,116,76,16,0
66,97,36.8,0,26,0,0,129,86,16,0
65,98,37.4,0,87,0,0,123,72,17,0
105,100,37.9,0,43,1,0,142,74,19,1
149,83,39.5,0,51,0,0,140,78,24,2
73,98,36.8,0,36,0,0,101,86,13,0
103,91,37.5,1,61,2,3,133,80,20,2
72,96,36.4,0,29,1,2,125,74,14,0
137,85,38.5,0,71,2,2,144,85,18,2
83,95,36.6,0,73,2,4,119,72,15,1
73,98,37.6,0,64,0,0,124,75,13,0
104,92,37.3,0,46,0,0,133,76,19,0
72,97,37.2,0,65,0,1,102,78,15,0
65,96,36.7,0,64,0,0,124,76,14,0
102,93,37.9,0,57,1,1,140,94,18,1
117,90,36.9,0,83,2,2,126,74,22,1
138,95,39.6,0,44,2,2,145,74,22,2
71,95,36.9,0,54,2,2,118,75,15,0
82,99,37.0,0,53,1,0,116,75,17,0
83,95,36.8,0,23,1,0,155,70,17,1
116,93,37.3,0,53,0,0,117,80,20,1
73,98,37.2,0,32,0,0,118,74,13,0
80,98,36.1,0,87,2,3,122,89,15,1
75,97,36.7,0,45,1,2,105,73,17,0
114,89,37.1,0,90,1,0,139,92,19,2
95,98,37.1,0,44,1,2,115,66,23,1
70,95,37.1,0,62,1,2,121,83,17,0
103,94,37.4,0,32,2,1,134,72,15,1
80,93,36.8,0,85,1,2,106,63,13,1
102,93,37.8,0,71,0,1,131,70,21,1
66,98,37.1,0,73,1,0,117,75,12,0
132,84,38.2,0,83,1,0,137,86,22,2
64,97,37.0,0,53,1,1,127,85,15,0
103,95,37.4,0,73,0,0,139,95,19,1
99,92,38.7,0,86,1,1,136,74,21,1
121,93,37.7,0,79,2,2,127,75,20,1
143,87,37.6,0,52,1,2,141,66,20,2
73,95,36.8,0,23,1,0,114,76,14,0
71,97,36.6,0,80,1,0,122,78,15,0
102,94,37.1,0,89,2,4,124,86,17,1
104,95,37.6,0,72,0,0,128,90,18,1
147,83,38.8,0,35,1,2,145,92,26,2
72,99,36.3,0,22,0,2,107,77,16,1
142,85,38.8,0,27,0,0,130,83,25,1
72,94,36.8,0,33,2,3,108,77,16,1
72,95,36.6,0,88,1,1,111,73,13,0
106,94,37.4,0,59,0,1,138,77,17,1
67,98,37.1,0,55,1,0,103,85,15,0
70,97,36.9,0,67,1,0,119,71,13,0
73,95,36.6,0,67,0,0,121,73,17,0
74,97,37.1,0,76,0,1,107,71,15,0
127,84,38.7,0,83,1,2,148,77,27,2
138,89,37.0,0,54,0,0,152,88,27,2
140,91,38.4,0,31,2,3,158,81,22,2
110,95,37.6,0,55,1,1,123,89,18,1
110,96,37.5,0,45,1,1,155,70,16,1
88,94,37.4,0,52,2,3,132,96,19,1
111,96,37.0,0,66,2,3,130,72,16,1
68,96,36.8,0,31,1,1,120,67,15,0
102,90,37.5,0,82,2,1,112,75,19,1
89,89,37.7,0,30,2,1,120,72,18,2
146,86,39.2,0,74,0,0,156,80,28,2
142,89,39.2,0,72,0,0,131,88,27,2
81,96,36.6,0,54,3,3,148,68,16,1
76,97,36.4,0,62,0,0,110,62,16,0
69,98,37.1,0,30,1,0,127,73,14,0
146,89,38.7,0,49,1,1,137,85,21,2
75,97,37.1,0,72,0,2,139,77,16,0
75,99,36.2,0,47,0,0,135,81,13,1
80,98,36.7,0,64,1,1,103,74,17,0
138,93,37.9,0,70,0,0,146,86,25,2
112,92,37.3,1,85,4,5,145,85,16,2
67,95,37.0,0,26,0,0,116,80,13,0
103,95,37.5,0,26,2,2,131,77,21,1
68,100,37.1,0,61,1,2,112,73,15,0
63,97,36.9,0,38,1,2,126,82,15,0
63,93,36.4,0,58,0,0,105,73,14,1
110,91,37.1,0,21,0,0,112,71,17,1
98,97,37.4,0,21,1,1,125,77,20,1
120,93,37.3,0,28,1,2,132,73,20,1
72,99,36.8,0,23,1,0,116,85,13,0
72,96,36.9,0,27,1,1,140,64,11,1
77,97,36.5,0,80,0,0,136,74,16,0
138,96,38.0,0,26,1,1,153,93,20,0
78,95,37.0,0,31,0,0,118,71,14,0
70,99,36.7,0,34,0,0,128,70,15,0
95,95,37.2,0,20,0,0,116,81,20,1
122,81,39.1,0,58,0,1,137,87,22,2
104,93,37.9,0,71,0,0,126,71,17,1
126,88,38.1,0,41,0,0,164,80,29,2
118,95,37.8,0,43,0,0,121,85,18,1
106,97,37.5,0,20,0,0,111,88,16,1
127,93,39.3,0,45,0,0,126,82,20,2
151,87,39.4,1,66,1,0,141,90,23,2
79,96,36.9,1,64,0,0,107,75,13,2
136,80,38.7,0,81,0,0,146,84,26,2
104,91,37.9,0,86,2,3,121,76,19,1
67,95,36.0,0,29,1,0,121,79,15,1
71,98,37.0,0,55,2,2,97,73,15,1
79,96,37.0,0,63,0,1,131,80,16,0
102,92,37.3,0,37,1,3,135,73,15,1
127,84,39.0,0,72,0,0,137,86,19,2
133,92,38.3,0,35,1,1,159,81,22,2
115,91,37.3,0,54,0,2,153,75,17,1
140,89,38.9,0,47,0,1,139,90,27,2
62,94,36.6,0,31,1,2,123,72,16,1
67,98,36.5,0,57,0,0,113,73,16,0
71,96,36.5,0,79,1,0,113,70,13,0
77,98,36.3,0,19,1,0,100,75,14,1
74,97,36.8,0,56,1,0,109,78,16,0
120,94,37.3,0,69,0,1,147,62,22,1
90,92,38.0,0,88,2,3,132,72,18,1
100,92,36.4,0,82,0,0,144,86,19,1
99,94,37.8,0,26,2,3,145,78,17,1
99,94,38.6,0,84,2,0,164,73,16,1
67,96,36.3,0,81,0,1,103,81,17,1
99,89,38.0,0,81,0,0,120,93,20,0
73,98,36.9,0,29,0,0,127,83,14,0
74,100,37.2,0,55,1,0,123,78,19,0
71,98,36.6,0,57,0,0,109,75,12,0
143,88,38.7,0,86,0,0,115,106,28,2
91,92,37.0,0,69,1,1,136,72,18,1
71,98,37.1,0,54,1,3,109,81,14,0
103,92,37.1,0,64,1,2,125,86,17,1
68,96,36.6,0,84,1,1,123,75,14,0
103,97,37.1,0,46,1,1,131,80,18,1
72,96,37.0,0,43,2,3,120,73,13,0
132,84,37.1,0,38,2,2,154,90,23,2
70,97,36.9,0,89,1,2,109,63,15,0
79,100,36.5,0,84,0,0,135,69,17,0
74,96,36.7,0,74,1,2,114,80,15,0
105,92,37.8,0,87,1,1,121,79,20,1
116,88,37.1,0,22,1,1,125,66,20,2
107,91,37.3,0,82,0,0,145,64,18,1
65,98,36.9,0,69,1,0,129,68,14,0
78,97,36.8,0,44,1,0,122,79,15,0
95,93,36.9,0,61,1,1,123,76,16,1
84,98,36.8,0,37,0,0,109,84,16,0
76,96,36.7,0,46,0,0,100,73,17,0
111,94,37.5,0,67,2,2,144,83,19,1
144,87,39.5,0,76,0,0,148,86,24,2
125,91,39.5,0,73,1,2,136,75,20,2
70,99,36.9,0,57,1,1,117,80,16,0
66,92,36.5,1,90,5,7,132,80,15,2
65,99,37.5,0,57,1,1,115,67,16,0
110,96,37.0,0,71,0,0,139,88,22,1
79,96,37.2,0,66,0,0,129,74,13,0
101,96,37.9,0,66,0,0,128,73,18,1
78,100,36.4,0,23,0,0,102,77,13,0
121,84,39.1,1,18,1,0,156,79,25,2
79,95,36.6,0,20,0,1,106,71,13,0
70,94,36.5,0,65,1,1,122,80,16,1
103,94,36.6,0,63,0,0,127,83,16,1
115,96,37.5,0,51,0,0,143,84,16,1
78,95,36.6,0,18,2,2,127,69,12,0
142,83,38.8,0,50,1,0,123,89,25,2
99,93,37.5,0,84,0,1,108,70,18,1
95,94,36.6,0,66,0,1,132,70,17,1
67,95,36.7,0,40,1,1,125,71,12,0
74,98,36.4,0,80,1,2,116,69,15,0
129,88,38.5,0,20,3,3,130,78,23,2
76,96,36.7,0,22,3,5,121,78,15,0
71,97,36.8,0,32,1,1,120,78,15,0
149,86,38.8,0,75,0,0,138,100,27,2
94,93,37.1,0,38,0,0,136,75,21,1
76,95,37.1,0,36,0,0,131,73,18,0
145,91,39.2,0,43,1,1,142,93,21,2
72,98,36.8,0,57,0,1,133,75,18,0
71,96,36.7,0,74,0,0,115,78,15,0
143,83,37.3,0,31,1,1,163,86,28,2
100,95,38.5,0,80,0,0,118,80,19,1
123,88,38.6,0,31,1,0,148,89,19,2
70,96,36.6,0,72,0,0,118,70,14,0
109,92,36.9,0,61,1,1,121,64,16,1
142,81,38.1,0,34,0,0,138,87,22,2
134,88,39.6,0,80,1,0,133,98,23,2
113,91,37.5,0,70,0,0,151,86,16,1
77,96,37.1,0,34,2,0,111,72,13,0
64,94,36.2,0,45,2,1,124,75,14,1
64,99,36.7,0,42,0,1,114,74,15,0
69,95,36.7,0,27,0,2,119,71,15,0
73,96,36.4,0,45,0,0,131,71,18,0
105,89,37.3,0,53,0,0,119,78,16,2
70,96,37.7,0,74,0,0,136,69,13,0
72,97,36.9,0,75,1,0,117,87,15,0
136,90,39.2,0,46,2,2,146,97,21,2
143,89,38.1,0,72,0,0,128,87,21,2
75,98,36.9,0,57,0,0,124,81,15,0
74,97,36.5,0,25,1,1,124,73,17,0
77,96,37.4,0,25,1,1,130,69,14,0
71,94,36.6,0,90,2,2,112,79,14,1
78,98,37.2,1,78,1,1,120,66,16,2
134,91,38.8,0,27,2,2,128,94,19,2
76,99,36.7,0,30,1,3,125,63,12,0
99,89,37.0,0,62,2,3,137,70,22,2
67,96,37.0,0,65,1,1,118,70,13,0
71,94,37.2,0,61,0,0,101,74,12,1
137,88,37.2,0,57,2,3,141,97,14,2
75,98,36.8,0,21,0,0,99,80,13,0
67,95,36.6,0,52,1,2,124,79,14,0
122,89,37.3,0,44,1,0,145,71,24,2
63,97,37.2,0,36,1,1,122,63,13,0
99,95,37.4,0,87,1,0,135,73,20,1
64,98,36.4,0,39,1,1,117,71,17,0
147,80,39.0,0,42,0,0,139,80,23,2
91,91,38.1,0,25,3,4,136,79,21,1
81,93,36.8,0,23,2,3,123,75,13,1
139,93,38.5,0,70,2,3,153,80,24,2
69,95,37.0,0,49,1,1,108,69,14,0
78,98,36.7,0,57,0,0,135,72,15,0
77,99,37.2,0,53,1,1,115,73,12,0
128,88,38.4,0,32,0,0,144,88,20,2
104,91,37.6,0,22,1,0,134,75,21,1
71,93,37.4,0,53,2,3,110,66,14,1
100,94,36.7,0,37,0,1,123,64,19,1
71,94,37.2,0,82,0,0,110,82,16,1
76,99,36.0,0,37,0,0,128,74,14,1
60,96,36.7,0,34,0,0,133,76,14,0
126,88,39.2,0,39,1,0,130,85,24,2
68,98,36.6,0,73,0,0,127,83,13,0
112,100,36.9,0,83,0,0,112,74,21,1
79,91,36.7,1,83,4,5,133,74,15,2
74,94,37.1,0,70,1,1,99,77,13,1
111,91,37.3,0,43,1,2,128,60,19,1
137,84,38.3,0,60,1,1,131,79,25,2
76,97,37.4,0,71,0,0,116,68,13,0
108,99,38.5,0,69,0,0,145,63,17,1
69,98,36.5,0,63,0,0,119,80,15,0
75,96,36.6,0,83,1,1,123,69,14,0
117,93,37.9,0,47,0,0,124,65,16,1
70,94,36.5,1,79,2,2,107,82,14,2
84,93,36.8,0,42,0,2,106,86,14,1
76,97,36.7,0,68,1,2,113,74,14,0
109,94,37.5,0,44,0,0,138,75,22,1
83,96,36.9,0,28,2,3,111,62,13,0
70,95,36.5,0,25,1,0,122,70,16,0
76,99,36.6,0,18,0,0,126,72,13,0
132,86,38.8,0,23,0,0,170,88,26,2
82,95,37.0,0,31,0,0,99,75,12,0
66,95,36.8,0,89,1,0,121,78,14,0
67,96,36.6,0,45,2,3,126,67,15,0
147,79,38.6,0,86,2,1,146,86,22,1
105,93,37.1,0,61,1,2,136,83,17,1
77,100,36.3,0,57,0,1,132,80,12,1
77,96,37.1,0,70,0,0,129,82,14,0
111,91,36.5,0,54,1,0,136,77,21,1
143,87,37.4,0,40,0,0,147,89,28,2
65,95,36.3,0,88,2,4,124,67,11,1
72,98,36.4,0,62,1,2,122,76,13,0
118,88,38.4,0,24,1,1,128,86,20,2
82,98,36.2,0,50,2,2,121,71,16,1
78,94,36.7,0,32,4,6,129,78,14,1
102,94,36.6,0,53,1,1,126,76,17,1
73,95,36.9,0,30,2,3,124,73,14,0
108,96,37.6,0,68,0,0,143,98,17,1
62,95,36.9,0,31,2,5,114,82,15,0
69,98,36.6,0,48,0,1,108,69,15,0
68,96,37.1,0,70,0,0,124,64,13,0
130,90,37.4,0,85,0,0,118,87,24,2
119,90,37.2,0,71,1,1,145,84,22,1
146,90,38.2,0,89,0,1,138,75,17,2
73,97,36.4,0,50,0,0,116,69,14,0
79,95,37.0,0,53,1,1,115,77,14,0
69,97,36.8,0,85,0,0,125,70,11,0
69,96,36.9,0,45,1,2,119,63,16,0
84,96,36.2,0,47,0,0,114,81,18,1
157,92,38.0,0,57,0,0,134,78,23,2
69,94,36.5,0,23,0,0,116,80,17,1
152,82,40.0,0,57,4,3,159,71,24,2
124,80,38.8,0,76,1,1,129,87,25,2
102,94,37.4,0,24,1,2,109,100,23,1
63,96,36.6,0,80,1,2,119,75,17,0
73,95,36.6,0,57,1,2,121,69,13,0
106,95,37.1,0,72,3,4,143,70,18,1
72,97,36.3,0,67,1,2,114,69,12,1
63,97,36.5,0,81,0,0,126,66,15,0
107,86,37.0,0,37,0,0,124,76,21,2
78,97,36.6,1,86,1,1,120,82,15,2
129,86,37.4,0,55,2,3,144,83,23,2
99,95,37.1,0,79,0,0,138,80,17,1
70,95,36.5,0,89,0,1,119,71,16,0
112,88,38.5,0,26,1,1,133,86,20,2
115,91,37.1,0,41,1,2,145,79,18,1
101,92,37.8,0,77,0,1,133,79,20,1
75,99,36.6,0,36,0,0,120,70,16,0
113,91,37.8,0,68,2,4,138,78,17,1
112,96,37.3,0,32,0,0,137,73,16,1
108,90,37.3,0,37,2,3,138,69,18,1
81,96,36.7,0,53,2,3,120,77,14,0
81,97,36.9,0,87,0,0,125,86,13,0
146,87,37.9,0,59,0,0,133,92,23,2
139,97,37.7,0,49,1,0,141,84,22,2
112,91,38.1,0,59,0,0,145,74,20,1
118,88,37.2,0,68,2,2,153,82,16,2
84,95,37.0,0,81,1,0,113,75,14,0
105,92,37.2,0,62,2,3,144,73,18,1
65,96,36.9,0,37,0,0,112,72,15,0
138,79,39.0,0,54,0,0,137,92,28,2
136,85,36.5,0,28,0,0,163,95,27,2
108,96,38.2,0,68,0,0,138,76,18,1
112,92,38.1,0,72,0,0,143,68,19,1
107,89,37.1,0,35,1,2,156,86,18,2
108,98,37.7,0,74,0,0,126,64,18,1
116,92,36.8,0,84,0,0,113,70,18,1
78,98,36.7,0,54,1,1,114,77,14,0
67,96,36.9,0,70,1,0,118,72,16,0
80,99,36.4,0,85,0,0,113,78,16,0
65,95,36.5,0,50,1,2,120,71,16,2
101,97,37.1,0,47,0,2,120,74,19,1
67,100,36.7,0,28,0,0,104,73,17,0
112,87,36.8,0,34,3,3,135,80,19,2
78,97,36.6,0,79,0,0,114,69,14,0
106,90,36.8,0,84,4,5,129,74,17,1
67,97,37.3,0,50,1,3,115,77,15,0
136,90,38.4,0,67,2,2,130,78,25,2
73,98,37.2,0,52,1,3,107,78,16,0
72,95,36.7,0,74,2,0,126,72,15,1
94,100,37.5,0,81,0,0,130,76,22,1
78,97,36.3,0,61,1,0,108,82,16,1
72,97,37.4,0,73,2,2,123,73,12,1
76,96,36.9,0,85,1,1,116,81,15,0
122,92,38.6,0,81,2,5,136,95,27,1
75,97,37.0,0,86,0,0,111,86,14,0
70,96,36.8,0,63,2,2,115,69,16,0
68,98,37.0,0,43,0,0,130,72,17,0
95,97,37.9,0,38,1,2,135,87,20,1
75,94,36.7,0,43,2,0,127,86,13,1
129,87,38.3,0,20,0,0,159,71,21,2
137,91,37.8,0,65,0,0,116,79,23,2
76,96,36.9,0,71,1,3,116,78,13,0
72,97,37.0,0,37,0,0,126,89,12,0
80,97,36.4,0,60,1,2,109,76,13,0
76,96,36.4,0,78,2,2,119,64,14,1
135,87,38.8,0,34,0,0,132,70,27,2
100,93,37.6,0,76,0,0,137,86,20,1
73,95,37.0,0,75,1,0,108,82,16,0
140,72,38.8,0,45,0,1,138,97,27,2
70,99,36.7,0,21,0,0,104,75,16,0
73,98,36.9,0,19,0,0,99,80,14,0
81,99,36.9,0,83,0,1,106,68,13,0
142,89,38.4,0,68,2,2,155,72,19,2
65,96,37.0,0,37,1,1,137,67,13,0
77,98,36.4,0,23,2,3,126,74,14,0
77,97,37.4,0,49,0,0,126,68,15,0
64,97,36.9,0,47,0,1,138,72,13,0
79,95,36.4,0,90,0,0,109,83,14,0
78,94,36.8,0,81,2,3,110,67,12,1
103,94,38.1,0,19,1,1,146,89,22,2
117,93,38.0,0,29,0,0,133,78,19,1
68,96,36.5,0,32,2,3,121,79,14,0
132,92,39.2,0,78,0,1,132,92,20,2
94,88,37.8,0,31,0,0,127,69,19,2
67,92,36.5,0,72,2,4,123,78,14,1
92,93,37.3,0,37,2,3,139,63,19,1
62,93,36.7,0,37,2,2,111,72,16,1
65,97,37.2,0,24,0,1,112,66,13,0
78,97,37.3,0,88,2,2,106,77,15,1
77,98,37.2,0,28,0,0,118,65,15,1
71,97,36.7,0,63,1,1,114,73,15,0
109,94,37.4,0,33,1,1,137,64,17,1
135,90,38.9,0,55,0,0,149,94,30,2
95,95,37.2,0,50,1,1,149,79,20,1
98,91,37.4,0,56,0,0,154,85,16,1
66,98,36.5,0,46,1,2,120,83,15,0
62,97,36.6,0,89,1,0,93,88,15,1
99,91,37.8,0,89,2,4,122,72,19,1
66,96,36.5,0,51,1,1,125,77,16,0
104,93,37.9,0,18,1,1,131,86,15,1
74,98,36.5,0,80,1,2,113,73,14,0
113,94,38.5,0,78,0,0,144,82,15,1
105,95,37.0,0,61,0,0,146,80,18,1
135,82,37.7,0,53,2,3,135,81,22,2
72,99,36.7,0,43,0,1,126,69,16,0
70,94,36.5,0,59,3,4,123,78,15,1
107,92,37.8,0,34,0,0,147,84,18,1
121,88,37.3,0,68,2,2,104,79,17,2
80,95,36.9,0,89,1,2,111,69,15,0
107,96,38.2,0,27,0,0,127,69,18,1
74,94,36.6,1,69,2,1,124,82,12,2
66,97,36.7,0,36,1,0,119,75,11,0
73,98,36.5,0,23,0,0,119,70,16,0
90,93,37.3,0,42,2,2,150,89,17,1
146,89,38.8,0,81,1,0,144,74,22,2
69,99,36.8,0,58,0,0,123,74,15,0
141,89,39.3,0,62,1,2,143,80,21,2
73,97,37.1,0,82,1,0,114,82,14,0
94,88,37.3,0,85,1,3,131,82,17,2
59,97,36.7,0,73,2,2,127,71,16,1
126,88,38.8,0,39,0,0,158,89,22,2
144,84,39.6,0,37,2,3,158,91,25,2
142,93,39.0,1,78,0,0,140,91,26,2
122,95,36.4,1,77,0,0,104,75,20,2
73,96,36.6,0,52,0,0,121,73,15,0
95,95,37.6,0,23,0,0,130,67,21,1
71,96,36.7,0,21,1,1,124,73,13,0
111,94,37.7,0,54,0,0,106,77,18,1
76,97,36.9,0,19,1,1,127,73,15,0
97,90,37.8,0,36,0,1,152,82,17,1
79,98,36.7,0,24,1,3,115,73,16,0
70,96,36.9,0,62,0,1,112,75,13,0
126,92,38.1,0,46,0,0,113,71,23,2
71,94,37.0,0,28,3,6,115,66,12,1
67,97,37.2,0,20,1,1,131,81,16,0
74,95,36.4,0,25,0,0,108,77,16,0
110,94,36.8,0,88,0,0,126,70,15,1
148,92,37.9,0,35,0,0,146,87,21,2
112,91,37.6,0,38,1,2,125,76,22,1
68,95,37.0,0,40,0,0,100,79,15,0
72,94,36.4,0,20,1,2,120,74,16,1
132,81,38.2,0,67,0,0,134,68,27,2
83,97,36.3,0,75,0,0,118,72,17,1
74,97,36.4,0,75,0,1,122,70,12,0
79,94,36.7,0,73,0,2,116,81,12,1
106,89,37.0,0,56,1,1,143,75,19,2
76,95,36.9,0,87,0,0,107,75,13,0
76,96,37.0,0,55,0,1,110,69,15,0
108,95,36.7,0,36,2,3,121,81,18,1
135,93,39.2,0,32,1,3,142,83,26,1
109,96,37.1,0,20,1,1,118,80,19,1
126,90,37.7,0,83,0,0,130,91,21,2
65,95,36.7,0,89,0,0,111,76,16,0
83,98,36.6,0,79,2,2,111,74,12,1
67,96,36.9,1,87,1,0,120,74,16,2
137,91,38.0,0,85,1,1,136,89,24,2
102,92,37.5,0,32,1,1,131,85,17,1
78,95,36.8,0,23,3,3,119,70,14,0
120,87,38.6,0,39,0,0,105,93,25,2
142,88,39.3,0,21,0,0,142,86,22,2
108,92,37.9,0,45,2,2,115,79,19,1
77,97,36.7,0,42,1,1,111,85,12,0
103,93,37.5,0,20,1,0,134,76,20,1
78,96,37.0,0,36,0,0,119,70,14,0
72,98,36.5,0,27,2,4,128,77,13,0
67,95,36.6,0,43,2,3,100,68,13,0
63,97,36.4,0,88,1,1,148,86,12,1
77,97,36.8,0,70,1,0,124,73,15,0
77,98,36.6,0,79,1,1,114,76,15,0
138,87,39.2,0,52,3,3,140,82,27,2
135,88,38.7,0,44,0,1,113,84,26,2
136,79,37.4,0,28,1,0,151,76,22,2
75,93,36.8,0,38,3,4,110,66,15,1
75,99,36.7,0,21,1,2,133,74,15,0
71,95,36.1,0,68,1,0,92,67,15,1
66,96,36.2,0,20,0,1,107,73,15,1
101,92,37.7,0,61,0,0,129,88,18,1
103,94,38.0,0,66,2,3,136,72,20,1
129,95,38.3,0,23,0,0,155,87,25,2
132,89,38.4,1,83,1,1,144,98,25,2
61,97,36.7,0,84,0,0,121,92,15,0
106,95,37.7,0,87,0,0,136,88,20,1
102,94,37.1,0,61,2,3,132,77,18,1
80,93,36.7,0,79,0,0,104,67,14,1
70,94,36.6,0,38,1,0,99,71,15,1
75,96,37.5,0,85,1,0,138,68,15,0
108,94,37.7,0,81,1,1,133,77,19,1
67,98,36.7,0,18,0,0,139,69,13,0
142,86,38.5,0,65,1,1,131,105,22,2
98,92,37.5,0,44,0,0,132,94,20,1
75,97,36.5,0,50,1,2,109,73,15,0
104,91,38.3,0,45,2,2,152,74,19,1
77,95,36.1,0,21,0,0,141,73,14,1
76,96,36.7,0,89,2,3,106,76,14,1
77,97,37.1,0,65,0,0,118,66,16,0
107,93,38.5,0,24,0,0,149,76,15,1
89,89,37.8,0,83,0,1,134,87,16,2
65,99,36.8,0,20,0,0,111,63,16,0
109,93,37.3,0,21,0,2,118,64,18,1
74,97,37.3,0,32,0,0,107,82,14,1
112,91,38.0,0,65,1,1,118,93,20,1
66,95,36.1,0,86,1,0,127,71,12,1
70,95,36.6,1,88,1,0,131,82,16,2
82,95,36.5,0,84,2,3,107,69,15,1
70,98,36.4,0,61,1,1,125,72,14,0
72,95,36.7,0,67,0,0,105,73,13,0
69,95,36.6,0,42,3,5,110,76,15,0
70,94,37.1,0,86,1,1,110,74,15,1
70,97,36.8,0,74,1,1,99,68,16,0
132,84,37.9,0,24,2,3,155,78,25,2
74,96,36.0,0,36,0,2,124,72,17,0
104,92,37.0,0,61,0,0,132,86,21,1
61,96,36.5,0,35,1,3,119,72,10,0
101,97,36.8,0,73,0,1,139,80,16,1
69,93,36.3,0,21,0,0,104,82,14,1
70,99,36.8,0,54,0,0,120,69,16,0
104,96,37.2,0,85,0,0,128,76,15,1
105,87,37.2,0,44,2,3,120,69,20,2
62,95,36.6,1,90,0,0,117,84,15,2
138,82,38.6,0,63,0,0,138,73,23,2
88,95,37.1,0,56,0,0,104,76,16,0
135,86,40.5,0,43,1,0,130,82,20,2
69,96,36.8,0,86,0,0,143,68,11,1
72,99,36.8,0,74,0,0,112,65,15,0
97,88,37.1,0,55,1,0,134,65,19,2
97,93,37.6,0,32,0,1,146,73,17,1
134,86,39.7,0,35,1,1,122,73,25,2
81,97,36.4,0,57,0,0,143,68,15,1
125,85,39.1,0,67,2,3,146,82,29,2
74,98,36.4,0,24,1,3,113,88,16,0
112,88,36.6,1,81,0,0,137,84,20,2
105,88,38.0,0,88,2,3,138,83,18,2
95,98,36.8,0,28,0,0,126,76,20,1
104,93,37.7,0,52,0,0,105,83,16,1
99,94,37.4,0,64,1,3,133,88,16,1
98,96,37.7,0,19,1,1,150,77,18,1
78,98,36.9,0,26,0,0,109,78,12,0
138,97,39.4,0,60,0,0,149,78,27,2
70,95,36.9,0,32,0,0,115,82,13,0
67,94,36.6,1,19,2,2,105,77,14,2
97,93,36.7,0,89,0,0,129,77,18,1
79,98,36.6,0,64,0,0,127,72,15,0
95,93,38.3,0,85,0,0,131,70,15,1
76,96,37.0,0,89,2,2,115,65,16,1
73,95,36.3,0,68,0,1,120,72,10,1
73,97,36.6,0,74,1,2,121,74,15,0
111,100,37.1,0,46,0,0,130,85,22,2
67,95,36.8,0,61,1,0,125,75,14,0
82,95,36.0,0,76,0,0,117,71,14,1
133,86,39.0,0,50,0,0,132,86,26,2
95,88,38.0,0,47,2,3,144,63,20,2
128,90,38.4,0,51,0,1,157,84,32,2
82,95,36.5,0,68,0,0,102,83,15,0
123,92,37.1,0,35,0,1,123,68,22,1
105,94,37.4,0,87,1,2,121,82,22,1
155,94,38.6,0,18,1,2,150,73,25,2
70,95,36.9,0,58,0,0,97,60,12,0
62,94,36.8,0,57,1,1,132,76,16,1
109,91,37.9,0,66,1,2,113,76,18,1
104,91,37.6,0,63,3,5,129,82,16,1
116,94,37.9,0,47,1,3,118,80,17,1
102,93,36.7,0,74,0,0,123,93,19,1
73,94,36.4,0,28,1,0,124,66,14,1
71,99,36.3,0,47,1,1,123,77,16,1
75,96,36.8,0,78,2,3,119,68,13,1
70,96,36.5,0,43,1,1,108,74,16,0
67,96,36.7,0,29,0,0,131,72,16,0
95,93,37.2,0,36,1,0,138,73,21,1
109,95,37.3,0,55,0,0,120,73,16,1
106,92,37.0,0,77,1,0,144,81,16,1
137,93,39.7,0,55,0,0,163,75,23,2
127,89,38.7,0,30,2,2,146,85,20,2
64,96,36.6,0,71,0,0,104,70,14,0
102,98,36.8,0,54,1,0,128,64,18,1
127,93,38.1,0,33,0,0,128,96,21,2
145,89,38.1,0,71,1,1,147,97,27,2
73,95,36.7,0,86,2,2,117,85,14,1
164,86,38.0,0,40,0,0,149,89,23,2
107,98,37.4,0,76,0,0,130,67,20,1
64,98,36.4,0,88,0,0,126,65,15,0
75,94,36.7,0,34,1,1,109,77,16,1
67,95,36.7,0,21,0,0,120,60,13,0
84,98,37.5,0,51,0,0,124,90,19,0
82,91,36.4,0,61,1,3,150,85,18,1
72,96,36.8,0,76,1,0,126,74,17,0
136,84,38.7,0,69,2,3,164,73,28,2
59,96,36.9,0,48,1,0,104,78,16,0
92,93,38.2,0,27,0,0,135,80,17,1
71,95,36.9,0,68,1,0,107,67,18,0
64,97,36.6,0,70,2,2,121,78,14,1
133,86,38.5,0,31,1,1,138,75,21,2
99,91,37.3,0,25,1,2,119,71,16,1
73,94,36.8,0,44,1,0,115,68,16,1
103,93,37.8,0,88,2,1,143,79,19,1
71,95,36.8,0,20,1,0,121,79,16,0
141,79,37.8,0,72,2,2,174,69,21,2
73,98,36.8,0,41,1,0,119,73,17,0
69,96,36.4,0,56,0,0,100,67,14,0
70,96,36.8,0,24,2,2,105,78,10,0
77,96,36.7,0,55,0,0,116,73,16,0
80,97,36.5,0,18,1,2,97,73,17,0
153,93,38.8,0,80,0,0,139,80,27,2
73,97,36.2,0,60,2,3,110,79,14,1
98,96,36.8,0,72,0,0,148,80,18,1
112,95,37.4,0,21,1,1,134,88,20,1
77,98,36.8,0,24,1,2,114,70,15,0
89,94,36.7,0,18,0,2,159,76,20,1
73,99,36.6,0,60,0,0,98,63,13,0
63,96,36.7,0,63,1,0,128,68,16,0
108,97,36.9,0,34,0,0,112,82,17,1
73,99,36.2,0,33,0,0,125,68,13,1
102,93,37.7,0,63,0,0,130,72,16,1
77,97,37.2,0,83,1,1,115,72,11,0
112,96,37.4,0,63,1,1,126,92,23,1
62,95,37.5,0,67,2,1,114,67,16,0
109,92,37.0,0,42,0,0,133,76,23,1
147,85,39.3,0,60,1,1,167,82,23,2
72,96,36.9,0,77,2,2,115,82,16,1
73,95,37.0,0,22,2,4,109,65,15,0
113,94,38.2,0,24,0,1,127,77,21,1
92,95,38.2,0,64,1,1,139,88,19,1
72,94,36.6,0,22,0,0,134,75,14,1
74,97,36.8,0,69,1,1,131,70,14,0
70,96,37.1,0,74,1,2,116,87,15,0
67,96,36.6,0,77,3,5,116,68,16,1
67,98,37.1,0,51,1,1,118,69,14,0
104,89,36.5,0,46,0,1,131,87,22,2
134,93,38.1,0,77,0,0,161,93,22,2
73,98,36.7,0,42,1,1,135,83,17,0
140,82,37.9,0,87,0,0,134,80,29,2
76,98,37.1,0,61,1,1,113,67,15,0
132,88,38.3,0,66,1,2,147,73,25,2
75,97,36.7,0,61,1,2,131,71,14,2
108,94,37.2,0,48,0,0,133,84,21,1
83,96,37.1,0,59,0,1,110,78,15,0
128,89,38.7,0,30,0,0,129,85,22,2
123,85,39.0,0,39,1,2,144,72,25,2
141,87,38.8,0,83,0,0,114,79,24,2
123,96,37.4,0,38,1,0,151,81,20,1
104,95,37.5,0,35,0,0,143,82,18,1
141,85,39.7,0,27,1,3,153,81,21,0
66,95,36.5,0,74,1,1,109,85,17,0
68,96,36.4,0,77,1,0,106,70,13,0
77,97,37.3,0,33,0,0,136,76,16,0
112,96,36.6,0,55,0,0,125,89,15,1
76,99,37.2,1,71,0,0,119,72,16,2
131,89,38.3,0,19,0,0,147,95,21,2
69,96,36.9,0,82,1,2,113,73,11,0
90,93,38.1,0,89,0,0,147,81,14,1
91,93,37.6,0,49,1,0,151,76,16,1
75,96,36.6,0,43,0,1,123,67,13,0
79,97,36.7,0,74,1,2,112,73,13,0
85,98,36.6,0,52,0,0,119,77,15,0
73,96,36.9,0,58,0,0,118,84,14,0
61,98,36.4,0,37,1,2,138,80,15,0
65,96,36.5,0,59,1,0,120,80,16,0
67,96,36.7,0,58,0,0,122,76,15,0
98,90,37.2,0,25,2,2,148,88,16,1
70,96,37.3,0,31,0,0,116,76,15,0
107,95,36.8,0,88,0,0,146,71,18,1
65,99,36.0,0,47,1,2,112,84,13,1
116,98,37.9,0,30,0,0,130,79,21,1
73,95,36.6,0,90,4,5,106,64,13,1
79,96,36.0,0,35,0,0,103,74,13,1
100,95,36.2,0,80,0,0,153,74,16,1
102,92,37.6,0,83,1,1,120,72,19,1
102,93,36.9,0,37,1,3,108,75,20,1
74,99,36.7,0,64,0,0,94,77,12,1
63,95,36.8,0,85,1,1,114,73,14,0
131,85,39.3,0,60,0,0,162,95,22,2
69,95,36.7,0,48,1,2,120,68,16,0
137,91,37.7,0,71,1,2,132,93,20,2
108,95,37.0,0,18,1,0,127,69,23,1
81,96,36.7,0,26,0,0,113,81,15,0
106,95,37.3,0,74,0,0,146,80,16,1
73,97,36.9,0,52,1,2,127,63,14,0
62,95,36.7,0,52,2,4,105,76,13,0
79,96,36.8,0,87,1,1,110,65,16,0
93,98,37.0,0,57,1,1,132,82,16,0
81,98,36.8,0,57,0,0,116,80,15,0
62,99,36.8,0,24,0,0,112,81,15,0
93,97,36.7,0,25,1,1,117,76,12,0
122,93,37.0,0,70,1,0,120,75,15,1
127,86,38.2,0,28,0,0,139,75,21,2
108,90,37.9,0,53,2,2,143,76,17,1
112,92,38.4,0,72,1,1,135,76,20,1
73,95,37.1,0,55,0,0,114,76,16,0
142,89,38.3,0,20,1,2,126,81,19,2
76,95,36.5,0,48,0,0,121,70,13,0
73,98,36.5,0,64,0,0,130,80,17,0
93,94,37.6,0,37,1,2,136,66,21,1
117,87,38.7,0,77,2,2,119,80,18,2
80,93,36.7,0,43,2,2,123,71,17,1
97,98,37.7,0,26,0,0,140,80,17,1
80,99,36.1,0,57,0,0,131,79,15,1
139,84,39.5,0,24,0,1,151,78,27,2
70,97,36.6,0,86,0,0,121,83,14,0
66,98,36.6,0,40,1,1,98,77,13,0
148,80,38.4,0,49,2,4,132,87,22,2
70,95,36.9,0,71,0,0,125,84,14,0
77,100,36.0,0,75,0,0,110,73,16,1
100,97,37.2,0,22,1,1,147,92,20,1
110,94,37.6,0,19,2,3,125,68,20,1
149,78,40.3,0,52,1,1,150,89,24,2
141,85,38.2,0,77,3,4,153,82,22,2
83,97,36.8,0,60,1,1,109,69,15,0
144,86,39.0,0,81,1,0,137,89,26,2
71,93,36.7,0,25,2,2,110,78,12,1
77,98,36.6,0,30,1,2,109,81,12,0
75,93,37.0,0,63,0,0,132,79,14,1
148,92,38.8,0,26,2,3,157,83,26,2
67,97,36.7,0,56,1,1,122,76,14,0
78,94,36.7,0,48,3,4,128,77,16,1
113,88,39.2,0,30,0,0,161,96,25,2
114,89,36.8,0,42,1,2,147,70,18,2
105,92,37.2,0,39,1,1,144,84,16,1
83,99,37.3,0,77,0,0,125,74,14,0
92,97,37.2,0,33,1,0,112,83,17,0
123,92,37.1,0,45,3,3,139,80,21,1
98,96,37.6,1,82,0,1,103,73,20,2
145,90,39.5,0,45,1,2,139,84,21,2
74,94,37.0,0,68,0,0,107,77,15,1
101,92,36.7,0,62,0,0,116,78,18,1
81,97,36.5,0,54,3,4,119,78,16,0
71,97,37.0,0,19,2,2,121,72,14,0
129,92,38.1,0,46,0,0,129,84,22,2
109,92,36.9,0,24,1,2,144,90,16,1
118,93,37.6,0,49,1,0,136,86,20,1
76,95,36.8,0,65,0,0,116,75,13,0
58,97,37.0,0,82,0,0,122,59,14,0
102,93,36.5,0,42,2,4,154,77,18,1
102,92,37.8,0,88,0,1,120,74,20,1
76,96,36.3,0,65,1,1,135,78,14,1
121,87,39.5,0,25,1,2,154,87,25,2
69,99,36.5,0,68,0,0,117,72,13,0
99,92,37.4,0,60,0,0,143,85,19,1
109,91,36.3,0,63,1,2,148,83,17,1
141,91,37.4,0,50,1,1,144,67,27,2
70,95,36.6,0,59,1,1,116,75,15,0
69,96,37.2,0,60,1,0,105,78,14,0
138,93,38.6,0,43,1,2,163,78,21,2
72,97,36.7,0,24,3,3,121,83,14,0
129,88,39.0,1,75,2,2,152,72,20,2
69,97,37.0,0,47,0,0,117,79,16,0
65,96,36.9,0,67,0,1,109,77,14,0
65,95,36.7,0,24,0,0,115,74,14,0
73,96,36.5,0,77,1,1,125,73,14,0
74,94,36.9,0,46,0,0,117,79,16,1
130,90,37.9,0,80,1,2,143,78,22,2
62,97,36.9,0,35,1,0,135,65,11,0
58,98,36.6,0,75,1,1,129,80,16,0
137,88,37.9,0,80,0,1,148,65,21,2
72,97,36.3,0,55,0,0,106,74,14,1
69,99,36.2,0,83,0,0,130,78,16,1
105,92,37.5,0,43,1,2,112,75,17,1
106,92,37.5,0,67,2,2,105,87,17,1
114,97,36.9,0,62,2,3,137,81,19,1
72,95,36.9,0,23,0,0,107,73,12,0
70,96,36.6,0,28,0,0,112,65,14,0
74,94,36.7,0,26,1,1,114,80,16,1
78,96,36.1,0,75,0,0,132,74,14,1
80,97,37.0,0,27,1,1,112,76,15,0
141,79,38.5,0,46,0,0,144,92,27,2
132,92,38.1,0,64,1,0,121,97,26,2
104,93,37.8,0,37,0,0,105,82,22,1
80,97,37.0,1,56,1,0,104,81,17,2
78,95,36.5,0,60,1,1,133,71,16,0
86,96,36.4,0,28,2,4,96,89,13,0
73,95,36.7,0,68,1,1,100,74,15,0
78,95,36.8,0,64,2,3,117,79,17,0
76,96,36.4,0,69,2,3,132,73,15,0
103,94,37.6,0,19,0,0,115,83,19,1
72,98,36.5,0,76,1,0,120,80,14,0
109,95,37.9,0,58,2,1,117,90,15,1
107,92,37.2,0,76,0,0,139,77,15,1
81,94,37.3,0,89,1,1,117,67,15,1
73,97,36.9,0,41,3,4,107,66,16,0
65,97,36.9,0,82,0,0,117,71,15,0
81,94,36.9,0,63,3,3,109,66,13,1
66,96,37.0,0,87,0,0,124,78,14,0
144,88,38.7,0,76,1,0,162,79,26,2
61,97,37.0,0,33,1,2,115,75,17,0
62,94,36.9,0,33,0,0,113,75,14,1
72,95,36.7,0,87,1,0,110,68,15,0
72,94,36.8,0,85,0,0,110,70,15,1
66,97,36.8,0,39,1,0,121,78,18,0
74,97,36.6,0,52,0,0,111,67,13,0
73,96,37.3,0,29,1,0,124,76,12,0
73,98,36.4,0,68,0,1,131,76,15,0
115,89,37.0,0,71,1,1,132,81,17,2
70,96,37.0,0,30,1,2,128,83,14,0
103,96,37.5,0,25,0,0,140,83,16,1
78,98,37.0,0,42,0,0,134,81,16,0
78,94,37.0,0,69,0,0,116,76,15,1
95,91,37.7,0,55,2,3,136,75,19,1
118,94,37.0,0,57,0,3,115,85,21,1
132,81,39.7,0,76,0,0,121,68,25,2
76,96,36.5,0,73,1,2,125,73,13,0
98,92,36.8,0,60,1,0,149,73,18,1
148,86,38.9,0,70,0,0,123,68,21,2
98,93,37.4,0,49,0,1,110,74,15,1
74,95,36.7,0,34,0,0,104,67,13,0
74,93,36.5,0,56,2,2,132,78,13,1
102,92,37.6,0,56,0,1,117,74,21,1
70,98,36.6,0,44,1,0,122,73,12,0
77,97,37.1,0,57,0,0,119,69,15,0
138,82,36.8,0,32,0,0,131,79,25,2
62,100,36.6,0,37,0,0,136,77,13,0
76,100,36.8,0,86,0,0,130,70,14,0
69,96,37.1,0,68,2,1,124,76,14,0
91,93,37.1,0,70,1,0,123,76,22,1
71,98,37.0,0,54,0,0,130,72,15,0
101,91,37.9,0,87,2,4,110,76,19,1
136,89,38.2,0,23,1,0,124,83,24,2
73,96,36.6,0,24,0,0,112,69,12,0
111,98,37.0,0,86,0,0,149,87,20,1
132,86,37.9,0,77,0,0,127,92,27,2
70,95,37.0,0,52,1,2,139,77,13,0
150,74,38.8,0,86,2,3,155,85,21,2
89,97,37.0,0,20,1,2,132,79,19,0
131,92,38.7,0,53,0,1,151,74,27,2
65,95,36.4,0,38,1,0,118,71,15,0
83,95,36.7,0,72,1,2,132,79,17,0
65,95,36.7,0,77,1,1,121,81,12,0
114,97,37.4,0,69,1,2,120,70,21,1
100,97,37.5,0,70,0,0,118,79,16,1
107,91,37.7,1,53,0,0,152,79,19,2
105,94,37.6,0,67,0,0,114,85,16,1
131,89,37.6,0,60,0,0,176,91,25,2
81,99,36.5,0,79,0,0,112,59,13,0
109,91,37.6,0,81,1,0,139,84,19,1
141,79,38.6,0,80,2,2,134,93,22,2
108,93,36.6,0,64,2,3,129,85,16,1
149,87,40.0,0,29,0,0,142,91,19,2
102,92,36.9,0,37,1,0,108,71,18,1
62,96,36.9,0,53,1,2,117,74,15,0
137,80,38.7,0,45,1,2,140,90,20,2
68,97,36.7,0,58,0,0,131,76,17,0
96,86,37.5,0,68,1,2,123,74,21,2
76,96,36.9,0,59,0,0,120,73,13,0
73,95,36.2,0,50,4,7,100,75,13,2
131,84,37.4,0,45,2,2,158,82,19,2
113,96,37.2,0,42,3,5,141,80,19,1
105,100,37.2,0,35,3,5,150,81,20,1
108,91,37.6,0,41,2,3,124,77,19,1
71,97,36.6,0,82,0,0,106,83,12,0
125,84,39.8,0,74,1,2,148,86,18,2
107,90,37.9,0,42,0,1,135,79,16,1
68,94,36.5,0,55,0,0,120,73,17,1
72,97,36.8,0,81,0,0,103,69,13,0
73,97,37.0,0,69,3,3,121,72,15,0
72,93,36.7,0,56,2,3,117,73,14,1
70,94,36.6,0,37,2,2,118,84,15,1
73,96,36.6,0,44,1,0,126,77,13,0
64,96,36.4,0,68,0,0,113,71,13,0
78,96,36.5,0,89,1,1,136,77,16,0
122,96,37.3,0,50,0,0,132,76,17,1
135,88,38.7,0,23,3,5,174,87,24,2
112,93,36.9,0,86,2,2,138,82,19,1
100,90,37.2,0,69,1,2,146,75,19,1
151,89,38.7,0,81,1,1,156,86,25,2
133,84,37.4,0,46,2,3,159,78,22,2
64,97,36.8,0,61,0,0,102,84,12,0
71,99,37.0,0,24,1,0,126,77,17,0
108,90,37.2,0,44,0,0,113,96,16,1
102,92,36.3,0,43,1,1,123,76,17,1
83,95,36.6,0,53,1,2,114,71,14,0
77,97,37.0,0,88,1,0,115,78,14,0
99,95,37.7,1,90,0,1,139,86,21,2
69,93,36.6,0,81,2,1,121,70,12,1
60,94,36.3,0,57,1,2,117,73,14,1
99,92,37.9,0,18,2,2,122,86,20,1
65,96,36.2,0,23,1,1,106,75,12,1
91,97,38.0,0,24,0,0,139,89,17,1
76,95,36.8,0,68,1,1,97,70,13,0
63,96,36.5,0,58,1,2,138,72,13,0
127,86,37.5,0,67,0,0,155,90,22,2
109,90,37.2,0,85,1,0,130,87,22,1
113,93,37.2,0,63,1,1,127,79,18,1
146,78,38.3,0,63,1,2,148,78,22,2
101,91,37.3,0,44,0,0,162,86,19,1
103,100,38.2,0,82,0,0,126,78,19,1
70,94,36.8,0,26,1,2,134,71,16,1
133,96,37.4,0,28,1,1,133,96,25,2
109,94,38.0,0,88,1,0,122,82,19,1
102,96,37.4,0,39,1,0,141,73,18,1
72,98,37.2,0,43,0,0,111,80,14,0
74,95,36.9,0,85,2,3,119,84,16,1
70,98,36.5,0,35,0,0,111,74,16,0
68,96,36.7,0,70,0,0,128,76,13,0
90,90,37.8,0,57,0,0,122,80,16,1
67,98,36.8,0,45,1,2,119,75,17,0
101,94,37.4,0,32,1,1,139,75,19,1
143,84,40.6,0,22,0,0,148,81,27,2
134,88,38.7,0,30,0,0,135,87,26,2
132,92,36.8,0,78,0,0,163,68,25,2
96,91,37.3,0,44,0,0,142,77,20,1
142,83,38.5,0,54,1,3,128,90,28,2
72,97,36.3,0,26,2,3,127,66,16,1
107,90,38.1,0,18,2,2,130,73,18,1
112,95,36.8,0,65,0,0,138,85,17,1
81,95,36.3,0,30,0,0,136,67,15,1
67,96,36.8,0,43,1,2,130,79,14,0
75,96,36.5,0,57,1,0,121,78,15,0
83,94,36.7,0,23,3,3,126,79,16,1
66,94,37.1,0,34,0,0,141,81,13,1
113,93,38.0,0,64,0,0,122,80,20,1
55,96,36.5,0,56,0,0,132,74,13,0
104,90,37.5,0,43,1,0,147,65,20,1
90,90,37.2,0,74,1,1,136,87,20,1
71,97,36.4,0,46,1,1,109,69,16,0
64,98,36.7,0,66,1,2,114,72,13,0
71,94,36.5,0,70,0,0,125,66,12,1
113,93,36.7,0,25,1,0,134,66,21,1
76,97,37.1,0,31,0,0,118,79,17,0
64,97,36.5,0,73,0,0,115,71,13,0
105,94,36.7,0,33,0,0,125,80,16,1
75,97,36.1,0,48,2,3,122,63,14,1
83,97,37.1,0,87,0,0,117,71,14,0
72,97,36.8,0,46,0,0,120,68,16,0
104,93,37.2,0,50,1,0,126,75,19,1
103,97,36.8,0,28,1,2,138,86,18,1
63,96,36.4,0,27,1,1,135,74,17,0
153,86,37.4,0,59,0,0,168,105,23,2
75,94,36.7,0,29,2,3,125,73,14,1
70,98,36.7,0,45,0,0,125,69,17,0
129,83,38.1,0,24,1,0,131,90,21,2
126,89,38.6,0,37,1,2,149,79,27,2
75,95,36.2,1,24,1,0,114,75,13,2
107,90,37.4,0,67,0,0,141,89,20,1
74,95,36.5,0,48,0,0,122,66,14,0
70,97,36.8,0,71,0,1,124,75,14,0
120,94,38.0,0,18,1,0,160,94,22,1
106,92,37.5,0,20,2,3,131,84,21,1
95,95,36.9,0,85,0,0,136,81,20,1
80,94,36.5,0,50,2,2,102,77,17,1
78,98,36.3,0,20,2,5,126,89,14,1
106,94,38.3,0,57,0,0,133,70,20,1
139,90,37.8,0,29,1,3,143,81,18,2
73,98,36.1,0,86,0,0,114,74,15,1
72,96,36.1,0,78,0,0,115,72,13,1
66,93,36.7,0,60,1,1,112,88,12,1
142,88,37.6,0,31,0,0,153,91,21,2
74,96,36.9,0,50,0,0,123,76,15,0
87,96,37.3,0,85,0,0,127,78,20,0
75,96,36.4,0,64,0,0,91,71,16,1
119,90,38.1,0,56,0,0,168,87,22,1
69,95,36.8,0,54,0,0,115,71,15,0
143,86,38.0,0,30,1,1,145,85,23,2
71,97,36.5,0,27,1,0,122,74,16,0
107,91,37.2,0,76,2,2,131,74,19,1
75,97,36.4,0,41,0,0,115,84,13,0
100,89,37.9,0,56,3,5,117,91,20,2
69,96,36.4,0,81,0,0,103,69,14,0
107,94,37.9,0,56,0,1,132,78,17,1
71,93,36.8,0,28,2,4,137,76,16,1
105,92,38.5,0,75,0,0,131,68,14,1
74,96,36.6,0,23,1,1,109,67,18,0
68,96,36.6,0,72,0,0,124,70,12,0
106,93,37.4,0,41,1,1,113,86,19,1
69,96,36.6,0,62,1,0,139,78,12,0
66,97,36.3,0,72,0,0,121,72,17,1
81,95,36.2,0,82,2,4,113,64,13,1
69,96,36.7,0,34,1,0,99,72,13,0
64,98,37.1,0,35,1,0,98,73,15,0
103,96,36.5,0,19,0,0,144,76,19,1
76,97,36.5,0,58,1,1,132,73,15,0
105,99,37.0,0,49,1,1,140,89,19,1
117,91,37.0,0,47,2,1,147,88,18,1
69,95,36.4,0,36,1,1,117,69,15,0
138,81,38.8,0,77,0,0,160,80,18,2
79,96,36.6,0,24,1,1,114,70,14,0
68,94,36.5,0,37,2,2,120,76,12,1
59,93,36.8,0,57,1,0,127,73,15,1
152,88,39.5,0,29,1,1,160,83,18,2
68,96,36.7,0,84,1,0,118,76,14,0
111,96,37.9,0,45,0,0,145,59,16,1
111,95,37.6,1,28,1,1,115,82,20,2
71,94,36.4,1,72,1,1,118,78,16,2
99,90,37.6,0,51,2,3,148,75,20,1
95,97,36.5,0,88,0,0,118,79,21,1
141,91,37.7,1,82,0,1,163,80,22,2
112,92,38.3,0,87,2,3,149,73,20,1
79,95,36.7,0,60,2,3,123,93,14,0
67,97,36.7,0,73,3,4,122,70,17,1
131,92,37.8,0,59,0,2,155,69,25,2
83,94,36.4,0,77,2,1,111,70,14,1
141,88,39.0,0,30,0,0,131,85,24,2
103,93,37.2,0,36,2,4,149,79,14,1
119,88,37.7,0,46,1,2,162,69,22,2
100,94,37.2,0,23,1,1,154,87,21,1
102,96,36.9,0,47,0,0,144,84,18,1
150,93,38.6,0,52,1,2,130,88,21,2
71,98,36.7,0,60,0,3,127,72,17,0
102,93,37.8,0,86,1,1,135,85,17,1
109,94,38.6,0,50,0,0,100,80,19,1
100,93,36.8,0,43,1,0,130,86,18,1
77,96,36.3,0,33,1,1,113,84,14,1
101,94,37.9,0,52,0,0,134,80,19,1
104,93,36.9,0,27,0,0,124,79,17,1
73,97,37.0,0,54,0,0,116,74,12,0
66,98,36.5,0,45,0,0,112,74,13,0
100,92,37.5,0,33,2,3,124,81,17,1
72,94,36.9,0,35,2,5,133,82,14,1
77,97,36.8,0,71,1,0,116,75,16,1
64,98,37.0,0,18,2,3,113,67,15,0
129,86,38.3,0,21,0,0,135,88,22,2
135,79,38.5,0,69,2,2,135,76,26,2
65,93,36.6,0,85,0,1,117,82,14,1
106,96,37.7,0,27,1,0,135,71,19,1
58,95,36.4,0,18,1,1,117,83,14,0
130,85,39.3,0,31,2,2,130,89,16,2
104,97,37.2,0,47,0,0,108,79,18,1
104,92,37.3,0,50,1,1,126,78,19,1
67,98,36.4,0,74,3,3,95,71,13,1
102,92,37.5,0,46,0,0,110,78,22,1
111,97,37.7,0,49,1,2,110,77,18,1
78,95,36.7,0,86,1,1,113,68,16,0
60,95,37.0,0,59,1,3,100,79,14,0
75,96,36.8,0,23,1,0,132,77,15,0
110,91,37.8,0,81,0,0,94,78,19,1
66,96,36.7,0,24,1,2,114,79,15,0
104,98,37.0,0,74,2,3,129,75,18,1
74,98,37.2,0,50,1,1,111,80,13,0
110,90,36.5,0,47,0,0,141,85,17,1
130,89,39.3,0,40,1,0,150,83,23,2
115,97,37.8,0,57,1,0,144,84,17,1
100,95,36.1,0,85,0,1,128,70,17,1
72,97,36.7,0,81,1,0,108,80,14,0
75,97,36.1,0,57,0,1,105,66,14,1
145,84,37.8,0,50,1,1,156,63,20,2
104,93,37.9,0,78,0,0,144,87,18,1
114,92,37.5,0,41,2,3,139,87,17,1
75,95,36.6,0,39,0,0,116,67,15,0
74,98,36.2,0,41,0,0,117,74,13,1
73,95,36.8,0,74,2,3,109,80,15,1
73,93,36.3,0,64,0,0,109,78,13,1
79,94,36.8,0,45,2,1,91,77,12,1
99,92,37.4,0,22,2,3,145,84,22,1
74,97,36.4,0,28,0,1,114,67,17,0
71,98,35.5,0,87,0,0,115,75,14,1
115,95,36.4,0,65,0,0,115,82,20,1
93,95,37.2,0,25,0,0,148,78,22,1
92,90,37.3,0,81,3,4,143,90,20,1
140,87,38.7,0,76,0,1,148,77,20,1
108,91,38.2,0,57,0,0,120,68,21,1
102,92,37.7,0,89,1,1,123,76,20,1
109,96,37.0,0,28,0,0,122,63,21,1
103,88,37.8,0,31,2,2,110,75,16,2
78,97,36.4,0,77,0,0,132,70,15,0
112,94,38.0,0,26,2,4,149,82,21,1
152,87,38.5,0,54,0,0,148,83,20,2
83,96,36.8,0,80,3,5,117,74,14,1
106,92,37.5,0,87,2,2,101,87,18,1
80,93,36.3,0,42,5,6,122,67,17,1
109,94,38.6,0,31,1,0,130,73,17,1
115,97,36.8,0,83,2,3,130,89,20,1
98,89,36.5,0,41,0,0,140,81,21,2
142,83,38.7,0,63,2,3,135,83,21,2
79,91,36.3,0,70,1,1,98,82,17,1
77,94,36.6,0,60,0,0,136,85,15,1
112,89,36.8,0,55,0,0,131,73,20,2
106,95,37.4,0,82,2,2,138,88,18,1
60,95,36.7,0,36,1,1,102,64,14,0
66,94,36.9,0,31,2,4,103,85,16,1
73,94,36.5,0,58,2,1,121,74,12,1
88,93,36.6,0,62,0,0,134,77,20,1
103,95,37.0,0,64,1,0,145,88,18,1
148,93,38.5,0,70,0,0,165,93,19,2
125,90,39.4,0,44,1,2,119,72,23,2
69,98,36.7,0,32,0,0,116,77,17,0
147,91,38.7,0,42,0,0,151,79,25,2
99,93,38.1,0,67,1,1,164,69,17,1
105,94,37.2,0,59,1,0,137,80,23,1
128,89,39.2,0,64,2,3,139,94,19,2
107,93,38.4,0,56,2,1,149,67,21,1
69,93,36.5,0,49,2,4,119,73,14,1
61,97,36.7,0,35,0,0,104,75,12,0
98,96,37.3,0,57,0,0,149,60,17,1
76,98,36.7,0,33,0,0,129,80,16,0
64,97,36.8,0,90,1,1,107,74,13,0
64,96,37.7,0,87,0,0,118,70,13,0
142,86,39.3,1,65,2,2,147,84,26,2
116,96,37.2,0,73,0,0,109,73,22,1
103,98,37.9,0,42,0,0,131,79,15,1
159,91,38.0,0,29,0,0,137,80,25,2
133,93,40.1,0,70,1,1,154,93,26,2
137,94,37.4,0,31,2,4,159,81,29,2
72,96,36.8,0,84,1,1,114,72,18,0
68,96,37.3,0,24,0,0,115,76,16,0
90,93,37.5,0,30,1,0,130,80,21,1
102,96,38.0,0,50,0,0,143,85,20,1
105,93,37.5,0,50,3,5,130,78,19,1
108,92,37.5,0,56,0,0,137,88,18,1
79,93,37.0,0,28,2,2,118,76,13,1
105,98,37.4,0,19,1,0,120,62,18,1
126,86,39.3,0,83,0,0,145,86,19,2
65,97,36.6,0,75,0,0,125,74,13,0
74,97,36.9,0,24,1,1,113,73,15,0
105,93,36.6,0,42,1,0,116,72,21,1
111,96,37.3,0,62,0,0,122,84,18,1
108,95,37.8,0,85,1,1,110,79,16,1
74,94,36.7,0,31,2,2,113,73,17,1
69,95,36.1,0,53,0,0,124,71,15,1
119,91,38.9,0,88,1,0,140,95,24,1
75,97,36.4,0,47,0,0,117,82,13,0
96,96,38.0,0,21,1,0,122,73,21,1
104,94,38.1,0,43,0,0,116,85,16,1
93,96,37.4,0,71,1,0,119,75,17,0
88,90,37.9,0,43,0,0,120,81,16,1
67,96,36.4,0,76,1,1,109,67,17,0
65,97,36.9,0,34,1,1,134,76,16,0
143,90,39.2,0,40,0,0,146,71,23,2
132,90,39.0,0,76,0,1,129,77,22,2
103,93,37.8,0,23,0,0,130,65,22,1
73,95,37.1,0,38,2,3,113,74,15,0
130,88,38.5,0,53,1,1,140,83,27,2
96,96,36.7,0,74,2,4,122,76,19,1
71,97,36.8,0,51,0,0,116,65,15,0
61,96,36.9,0,76,0,0,128,77,13,0
140,75,38.4,0,55,1,1,153,74,25,2
67,95,36.9,0,59,0,0,111,71,14,0
114,97,38.2,0,44,0,0,149,75,18,1
71,96,36.5,0,46,2,2,105,84,14,0
75,98,37.0,0,85,0,0,133,79,13,0
99,95,36.5,0,72,0,0,150,84,20,1
124,93,37.0,0,50,2,3,138,70,20,1
134,86,38.8,0,58,1,1,133,73,28,2
72,95,36.7,0,50,1,1,122,79,15,0
82,96,37.1,0,87,1,2,121,73,16,0
84,96,36.5,0,20,1,1,112,66,13,0
71,96,36.7,0,82,0,0,111,75,13,0
72,100,37.0,0,46,0,0,108,74,14,0
64,96,36.3,0,47,0,0,124,75,14,1
98,96,37.6,0,47,1,2,126,79,19,1
98,88,38.0,0,89,1,2,115,90,21,2
113,86,37.0,0,35,1,3,142,80,20,2
110,90,38.4,0,33,0,0,140,86,19,1
102,94,36.8,0,34,0,0,150,77,18,1
66,93,36.8,0,24,0,0,131,72,15,1
69,94,36.6,0,76,2,2,93,72,14,1
98,93,37.5,0,76,0,0,137,86,18,1
97,93,37.1,0,83,1,1,107,81,23,1
69,96,36.6,0,29,1,1,110,73,11,0
114,97,37.2,0,72,0,0,130,78,17,1
74,96,36.8,0,33,1,1,117,79,15,0
76,95,36.7,0,52,2,2,108,85,15,0
74,100,36.4,0,59,0,2,108,65,16,0
81,95,36.9,0,40,3,2,131,74,15,0
113,91,37.3,0,37,2,2,137,66,16,1
133,89,38.8,0,73,0,0,139,82,24,2
75,96,36.5,0,58,0,0,117,65,15,0
80,97,36.6,0,74,0,0,113,70,13,0
73,97,36.3,0,70,1,0,125,74,12,1
119,88,38.0,0,50,0,2,142,95,26,2
96,92,37.7,0,44,0,0,153,83,22,1
76,96,36.4,0,63,2,2,126,73,16,0
123,84,40.7,0,34,2,3,135,78,24,2
90,90,37.0,0,67,0,0,129,66,18,1
102,90,37.0,0,51,2,3,144,76,20,1
119,90,37.0,0,84,1,1,152,82,16,1
111,92,38.2,0,46,0,0,119,78,18,1
68,97,36.7,0,50,1,2,119,80,14,0
137,85,37.8,0,36,1,1,128,85,22,2
96,95,38.7,0,87,0,1,141,85,17,1
128,92,39.1,0,55,0,0,143,83,24,2
127,89,38.2,0,88,1,1,136,76,24,2
116,90,37.1,1,64,0,0,142,85,18,2
77,95,36.9,0,77,0,0,126,78,12,0
92,90,37.4,0,85,2,1,147,85,19,1
82,95,36.5,0,59,0,0,110,75,18,0
92,93,36.9,0,23,1,0,128,87,20,1
141,82,38.2,0,48,2,3,163,88,24,2
73,97,36.6,0,61,1,2,115,69,19,0
92,92,37.1,0,68,0,1,138,75,22,1
74,96,36.5,0,26,2,3,121,72,13,0
114,90,37.1,0,77,0,0,118,77,19,1
81,97,36.8,0,71,0,0,117,75,13,0
113,96,37.0,0,43,1,1,123,65,22,1
145,88,38.1,0,79,0,0,124,66,23,2
75,96,36.7,0,19,1,1,118,68,13,0
73,97,36.7,0,90,0,0,114,71,14,0
63,93,36.5,0,88,1,0,135,70,13,1
131,86,38.1,0,29,0,0,139,81,25,2
89,98,36.9,0,54,0,0,115,80,17,0
77,98,36.5,0,53,1,1,115,73,16,0
97,95,37.2,0,27,2,4,131,76,17,1
64,99,36.0,0,44,1,2,131,70,15,1
73,96,36.5,0,40,1,0,94,73,15,1
110,93,36.8,0,34,0,0,125,84,17,1
95,98,37.5,0,59,1,0,132,84,17,1
74,95,36.9,0,41,0,0,118,74,16,0
79,95,36.8,1,83,1,0,129,75,17,0
69,96,36.9,0,73,1,0,116,63,16,0
91,94,36.5,0,31,0,0,126,70,17,1
112,93,36.7,0,52,0,0,126,92,20,1
132,85,38.2,0,59,1,2,146,78,20,2
142,86,38.4,0,56,2,1,152,85,29,2
67,98,36.6,0,41,0,0,104,78,13,0
71,96,37.2,0,79,0,0,123,71,14,0
69,98,36.9,0,35,0,0,123,80,15,0
70,97,37.0,0,75,1,2,119,70,14,0
136,85,39.0,0,42,0,0,168,108,20,2
155,93,38.4,0,58,1,4,133,88,21,2
117,84,38.4,0,62,1,1,154,84,24,2
69,98,36.7,0,54,0,0,113,79,13,0
109,93,37.3,0,49,0,0,117,74,21,1
165,86,38.5,0,86,0,0,142,76,24,2
120,90,37.7,0,81,0,1,134,85,19,1
95,97,38.2,0,37,1,0,129,66,19,1
74,99,37.0,0,74,0,0,120,77,18,0
93,96,36.8,0,23,0,1,140,78,17,1
78,95,36.6,0,36,0,0,134,68,14,0
109,94,36.7,0,54,1,2,133,73,21,1
133,90,38.3,0,30,1,0,142,90,26,2
155,88,38.4,0,58,1,0,142,82,24,2
153,89,36.9,0,89,2,3,137,76,23,2
75,94,37.0,0,35,2,3,117,86,14,1
70,97,37.1,0,46,1,0,115,83,14,0
103,94,36.4,0,66,0,0,120,79,20,1
62,97,36.4,0,58,0,0,124,74,15,0
79,96,36.8,0,60,1,2,103,64,14,0
137,87,38.3,0,54,1,0,146,88,21,2
99,91,36.9,0,43,1,1,126,68,20,1
126,92,38.5,0,44,2,4,148,75,21,2
103,92,37.5,0,65,0,0,143,65,19,1
86,97,38.1,0,52,0,1,147,80,17,1
66,97,36.4,0,68,0,0,123,68,13,0
108,95,38.4,0,22,1,0,150,75,17,1
79,94,36.1,0,83,1,2,104,71,14,1
140,86,38.9,0,24,1,0,144,98,25,2
69,95,36.6,0,35,1,0,121,73,10,2
68,95,37.2,0,64,0,1,122,70,13,0
94,88,36.8,0,85,1,2,130,67,16,2
163,88,38.4,0,52,2,2,153,88,23,2
72,96,36.9,0,46,0,0,117,68,16,0
75,97,36.8,0,87,1,2,117,80,14,0
72,97,37.0,0,41,1,1,112,85,18,0
70,97,37.0,0,69,1,2,124,63,14,0
73,96,37.3,0,40,1,2,130,61,14,0
69,94,36.2,0,68,3,2,120,76,15,1
60,95,36.8,0,41,2,2,125,69,13,0
104,95,37.6,0,42,0,0,162,67,19,1
85,94,36.8,0,50,2,3,119,73,15,1
109,100,36.9,0,45,1,1,138,77,19,1
137,90,38.5,0,39,2,3,161,69,19,2
136,86,37.0,0,20,0,0,134,83,26,2
107,97,37.6,0,18,0,0,125,85,17,1
68,96,36.8,0,83,0,0,128,76,15,0
78,96,36.6,0,49,0,0,118,87,17,0
102,92,36.7,0,18,0,0,126,86,22,1
97,93,37.7,0,75,0,0,133,84,18,1
86,94,36.7,0,67,1,2,112,75,11,1
74,96,36.5,0,60,2,4,113,71,18,0
76,97,36.7,0,82,0,0,124,83,15,0
140,93,38.9,0,55,0,0,148,102,26,2
82,96,36.6,0,82,1,3,120,75,15,0
91,96,37.2,0,70,1,1,126,81,19,0
71,97,37.4,0,85,1,1,104,86,14,0
63,97,36.3,0,67,0,0,114,79,15,1
101,91,36.5,0,69,1,0,126,79,21,1
73,95,36.5,0,25,2,1,136,76,16,0
124,99,37.7,0,56,0,0,129,84,22,1
78,98,36.4,0,61,0,0,123,83,14,0
78,94,36.3,0,66,2,3,103,89,17,1
65,96,36.6,0,53,0,0,118,78,17,0
115,88,38.9,0,57,4,5,138,90,26,2
74,95,36.2,0,82,1,2,126,68,13,1
72,97,36.3,0,39,0,0,117,79,15,1
121,91,37.1,0,63,2,2,139,75,18,1
108,87,37.5,0,30,1,3,132,85,18,2
65,96,37.1,0,64,0,0,111,67,13,0
66,93,36.9,0,28,1,0,135,68,13,1
66,96,36.4,0,22,1,2,117,69,13,0
145,89,38.2,0,23,0,0,154,83,16,2
88,95,36.7,0,18,2,3,119,65,16,0
114,95,37.3,0,81,0,0,152,67,17,1
78,98,36.9,0,62,1,0,111,77,12,0
103,96,38.1,0,43,1,2,131,59,20,1
136,92,37.0,0,87,1,2,146,77,24,2
61,99,36.6,0,59,1,2,121,78,14,0
95,93,37.2,0,33,1,0,138,77,15,1
98,97,36.6,0,68,0,0,158,74,21,1
81,97,36.6,0,22,0,0,121,68,16,0
77,97,36.4,0,29,1,1,136,76,15,0
70,95,36.8,0,29,0,0,139,69,15,0
111,92,37.0,0,63,0,0,129,65,17,1
70,97,36.7,0,83,0,0,119,72,17,1
102,93,36.6,0,71,1,1,134,80,16,1
127,83,37.5,0,26,1,2,150,74,22,2
119,87,37.5,0,39,3,4,139,89,20,2
132,87,39.5,1,34,1,1,150,86,24,2
81,97,36.6,0,38,1,1,102,74,16,0
76,96,36.7,0,30,0,0,121,75,12,0
79,95,36.7,0,49,1,2,116,67,16,0
72,95,36.4,0,88,0,0,116,75,18,0
89,92,37.6,0,60,1,2,124,80,19,1
68,96,36.9,0,23,1,1,114,75,16,0
79,95,36.9,0,62,1,2,111,75,15,0
70,96,36.6,0,32,0,0,115,76,17,0
70,94,37.3,0,86,0,1,110,64,10,1
78,97,37.3,0,63,1,1,118,73,14,0
107,93,38.2,0,71,1,2,132,77,19,1
113,92,37.0,0,83,1,1,123,73,19,1
106,93,36.8,0,37,0,0,130,93,20,1
69,94,36.8,0,38,1,3,119,72,14,1
92,95,36.9,0,82,1,1,129,68,15,0
78,95,36.4,0,71,0,0,111,66,15,0
75,97,36.3,0,33,0,1,127,70,16,1
113,94,38.5,0,89,0,1,152,66,19,1
63,96,36.8,0,27,0,1,124,79,12,0
68,98,36.5,0,48,1,0,112,76,14,0
147,88,38.1,0,18,1,1,155,81,28,2
132,88,37.9,0,85,1,0,158,75,27,2
105,91,37.0,0,60,0,1,153,74,20,1
149,89,38.0,0,71,1,0,144,90,21,2
149,88,39.8,0,72,2,2,131,91,28,2
72,97,36.7,0,66,1,0,110,74,13,0
139,92,37.9,0,34,1,0,150,88,23,2
62,94,37.1,0,90,0,0,116,73,16,0
134,90,39.4,0,62,0,0,142,73,26,2
77,98,36.4,0,66,1,3,106,63,16,0
70,97,37.0,0,32,1,0,115,76,17,0
113,93,37.3,0,67,0,0,118,87,21,1
73,95,36.7,0,87,1,1,108,71,13,0
153,88,37.7,0,35,1,1,159,88,24,2
99,95,35.9,0,31,0,0,143,90,18,1
134,82,38.7,0,19,0,0,140,97,23,2
82,98,36.4,0,62,1,0,114,73,14,0
100,90,37.2,0,53,0,0,124,74,20,1
98,93,37.4,0,48,0,0,122,87,17,1
136,88,38.6,0,37,2,1,167,73,25,2
132,85,40.1,0,24,2,1,147,75,22,2
67,96,36.5,0,44,2,0,126,75,16,1
137,94,38.6,0,47,2,3,144,81,21,2
63,98,37.3,0,39,0,0,113,69,14,0
141,85,39.6,0,52,2,3,155,77,26,2
123,95,37.7,0,32,0,0,148,86,16,1
80,98,36.8,0,30,1,0,131,83,10,0
69,96,36.8,0,33,0,0,122,70,13,0
73,97,36.9,0,42,0,0,116,72,16,0
101,93,37.2,0,40,1,0,130,84,18,1
71,95,36.9,0,32,2,2,118,78,15,0
100,96,37.4,0,89,1,1,131,91,18,1
137,93,38.9,0,32,1,2,175,77,19,2
70,97,36.4,0,74,0,0,105,78,14,0
123,88,40.0,0,23,1,1,123,76,23,2
63,97,36.0,0,28,0,0,89,84,16,1
101,92,37.6,0,76,1,2,156,82,19,1
156,88,38.0,1,54,1,1,129,80,17,2
78,96,36.3,0,42,0,0,124,72,14,1
70,98,36.7,1,58,1,1,124,73,12,2
83,96,36.9,0,20,1,1,141,76,12,1
118,88,39.0,0,80,0,0,139,90,25,2
102,96,37.0,0,24,0,1,125,93,16,1
75,95,36.4,0,35,0,0,113,68,14,0
110,86,38.9,0,52,0,1,127,69,22,2
67,97,37.0,0,81,0,0,131,81,16,0
101,91,37.8,0,34,0,0,145,77,16,1
71,97,37.0,0,58,2,3,111,77,14,0
69,96,36.7,0,62,0,0,119,67,14,0
74,95,37.1,0,55,1,0,115,79,13,0
145,89,38.3,0,60,0,0,160,95,25,2
131,91,38.0,0,48,1,1,138,87,27,2
123,88,37.7,0,68,1,2,136,84,21,2
85,89,36.9,0,34,0,0,160,70,17,2
107,95,37.2,1,80,0,0,122,70,19,2
107,88,36.6,0,70,2,3,133,74,16,2
77,97,36.8,0,84,0,0,126,69,15,0
83,93,36.9,0,76,0,0,121,76,15,1
77,97,37.2,0,26,0,0,113,78,14,0
74,97,36.6,0,35,0,0,117,73,14,0
65,94,36.9,0,87,0,0,106,80,13,1
66,96,37.2,0,22,1,0,114,73,17,0
71,96,36.6,0,74,0,0,121,67,14,0
114,93,37.4,1,68,2,3,138,74,19,2
73,98,36.0,0,37,1,2,103,58,15,1
108,94,38.0,0,63,0,0,144,79,17,1
70,98,36.9,0,42,0,0,112,76,13,0
98,94,37.4,0,48,2,2,120,83,15,1
105,92,36.2,0,36,0,0,143,84,16,1
135,89,38.9,0,87,3,5,139,90,22,2
92,91,37.4,0,88,2,3,128,85,18,1
111,95,37.5,0,33,1,3,163,83,23,1
94,90,38.0,0,77,2,2,126,91,19,1
141,92,39.0,0,66,1,1,149,89,22,2
68,94,36.4,0,57,2,1,116,88,14,1
78,96,37.3,0,36,1,2,121,70,12,0
75,98,36.2,0,48,0,0,114,74,13,1
68,96,36.3,0,63,2,2,113,60,15,1
63,97,36.8,0,33,0,0,111,72,17,2
67,95,37.2,0,27,0,0,119,64,16,0
76,94,36.7,0,25,0,0,115,68,13,1
75,98,36.2,0,30,3,3,123,83,14,1
79,96,36.8,0,24,1,3,128,76,14,2
82,97,36.6,0,53,0,0,131,68,16,0
145,85,36.9,1,69,1,1,138,86,24,2
65,98,36.9,0,50,1,0,118,67,14,0
110,91,37.6,0,55,1,4,140,81,19,1
67,96,36.8,0,54,2,3,126,80,15,0
116,94,37.2,0,51,0,0,123,78,16,1
69,98,36.4,0,57,0,0,133,71,14,0
73,97,36.9,0,27,2,3,119,64,12,0
106,92,37.2,0,18,0,0,140,70,17,1
70,96,36.9,0,66,1,2,115,70,14,0
77,97,37.0,0,74,0,0,121,88,16,0
115,92,36.3,0,78,0,0,155,80,17,1
69,97,36.5,0,58,1,1,115,79,11,0
75,96,36.4,0,27,1,0,136,87,16,0
68,96,36.4,0,66,0,0,127,71,14,0
145,88,39.1,0,85,0,1,136,86,20,2
77,94,36.8,0,61,0,0,125,66,13,1
128,84,39.4,0,44,0,0,159,86,25,2
121,94,37.4,0,51,0,1,132,79,17,1
139,89,38.2,0,54,0,0,142,93,20,2
108,92,37.6,0,84,0,0,147,73,18,1
116,87,37.0,0,57,2,2,126,80,19,2
101,91,37.6,0,83,1,2,154,82,18,1
70,94,36.7,0,24,0,0,113,65,15,1
92,89,37.3,0,64,0,0,120,82,20,2
80,97,36.8,0,43,1,2,96,71,16,0
71,96,36.8,0,27,1,2,142,65,14,2
142,90,38.4,0,55,1,0,138,72,25,2
69,98,36.5,0,52,1,1,115,76,16,0
103,96,36.9,0,26,0,0,106,72,16,1
73,96,36.7,0,51,2,3,123,81,11,0
78,97,36.2,0,65,1,0,110,66,14,1
88,95,36.7,0,64,3,5,128,87,15,0
138,86,37.9,0,46,1,2,136,84,21,2
80,96,36.1,0,67,3,4,110,76,16,1
105,91,37.3,0,51,0,1,132,75,15,1
105,97,37.7,0,67,1,2,124,85,19,1
76,94,36.5,0,83,0,0,119,80,15,1
68,97,36.9,0,45,0,0,122,72,15,0
100,94,37.9,0,58,2,2,141,72,19,1
69,94,36.5,0,78,2,1,109,81,15,1
70,98,36.5,0,41,0,0,119,71,13,0
78,97,36.9,0,38,0,0,117,75,17,0
73,98,36.5,0,74,1,2,115,78,15,0
80,96,36.9,0,35,2,3,129,80,12,0
104,92,38.6,0,56,0,2,117,92,17,1
70,97,36.8,0,52,0,0,131,76,14,0
86,97,36.5,0,42,0,1,109,68,11,0
76,94,36.3,0,66,1,2,131,76,17,1
115,89,37.5,0,46,0,0,142,63,25,2
79,95,36.8,0,51,0,0,124,80,16,0
65,96,36.7,0,52,0,0,134,61,14,0
101,94,37.8,0,52,0,1,140,79,20,1
114,94,36.7,0,38,1,0,118,81,19,1
79,96,37.6,0,72,2,3,107,81,14,1
64,100,36.7,0,20,0,0,132,72,15,0
95,98,35.9,0,58,0,0,126,86,21,1
124,84,37.7,0,35,1,2,134,91,23,2
82,96,36.8,0,80,0,0,110,73,14,0
104,98,37.6,0,72,0,0,140,78,21,0
94,96,37.1,0,46,0,1,139,81,22,1
102,92,36.4,0,24,0,0,126,77,21,1
101,87,37.4,0,48,3,4,129,63,20,2
139,88,37.9,0,68,0,0,145,77,22,2
69,99,36.7,0,50,0,0,116,82,15,0
152,88,39.8,0,45,0,0,143,75,18,2
74,98,36.4,0,85,0,0,108,74,12,0
98,91,37.6,0,55,0,0,137,85,16,1
80,97,36.3,0,83,1,3,110,74,14,1
136,91,38.6,0,41,1,3,143,101,27,2
70,95,37.0,0,44,0,0,111,72,16,0
79,96,36.2,0,57,0,0,121,79,15,1
120,95,39.0,0,89,0,1,138,83,23,2
75,98,36.7,0,79,1,1,108,72,15,0
73,99,37.0,0,52,0,0,115,81,13,0
110,94,37.9,0,83,1,1,137,85,21,1
138,82,38.4,0,83,0,0,162,107,23,2
80,99,36.9,0,70,1,1,123,77,14,0
62,99,36.6,0,82,0,0,115,78,14,0
73,98,36.9,0,83,0,0,127,61,15,0
73,99,36.3,0,75,0,0,132,75,15,1
68,96,36.8,0,88,1,1,122,70,14,0
60,100,36.9,0,39,1,1,132,69,15,1
119,86,39.7,0,24,1,0,139,70,19,2
109,97,38.1,0,78,1,0,138,73,18,1
120,92,37.2,0,79,0,0,130,75,20,1
109,90,37.0,0,62,0,0,127,70,18,1
136,92,38.7,0,40,0,0,150,84,19,2
76,98,36.8,0,57,3,3,133,78,15,0
73,97,36.2,0,38,0,0,115,76,15,1
136,91,38.7,0,25,2,3,151,65,28,2
109,93,38.3,0,53,0,0,149,67,16,1
91,93,36.6,0,54,1,1,129,80,19,1
125,86,39.0,0,21,0,0,116,85,27,2
107,91,37.3,0,81,0,0,128,81,15,1
70,95,37.2,0,53,1,0,111,57,15,0
80,96,36.8,0,70,2,2,110,82,13,1
132,86,39.2,0,22,0,0,134,75,24,2
126,91,38.4,0,26,0,0,125,85,25,2
63,98,36.9,1,52,1,0,131,77,13,2
82,95,36.0,0,33,3,5,115,69,16,1
103,97,38.2,0,40,0,0,120,58,22,1
117,90,36.5,0,75,0,0,129,80,19,1
78,96,36.5,0,63,1,1,110,67,15,0
116,94,37.7,0,55,5,8,127,78,18,1
100,92,38.0,0,80,0,0,160,75,16,1
67,97,36.8,0,47,0,0,109,61,13,0
83,98,36.6,0,79,1,0,115,79,14,0
74,97,36.5,0,53,1,2,114,75,14,0
126,92,37.8,0,80,1,0,151,81,28,2
77,96,36.6,0,26,2,3,130,73,14,0
92,90,37.1,0,55,1,0,130,75,17,1
97,96,38.2,0,89,0,0,143,77,19,1
61,97,37.0,0,47,1,0,121,73,14,0
79,97,36.7,0,72,0,0,108,67,14,0
100,96,38.6,0,41,1,0,162,79,22,1
123,88,38.2,0,45,2,3,140,79,23,2
68,99,36.6,0,65,1,3,105,68,16,0
69,96,36.9,0,78,1,1,124,68,16,0
104,94,37.6,0,21,0,1,117,79,17,1
76,95,37.0,0,34,0,0,117,72,15,0
88,96,36.6,0,76,1,2,124,79,14,0
110,91,37.6,0,75,1,0,134,69,18,1
113,92,38.2,0,90,1,2,121,71,19,1
75,95,36.3,0,66,0,0,120,89,14,1
95,94,37.0,0,71,0,0,137,76,17,1
92,95,37.4,1,89,0,0,146,75,16,2
88,99,36.4,0,68,1,1,105,78,14,0
79,97,36.9,0,70,0,0,125,80,15,0
143,95,38.5,0,71,2,2,179,75,25,2
109,93,38.1,0,48,0,1,126,69,17,1
105,95,38.1,0,80,1,2,125,82,17,1
71,96,36.4,0,79,2,4,118,81,15,1
75,98,37.1,0,29,0,0,111,82,14,0
144,86,38.4,0,32,0,0,149,91,30,2
73,97,37.1,0,82,1,1,110,75,15,0
75,93,36.7,0,38,2,3,121,77,16,1
68,95,36.8,0,48,0,0,126,76,16,0
158,89,39.5,0,84,1,2,135,84,19,2
118,83,39.5,0,62,1,2,169,84,31,2
79,95,35.8,0,85,1,2,124,75,16,1
137,85,38.5,0,68,1,0,140,98,21,2
160,88,38.9,0,71,1,1,165,96,18,2
108,90,37.1,0,29,0,0,140,72,18,1
113,96,37.3,0,77,1,0,120,70,21,1
76,95,36.5,0,61,0,0,100,61,11,0
77,97,36.9,0,80,2,4,137,76,14,1
79,98,36.8,0,60,0,0,125,82,13,0
68,96,36.7,0,37,2,0,104,70,15,0
89,91,38.0,0,55,0,0,156,85,19,1
72,95,36.2,0,44,0,0,114,75,17,1
66,96,36.3,0,48,0,2,128,86,15,1
107,91,37.8,0,39,2,1,155,72,19,1
111,90,37.4,0,31,0,0,127,76,21,1
140,87,38.7,0,77,0,0,133,92,22,2
130,94,37.3,0,61,1,0,145,86,21,2
161,85,38.7,0,38,1,1,146,86,19,2
75,93,36.3,0,80,2,2,114,84,13,1
149,85,38.9,0,19,0,0,127,80,26,2
136,95,38.8,0,24,1,1,161,83,24,2
95,93,38.1,0,71,0,0,104,90,20,1
144,82,39.5,0,29,0,0,154,83,26,2
72,96,36.8,0,67,0,0,110,79,12,0
121,95,37.5,0,26,1,1,142,89,20,1
69,95,36.9,0,22,1,2,129,75,17,0
72,99,37.0,0,65,1,0,127,78,13,0
110,91,37.1,0,46,3,4,125,91,18,1
64,95,36.8,0,65,2,4,116,76,14,0
93,97,38.0,0,28,1,1,130,76,19,1
76,94,36.3,0,69,2,3,100,87,12,1
62,97,36.2,0,81,0,0,113,69,15,1
148,80,38.7,0,46,2,2,117,82,21,2
92,94,37.9,0,74,1,1,112,79,21,1
72,92,37.1,0,43,2,5,120,67,14,1
95,93,37.6,0,63,1,2,113,70,18,1
75,97,36.8,0,74,0,0,116,85,14,0
134,95,37.9,0,86,0,0,140,92,23,2
100,94,37.2,0,54,2,2,147,75,15,1
64,97,36.9,0,45,3,4,123,75,13,0
82,99,36.5,0,58,0,0,119,75,14,0
105,85,38.8,0,53,0,0,142,79,18,2
89,96,36.6,0,25,1,1,123,80,13,0
112,97,38.3,0,29,0,0,134,81,16,1
72,95,36.4,0,89,3,5,117,73,12,1
113,97,37.3,0,68,2,3,125,79,16,1
70,95,36.0,0,36,1,1,126,78,15,1
111,96,37.2,0,64,0,0,121,72,22,1
70,98,37.3,0,87,0,0,120,76,19,0
110,90,37.5,0,38,1,0,143,76,18,1
59,97,36.6,0,19,0,0,135,68,16,0
70,95,36.7,0,58,1,1,118,67,17,0
76,96,36.7,0,67,0,0,106,82,14,0
77,95,36.9,0,66,2,2,125,61,13,0
99,96,36.9,0,72,0,0,144,62,16,1
76,97,36.6,0,61,2,2,134,76,11,0
72,95,36.9,0,20,0,0,112,79,13,0
69,98,36.8,0,37,0,0,116,71,14,0
103,90,37.3,0,60,0,0,132,83,18,1
104,92,38.0,0,29,0,0,132,70,21,1
147,89,37.6,0,86,1,0,150,86,28,2
70,94,37.0,0,23,1,3,122,78,14,1
113,94,37.0,0,63,1,1,132,76,21,1
77,96,36.5,0,80,1,2,108,71,16,0
95,92,37.0,0,74,0,0,149,85,20,1
72,95,37.2,0,58,0,0,127,83,17,0
78,97,36.6,0,36,2,2,112,72,14,0
146,83,37.5,0,45,4,5,141,76,27,2
80,95,36.4,0,53,0,0,126,76,15,0
156,88,39.0,0,54,1,0,154,85,24,2
128,95,38.8,0,25,1,0,134,84,18,2
100,92,37.1,0,51,0,0,131,72,15,1
98,89,37.8,0,25,0,0,128,84,20,2
63,95,36.7,0,25,0,0,121,81,15,0
120,96,37.5,0,47,0,0,119,77,18,1
69,99,36.5,0,30,0,0,89,76,15,1
85,96,36.4,0,85,2,2,117,74,14,1
73,99,36.9,0,79,1,2,123,84,12,0
102,95,37.6,0,40,1,2,136,85,16,1
104,97,37.6,0,33,0,0,123,69,18,1
77,95,36.5,0,38,1,1,111,68,19,0
101,88,37.3,0,56,0,0,141,79,21,2
139,92,38.8,0,31,0,0,166,95,24,2
69,98,36.9,0,27,1,0,123,74,14,0
116,89,38.5,0,42,0,1,129,92,20,2
69,98,36.8,0,46,0,0,111,70,13,0
138,86,38.6,0,59,0,0,152,91,24,2
116,92,37.3,0,54,1,0,113,77,18,1
132,89,40.0,0,21,1,1,155,92,32,2
64,99,36.5,0,50,1,0,119,73,15,0
68,97,36.9,0,60,0,0,119,75,14,0
80,92,36.4,0,62,4,6,124,69,16,1
73,96,36.6,0,82,0,0,95,66,13,0
108,93,36.9,0,39,0,0,151,74,17,1
109,91,37.9,0,58,2,3,130,81,19,1
60,99,36.9,0,86,0,0,109,81,15,0
62,98,36.7,0,63,1,1,126,68,15,0
127,93,39.0,0,32,3,3,160,82,25,2
74,96,37.1,0,26,1,1,107,67,13,0
68,95,36.3,0,50,2,1,132,78,13,1
72,96,37.0,0,81,1,1,115,78,14,0
145,78,37.5,0,30,1,1,140,87,26,2
134,84,39.2,1,89,1,2,170,91,20,2
140,81,39.3,0,59,0,0,173,89,25,2
71,96,36.9,0,42,0,0,130,71,14,0
65,96,36.6,0,27,0,1,115,77,11,0
99,89,37.1,0,76,0,0,142,85,18,2
152,79,38.0,0,85,0,0,137,85,19,2
103,94,36.9,0,54,0,0,148,93,15,1
110,95,38.1,0,51,1,2,145,74,21,1
91,95,37.5,0,22,0,1,132,86,17,0
78,97,36.8,0,85,0,0,115,79,14,0
103,94,37.3,0,79,1,0,127,77,18,1
110,96,38.1,0,23,0,0,134,75,18,1
82,100,36.7,0,75,1,1,108,68,15,0
115,93,37.9,0,42,0,0,118,79,18,1
66,99,37.2,0,55,0,0,121,85,14,0
75,98,36.6,0,58,2,2,121,74,15,0
148,86,37.6,0,77,2,2,156,91,24,2
63,96,37.0,0,61,0,0,107,74,12,0
88,97,37.7,0,29,1,0,130,86,16,0
71,96,36.5,0,49,1,0,114,74,14,0
77,97,36.6,0,35,0,0,131,72,15,0
65,98,36.3,0,27,1,2,112,65,16,1
77,97,36.7,0,49,1,0,127,81,12,0
62,93,36.9,0,75,3,5,130,71,11,1
76,96,36.5,0,25,4,5,125,77,13,0
145,84,39.3,0,78,0,0,148,92,32,2
103,93,37.0,0,60,0,0,123,82,22,1
71,97,36.5,0,62,0,0,107,88,14,0
92,91,37.5,0,36,0,0,136,77,14,1
122,93,37.6,0,89,2,4,135,76,20,1
97,93,37.2,0,61,2,3,134,74,20,1
145,88,38.4,0,71,1,3,143,84,28,2
114,95,38.7,0,60,2,4,135,84,16,1
103,91,38.0,0,52,1,1,131,77,20,1
79,96,36.0,0,65,2,3,124,69,17,1
79,97,36.7,0,82,1,2,130,81,15,0
67,96,36.1,0,59,2,2,136,75,15,1
70,98,37.0,0,72,0,0,113,72,14,0
115,93,37.5,0,81,0,0,132,76,16,1
73,98,36.8,0,35,1,0,126,66,17,0
66,94,36.8,0,40,0,0,112,78,14,1
73,98,36.7,0,41,0,0,114,71,13,0
131,90,38.3,0,85,0,0,128,69,18,2
68,97,36.6,0,40,1,0,127,68,12,0
82,98,36.8,0,86,0,0,104,82,15,0
69,95,37.2,0,41,1,0,102,85,15,0
112,90,37.0,0,85,2,2,140,85,14,1
104,90,36.6,0,21,2,3,112,102,20,1
61,97,36.5,0,83,0,0,122,65,13,0
133,87,38.7,0,79,0,0,149,85,23,2
71,98,36.4,0,90,1,2,118,74,16,0
101,92,37.0,0,21,2,2,101,87,22,1
69,94,36.3,0,75,0,0,111,72,15,1
110,94,37.3,0,31,1,1,134,77,19,1
81,96,36.9,0,20,1,1,134,71,15,0
138,89,38.2,0,67,0,0,102,83,21,2
78,96,36.5,0,51,0,0,123,71,16,0
68,98,36.9,0,48,0,0,120,68,16,0
137,84,38.7,0,59,1,2,135,70,27,2
63,96,36.5,0,21,0,0,116,80,13,0
65,97,36.8,0,45,0,2,125,77,15,0
101,96,38.1,0,62,1,1,162,85,20,1
112,93,37.3,0,20,1,1,127,74,23,1
107,93,37.6,0,74,0,0,142,68,17,1
136,82,37.5,0,46,0,2,145,73,26,2
72,97,37.1,0,51,0,0,105,68,15,0
74,97,37.0,0,48,1,0,128,75,14,0
88,94,36.7,0,87,2,2,117,74,16,1
68,97,36.3,0,18,0,1,133,73,19,1
74,99,36.7,0,26,0,0,109,76,15,0
74,97,36.9,0,71,2,3,121,64,14,1
71,96,36.6,0,57,0,0,115,79,14,0
100,99,37.1,0,62,0,0,126,75,17,1
103,92,37.2,0,28,0,0,124,80,17,0
71,98,36.6,0,33,0,0,119,90,15,0
145,87,38.1,0,28,0,0,156,85,26,2
81,96,36.7,0,34,0,1,104,75,17,0
82,94,36.4,0,37,1,1,105,86,18,1
69,96,36.5,0,83,0,0,103,80,13,0
86,96,36.3,0,32,1,0,117,78,14,1
102,91,37.0,0,76,0,1,121,66,16,1
60,99,37.1,0,66,0,1,112,72,15,0
153,92,37.8,0,67,0,0,149,83,30,2
95,94,37.2,0,84,0,1,121,81,19,1
75,96,37.3,1,34,1,1,121,74,12,2
71,94,37.1,0,88,1,0,113,77,13,1
72,97,36.6,0,75,0,0,110,74,15,0
70,98,36.8,0,56,0,0,137,76,13,0
113,95,37.5,0,86,0,0,139,80,17,1
75,95,37.1,0,78,1,1,106,74,12,0
89,96,37.3,1,87,3,5,120,73,15,2
107,91,37.2,0,57,4,5,132,81,18,1
130,94,38.6,0,42,0,1,163,95,21,2
151,90,38.7,0,72,1,1,147,89,23,2
75,96,36.4,0,54,1,1,118,68,14,0
75,95,36.4,0,64,0,0,116,79,15,0
75,94,37.1,0,40,2,2,108,81,16,1
142,85,38.5,0,89,2,3,162,68,26,2
95,93,37.6,0,20,0,0,152,85,21,1
145,93,38.4,0,80,0,0,159,73,24,2
111,86,37.4,0,47,1,1,151,76,19,2
75,97,36.7,0,89,0,0,125,90,12,0
79,96,36.0,0,71,0,0,121,64,14,1
103,88,37.1,0,76,1,0,129,71,18,2
104,95,37.7,0,69,0,0,137,70,18,1
69,96,36.8,0,77,1,1,125,81,17,0
99,96,37.5,0,45,0,0,127,81,21,1
96,90,38.1,0,80,2,3,127,79,21,1
136,88,38.6,0,79,0,0,159,82,27,2
75,96,36.7,0,81,2,3,116,60,13,1
108,91,37.7,0,26,1,0,138,77,21,1
57,97,37.3,0,84,0,0,116,75,14,0
109,94,37.3,0,42,0,2,145,83,19,1
108,95,37.3,0,49,1,1,106,96,17,1
74,98,37.1,0,65,0,0,127,79,14,0
79,96,36.9,0,37,0,0,112,74,16,0
131,90,36.9,0,34,0,0,141,88,21,2
129,81,38.7,0,66,1,0,149,80,27,2
99,91,38.1,0,58,0,0,114,91,19,1
93,93,37.3,0,36,2,4,133,91,22,1
79,97,37.1,0,55,0,0,115,69,13,0
132,88,38.6,1,50,2,4,130,82,21,2
63,95,36.9,0,18,3,4,96,74,16,0
108,92,37.7,0,45,0,1,122,80,17,1
105,95,36.7,0,56,0,0,117,76,17,1
80,97,36.4,0,69,0,0,115,71,14,0
77,96,36.2,0,59,0,0,128,65,16,1
112,94,37.5,0,80,3,3,126,74,22,1
66,97,36.8,0,47,2,3,111,82,14,0
94,96,37.5,0,30,1,0,143,65,18,1
137,86,38.8,0,73,0,0,135,77,25,2
121,91,39.7,0,61,1,1,157,86,18,2
69,94,36.8,0,48,0,0,113,76,13,1
64,96,36.5,0,80,0,1,119,84,14,0
100,97,37.8,0,36,0,0,139,70,21,1
107,95,36.8,0,19,1,2,109,76,15,1
123,81,38.4,0,35,1,2,157,83,25,2
68,97,36.7,0,36,1,0,127,83,13,0
69,96,36.6,0,88,0,0,108,63,13,0
105,93,37.3,0,83,0,0,130,74,17,1
59,95,36.4,0,71,0,0,117,84,17,0
65,94,36.9,0,82,2,3,136,66,15,1
59,98,36.6,0,64,1,2,125,69,14,0
95,90,37.8,0,84,0,0,137,81,18,1
75,97,36.7,0,81,0,0,106,81,16,0
64,96,36.9,0,54,1,0,119,76,15,0
100,94,36.8,0,36,0,0,133,81,17,1
68,98,36.5,0,46,0,1,110,68,15,0
73,96,36.3,0,89,1,2,133,78,17,1
82,97,36.9,0,36,1,1,114,69,14,0
83,98,36.1,0,90,0,0,144,82,14,1
77,95,36.7,0,82,1,1,106,76,16,0
69,97,36.0,0,65,0,0,104,73,14,1
110,97,37.3,0,43,1,0,137,75,17,1
151,89,38.8,0,49,0,0,134,87,29,2
72,96,36.8,0,77,2,3,105,76,16,1
79,96,36.8,0,49,0,0,126,80,14,0
108,90,37.5,0,49,0,0,109,77,18,1
69,94,36.7,0,81,0,0,97,74,14,1
98,95,37.7,0,22,0,0,133,84,18,1
105,96,38.0,0,69,0,0,127,91,18,0
78,95,37.0,0,74,0,0,117,74,13,0
134,90,39.4,0,78,3,4,172,87,26,2
114,94,37.7,0,77,0,0,116,69,20,1
78,96,36.0,0,60,0,2,121,78,17,1
104,96,37.4,0,55,2,2,147,82,21,1
116,91,37.5,0,37,0,0,133,80,17,1
130,96,38.6,0,40,2,2,146,77,25,2
116,91,37.4,0,52,1,0,118,75,17,1
75,95,36.7,0,51,0,0,118,72,16,0
81,97,36.5,0,40,1,0,107,78,13,0
107,93,37.6,0,59,0,0,139,84,20,1
67,97,36.6,0,86,1,2,123,71,15,0
70,96,36.1,0,30,0,0,110,70,15,1
107,92,36.9,0,31,0,0,125,75,18,1
74,100,37.1,0,81,0,0,136,71,13,0
73,95,36.4,0,54,2,2,123,68,15,0
65,99,36.4,0,24,0,0,127,77,14,0
81,100,37.4,0,31,1,0,110,74,13,0
154,80,39.1,0,55,1,0,142,67,28,2
151,91,39.2,0,72,1,1,133,88,26,2
70,94,36.6,0,77,0,0,106,68,14,0
63,98,37.2,0,31,2,1,125,80,15,0
79,99,36.6,0,80,1,0,126,63,15,0
154,85,38.6,0,59,2,2,157,91,26,2
72,98,36.8,0,44,1,2,130,78,12,0
101,94,38.0,0,65,1,0,145,75,20,1
107,92,37.3,0,78,1,1,122,76,18,1
79,98,36.7,0,59,0,1,117,68,15,0
127,82,38.5,0,43,1,3,147,78,24,2
75,93,37.0,0,43,2,6,132,78,11,1
70,97,36.6,0,69,0,1,116,72,17,2
69,96,36.8,0,54,2,3,111,88,14,0
73,94,36.1,0,58,0,0,116,74,14,1
111,97,37.7,0,30,0,0,143,83,17,1
103,95,37.4,0,75,2,3,157,74,17,1
78,97,37.3,0,88,1,3,136,70,16,0
80,96,36.8,0,24,1,2,124,67,15,0
139,90,38.6,0,74,0,0,146,83,16,2
83,95,37.0,0,72,1,0,124,70,13,0
143,85,39.5,0,58,0,0,175,77,25,2
111,91,37.2,0,46,1,1,119,78,18,1
97,96,36.9,0,56,0,0,140,68,16,1
73,97,36.9,0,43,1,1,105,74,16,0
82,91,36.7,0,85,1,1,123,75,13,1
145,86,38.4,0,29,1,1,158,80,25,2
65,96,36.7,0,18,0,0,123,76,15,0
104,94,37.9,0,43,1,1,132,90,15,1
76,94,36.2,0,87,3,4,115,62,14,1
72,97,36.2,0,69,1,4,127,84,12,1
140,84,38.5,0,45,2,2,173,67,25,2
98,91,37.0,0,86,1,1,167,79,17,1
73,98,36.3,0,21,1,2,111,75,12,1
77,100,37.3,0,24,0,0,98,78,13,0
65,98,36.8,0,82,0,0,109,79,12,0
69,94,36.5,0,53,1,3,117,74,13,1
106,91,37.5,0,36,0,1,124,75,19,1
70,96,37.1,0,50,0,0,132,76,15,0
142,93,38.4,1,52,1,1,153,83,23,2
149,84,38.3,0,38,0,0,130,79,18,2
72,98,36.5,0,61,1,0,124,74,13,0
99,94,37.4,0,75,1,1,121,96,16,1
97,92,37.2,0,43,1,2,111,79,19,1
129,86,37.9,0,63,1,1,145,74,22,2
70,96,37.0,0,58,1,0,125,77,18,0
109,94,37.9,0,46,0,0,120,71,21,1
61,98,37.1,0,45,1,0,111,76,14,0
79,98,36.8,0,58,1,0,136,73,15,0
125,89,38.8,0,27,0,0,140,64,22,2
70,92,36.8,0,45,2,2,123,69,14,1
66,96,36.5,0,58,0,0,120,79,13,0
129,84,38.6,0,47,1,1,138,73,21,2
114,92,37.5,0,54,1,0,140,85,20,1
141,85,38.1,0,69,0,0,136,81,22,2
92,88,37.6,0,32,1,0,140,78,16,2
71,97,37.0,0,32,0,0,129,70,13,0
72,95,36.8,0,34,0,0,125,81,15,0
131,92,38.6,0,72,1,0,141,91,25,2
140,82,39.3,0,19,1,3,146,87,24,2
141,83,39.5,0,45,0,0,154,77,27,2
66,94,36.9,0,49,0,0,99,74,16,1
71,98,36.8,0,41,0,0,127,86,14,0
92,93,38.5,0,75,0,0,120,82,18,1
72,98,36.5,0,42,0,0,113,68,16,0
75,96,37.1,0,72,1,2,128,77,13,0
66,98,36.9,0,27,0,0,120,72,14,0
70,97,36.3,0,70,0,0,125,78,14,1
96,90,37.0,0,20,0,0,118,73,18,1
98,99,37.2,0,21,0,0,120,79,19,1
151,84,39.7,0,39,2,0,158,88,24,2
58,94,36.5,0,57,0,0,95,64,13,1
77,98,37.1,1,79,2,2,120,72,16,2
115,89,37.1,0,67,1,0,137,84,19,2
113,91,38.0,0,58,1,1,137,85,20,1
72,94,36.9,0,79,0,1,126,78,14,1
65,97,36.7,0,45,2,4,116,74,15,0
77,96,36.5,0,44,0,0,116,88,16,0
73,98,36.8,0,52,0,0,126,73,12,0
77,97,36.6,0,33,2,2,115,89,15,0
133,87,38.3,0,44,0,0,149,83,21,2
76,97,36.6,0,44,1,0,124,74,17,0
71,94,36.0,0,56,1,0,95,76,14,1
126,92,39.9,0,64,0,0,150,83,27,2
85,93,36.7,0,80,1,1,109,79,12,1
90,97,36.4,0,62,0,0,116,59,15,0
109,94,37.7,0,85,2,3,147,85,20,1
82,97,36.7,1,84,0,2,133,78,15,2
102,93,37.9,0,82,0,0,110,85,16,1
78,97,37.1,0,42,0,0,121,68,14,0
68,99,36.7,0,44,0,0,130,69,16,0
67,98,36.6,0,55,0,0,124,72,16,0
96,95,37.9,0,58,0,0,130,75,19,1
111,91,36.9,0,53,1,1,129,87,18,1
141,90,38.2,0,64,0,0,145,93,26,2
64,99,36.2,0,33,2,2,120,67,12,1
79,96,36.6,0,31,1,3,113,66,15,0
100,94,36.2,0,22,2,2,132,88,18,1
134,87,39.1,0,57,0,1,132,68,23,2
126,82,37.6,0,60,0,0,159,80,24,2
100,93,37.5,0,76,0,0,117,87,20,1
105,90,37.4,0,48,1,2,127,77,19,1
95,95,36.6,1,68,0,0,147,80,19,2
62,97,36.9,0,42,1,1,126,74,13,0
137,82,38.6,0,65,1,3,155,92,26,2
110,91,37.4,0,68,2,2,137,77,19,1
103,98,37.3,0,55,1,0,112,79,17,1
65,99,36.8,0,77,1,0,129,71,16,0
143,91,38.0,0,67,1,0,162,78,20,2
73,100,36.9,0,28,1,1,124,80,16,0
109,95,37.9,0,43,1,1,146,72,16,1
71,96,36.7,0,69,1,1,121,75,17,0
71,97,36.7,0,63,0,0,127,69,18,0
73,97,36.6,0,70,0,1,128,71,14,0
71,98,37.1,0,72,2,0,124,69,15,1
104,96,36.9,0,83,0,0,134,76,16,1
118,98,37.4,0,27,0,0,138,80,16,1
76,95,36.1,0,49,1,2,125,87,16,1
105,94,38.2,0,62,0,0,136,73,17,1
120,82,38.3,0,50,0,0,156,89,23,2
72,97,36.9,0,36,1,0,129,75,13,0
73,98,36.3,0,38,1,1,127,65,15,1
164,88,39.3,0,20,0,0,145,86,24,2
70,96,36.6,0,28,1,0,124,76,16,0
106,90,37.4,1,38,0,0,106,83,20,2
93,91,38.1,0,42,0,0,149,71,21,1
74,96,36.7,0,19,1,2,120,68,15,0
75,97,37.1,0,22,1,0,115,70,12,0
73,98,36.4,0,55,0,0,137,68,16,0
108,93,37.2,0,31,0,0,143,72,18,1
113,94,37.7,0,37,1,1,146,82,19,1
70,96,37.0,0,24,0,0,116,67,13,1
91,94,37.7,0,58,3,4,148,80,18,1
71,97,37.1,0,80,0,0,106,83,14,0
92,92,37.5,0,57,0,0,143,79,21,1
79,96,37.3,0,51,2,1,111,71,13,0
133,95,37.7,0,79,0,0,127,94,26,2
64,96,36.7,0,55,0,2,101,76,16,0
107,95,37.9,0,54,0,0,126,76,21,1
79,99,36.6,0,50,1,0,111,67,15,0
130,89,39.3,0,89,1,3,129,86,22,2
67,94,36.3,0,18,0,0,111,73,14,1
69,94,36.3,0,86,1,2,117,74,16,1
106,92,37.5,0,87,1,3,126,78,17,1
73,99,37.1,0,34,0,0,124,76,13,0
99,89,37.0,0,73,1,2,144,72,18,2
83,90,37.3,0,40,4,7,149,82,17,2
70,95,36.4,0,24,0,0,129,75,12,0
132,87,38.8,0,84,0,0,138,83,22,2
98,93,38.2,0,51,1,1,131,76,21,1
136,81,37.6,0,32,1,1,155,81,25,2
71,97,36.3,0,89,0,0,122,82,15,1
114,93,37.4,0,79,0,0,118,73,18,1
107,91,37.9,0,75,2,3,137,80,19,1
78,96,37.0,0,40,1,1,106,71,16,0
68,96,36.8,0,65,0,0,118,74,13,0
67,94,36.7,0,56,0,0,113,64,14,1
104,91,37.5,0,28,0,0,137,69,20,1
147,92,37.9,0,45,2,2,171,83,20,2
100,93,36.4,0,24,0,0,130,83,18,1
85,96,37.2,0,46,0,0,129,73,17,0
103,90,37.4,0,64,1,2,132,80,19,1
141,89,39.5,0,77,1,4,167,75,24,2
59,95,36.4,0,48,0,0,119,72,14,0
91,87,38.0,0,69,2,4,157,88,18,2
131,96,38.4,0,50,0,1,189,96,23,2
68,94,36.5,0,21,0,1,125,81,16,1
102,94,37.1,0,50,0,0,114,76,14,1
90,94,36.9,0,19,3,4,127,74,16,1
99,93,37.7,0,72,0,0,125,88,19,1
71,95,36.5,0,82,2,3,123,70,14,1
74,94,36.6,0,30,0,1,118,76,15,1
66,95,36.4,0,38,2,3,111,70,16,0
97,94,37.9,0,58,1,0,117,82,17,1
119,80,38.4,1,87,0,0,149,91,22,2
97,93,37.9,0,29,2,2,114,80,21,1
74,96,37.5,0,24,0,0,130,76,17,0
73,95,37.2,0,73,0,0,125,73,14,0
99,95,37.0,0,33,1,1,115,91,17,1
134,90,38.0,0,57,0,0,123,99,21,1
68,96,36.6,0,54,0,0,113,72,15,0
77,97,36.9,0,57,0,0,118,82,15,0
114,91,37.7,0,56,0,0,134,82,18,1
67,98,37.3,0,52,1,0,132,67,13,0
94,94,37.1,0,52,1,0,138,75,24,1
94,94,38.7,0,38,1,0,116,69,16,1
93,91,37.5,0,86,0,2,153,89,17,1
59,95,37.2,0,62,0,0,114,83,16,0
82,94,36.9,0,27,2,2,126,70,15,1
78,100,36.2,0,64,0,0,120,71,16,1
96,94,37.8,0,18,1,0,140,81,18,1
104,94,37.6,0,74,1,1,131,67,19,1
95,92,38.1,0,60,0,0,144,85,18,1
96,89,36.8,0,50,0,2,138,76,23,2
71,95,36.6,0,42,1,1,113,70,16,0
76,95,36.6,0,47,0,0,124,75,15,0
70,97,36.3,0,43,0,0,124,79,14,1
133,92,38.9,0,64,0,0,129,76,21,2
114,90,38.0,0,77,0,0,133,86,18,1
94,88,37.7,0,42,0,0,140,73,16,2
88,97,37.1,0,20,0,0,125,80,15,0
68,96,36.6,0,34,0,0,130,59,14,0
73,96,36.6,0,84,0,0,115,82,15,0
67,97,36.5,0,83,1,0,123,76,12,0
76,95,36.9,0,78,0,1,123,81,14,0
83,95,36.8,0,43,0,0,119,75,12,0
106,93,36.3,0,34,1,0,117,82,21,1
65,97,36.5,0,42,0,0,130,80,16,0
93,90,36.2,0,35,0,0,134,72,20,1
70,95,36.3,0,24,1,1,126,70,14,2
73,96,36.9,0,38,0,0,113,72,15,0
127,80,37.1,1,79,0,0,128,65,22,2
73,96,36.9,0,58,1,2,122,82,13,0
78,94,37.1,0,62,2,4,128,72,15,1
83,98,36.8,0,46,1,0,138,69,16,0
77,94,37.2,0,89,2,3,122,72,17,1
104,94,36.7,0,24,1,0,147,77,19,1
114,93,36.6,0,60,0,0,125,71,20,1
104,93,37.8,0,87,0,1,145,85,20,1
67,97,36.9,0,30,0,0,118,84,12,0
149,84,39.5,0,43,1,1,150,93,23,2
144,84,39.5,0,41,0,1,142,78,24,2
104,92,37.4,0,62,1,1,110,76,19,1
140,88,38.8,0,30,0,0,158,77,21,2
75,98,36.3,0,48,0,0,105,68,15,1
112,93,36.9,0,23,1,0,113,74,22,1
133,90,38.3,0,85,0,0,150,83,19,2
148,87,38.3,0,37,0,1,125,79,23,2
71,95,36.7,0,26,1,2,110,75,18,0
131,94,38.5,0,59,0,0,119,83,18,2
71,95,36.5,0,27,1,2,107,69,16,0
79,93,37.0,1,89,2,3,114,78,14,2
67,95,36.6,0,31,0,0,116,68,15,0
65,95,36.7,0,40,0,0,110,82,13,0
79,95,36.0,0,90,1,0,111,83,15,1
150,82,38.1,0,76,2,3,148,94,24,2
69,97,37.0,0,55,1,1,134,71,17,0
90,89,37.2,0,89,0,0,142,77,18,2
131,87,38.5,0,27,1,1,142,93,23,2
60,98,36.1,0,84,0,0,105,77,17,1
115,90,36.8,0,56,0,0,137,74,17,1
97,98,37.5,0,71,0,0,107,76,21,1
106,94,36.8,0,75,0,0,121,86,19,1
76,97,36.0,0,42,1,2,120,78,13,1
98,92,38.0,0,39,1,0,134,75,18,1
76,95,36.7,0,84,1,0,104,73,13,0
76,97,37.1,0,36,1,2,117,72,12,0
119,90,37.1,0,39,0,0,133,84,17,0
81,100,35.9,0,18,1,3,115,73,14,1
67,99,36.8,0,34,1,1,132,72,16,0
80,97,36.8,0,83,0,1,139,82,15,0
101,99,37.8,0,61,0,0,139,79,20,1
68,96,37.3,0,35,1,2,118,72,14,0
116,96,37.0,0,86,0,0,130,80,18,1
105,94,37.6,0,76,2,4,132,78,16,1
95,92,37.7,0,25,1,0,125,93,17,1
112,95,37.9,0,47,0,0,154,78,19,1
75,96,36.9,0,60,0,0,116,72,14,0
75,96,36.5,0,33,0,0,125,74,13,0
137,80,39.5,0,65,2,3,156,83,23,2
91,96,36.9,0,36,1,2,134,78,20,0
82,95,36.9,0,35,0,0,111,70,13,0
137,92,38.0,0,60,1,1,130,94,25,2
71,99,36.8,0,50,0,0,129,72,14,0
84,98,36.9,0,59,1,3,120,63,15,0
76,93,37.0,0,62,2,2,100,67,11,1
130,76,37.7,0,33,0,0,135,84,26,2
99,97,37.4,0,57,1,0,128,78,17,1
73,95,36.6,0,71,1,1,126,72,13,0
138,82,39.2,0,53,2,2,141,90,23,2
70,99,36.6,0,44,0,0,105,74,16,0
156,86,37.8,0,79,2,3,161,88,19,2
66,97,36.7,0,78,1,2,108,85,14,0
90,96,37.8,0,18,2,3,121,76,19,0
64,99,37.2,0,81,0,0,102,70,14,0
110,93,36.4,0,81,1,4,137,77,17,1
75,95,36.6,0,51,2,4,128,89,13,0
94,88,37.2,0,19,1,0,146,71,19,2
71,95,37.0,0,58,2,3,123,74,12,0
75,96,36.9,0,64,1,2,114,81,16,0
113,94,38.4,0,51,1,0,118,87,19,1
76,95,36.9,0,22,1,0,108,76,14,0
68,94,37.2,0,49,0,0,118,84,13,1
119,94,37.0,0,73,0,0,145,80,17,1
126,88,38.2,0,40,0,0,156,75,22,2
74,97,37.4,1,75,1,1,118,76,17,2
78,97,37.0,0,71,0,0,110,83,14,0
99,94,36.9,0,63,2,3,121,77,20,1
76,97,36.6,0,34,0,0,130,76,14,0
133,90,38.7,0,43,1,1,168,91,20,2
111,97,36.9,1,56,1,0,125,72,19,2
129,88,39.7,0,87,0,0,137,79,21,2
69,98,36.9,0,64,1,0,122,73,16,0
67,96,36.8,0,54,0,0,124,71,15,0
78,95,37.5,0,84,1,0,108,83,13,0
63,97,36.6,0,36,0,0,114,73,13,0
81,95,36.7,0,26,3,6,118,69,16,0
72,94,36.7,0,73,1,1,106,71,16,1
63,95,37.0,0,59,2,3,126,73,15,0
93,94,37.3,0,39,1,1,139,76,17,1
109,89,38.9,0,81,0,0,132,92,23,2
132,85,37.7,0,68,2,2,158,87,25,2
111,90,37.6,0,26,0,1,123,85,21,1
73,96,36.9,0,32,1,2,126,77,14,0
140,86,39.2,0,61,1,3,140,78,21,2
75,97,36.4,0,48,1,1,102,64,16,0
74,99,36.5,0,40,1,1,126,83,12,0
156,86,38.1,0,87,0,0,143,95,22,2
76,93,36.3,0,66,3,5,115,75,15,1
69,96,36.7,0,38,1,2,128,68,14,0
72,98,36.3,0,76,2,3,135,60,14,1
139,81,37.9,0,52,0,1,129,87,26,2
52,95,36.7,0,26,2,4,141,72,13,1
119,92,37.4,0,53,0,0,132,75,17,1
127,82,37.1,0,87,3,2,183,91,25,2
115,96,38.1,0,71,2,1,124,79,17,1
130,90,37.0,0,70,0,0,127,93,23,2
108,93,35.8,0,29,0,0,126,78,20,1
86,95,37.2,0,65,1,1,150,85,17,1
71,97,37.0,0,25,0,0,114,68,14,0
107,95,37.0,0,52,0,0,154,73,20,1
94,100,38.1,0,88,0,0,154,77,20,1
73,96,36.7,0,83,1,3,129,74,14,0
70,97,37.1,0,20,1,0,104,74,16,0
110,91,37.1,0,86,2,1,134,78,18,1
66,98,36.5,0,22,1,3,118,81,13,0
78,98,36.9,0,28,3,4,115,70,16,0
66,97,36.8,0,41,0,0,118,73,13,0
123,91,38.0,0,24,1,2,162,81,19,1
93,98,36.7,0,88,0,0,137,89,14,0
93,89,37.3,1,28,2,3,122,80,20,2
105,94,37.1,0,58,0,0,125,85,23,1
71,96,36.5,0,37,0,0,127,67,16,0
149,85,38.6,0,35,1,1,149,86,24,2
69,97,36.6,0,18,2,2,114,75,16,0
77,97,36.7,0,84,1,0,110,85,15,0
111,92,36.8,0,71,2,1,141,82,17,1
71,96,36.7,0,63,1,1,117,82,15,0
120,84,38.8,0,55,0,0,135,80,19,2
116,87,37.7,0,70,0,0,153,91,19,2
140,92,38.6,0,77,0,0,167,97,21,2
77,95,36.8,0,37,1,1,112,76,15,0
66,96,36.7,0,69,0,0,109,81,14,0
97,93,37.4,0,34,2,4,143,76,17,1
148,92,39.3,0,77,1,2,142,68,22,2
66,93,36.5,0,40,2,3,110,74,15,1
137,81,38.9,0,80,0,0,113,83,18,2
65,98,36.9,0,29,0,0,114,73,13,0
96,97,36.9,0,70,0,1,128,76,19,1
61,95,37.0,0,37,1,1,129,76,14,0
61,100,37.0,0,20,0,0,124,76,15,0
112,92,36.9,0,84,1,1,144,87,20,1
104,95,38.7,0,71,1,0,128,82,17,1
64,96,37.1,0,19,1,2,114,84,15,0
102,94,36.8,0,46,1,2,121,83,20,0
83,95,36.6,0,18,0,0,125,91,14,0
75,98,37.1,0,19,1,1,117,69,15,0
125,97,37.4,0,42,2,3,131,70,17,2
75,95,36.5,0,74,2,3,123,73,16,1
110,95,37.2,0,62,1,1,122,76,18,1
71,97,36.7,0,36,1,2,120,79,18,0
142,88,38.2,0,48,1,1,126,82,24,2
104,93,37.5,0,28,1,2,130,83,18,1
81,96,36.7,0,63,1,1,108,65,14,0
73,96,36.8,0,86,1,1,122,80,17,0
62,98,36.5,0,55,0,0,120,81,14,0
75,96,36.3,0,67,0,0,119,76,14,1
72,95,36.7,0,48,1,2,113,74,13,0
66,96,36.4,0,39,2,1,121,64,14,0
98,96,37.1,0,24,0,0,130,75,21,1
91,94,37.5,0,34,0,0,126,64,20,1
148,87,38.9,0,21,0,0,174,77,23,2
70,96,37.2,0,56,1,0,130,80,15,2
121,91,37.5,0,36,1,1,121,86,22,1
74,95,36.4,0,62,2,1,99,74,15,0
67,99,36.3,0,18,1,2,120,65,15,1
148,84,37.2,1,77,2,2,138,88,24,2
115,92,37.6,0,27,1,0,136,82,16,1
72,96,37.4,0,61,1,1,118,72,14,0
80,96,36.9,0,49,1,3,126,80,15,0
113,95,36.8,0,65,2,1,129,86,19,1
62,97,37.2,0,61,1,0,122,85,15,0
68,96,36.6,0,48,0,0,112,61,15,0
94,93,37.1,0,41,1,1,150,83,20,1
78,96,36.2,0,77,2,2,108,67,14,1
133,89,39.4,0,27,1,1,154,78,25,2
103,96,38.1,0,45,0,1,131,82,17,1
68,97,36.4,0,68,1,2,120,75,14,0
77,95,37.4,0,67,2,4,126,68,13,0
139,89,37.1,0,63,1,2,126,88,30,2
76,96,36.8,0,22,2,2,121,68,13,0
140,81,39.1,0,60,1,1,155,75,22,2
79,96,37.1,0,54,0,0,116,73,13,0
115,93,37.2,0,80,1,1,140,87,20,1
110,94,37.4,0,55,0,0,133,72,18,1
69,98,36.3,0,28,0,0,124,74,13,1
70,96,36.3,0,50,1,2,108,65,16,1
82,95,36.9,0,68,0,1,123,79,10,0
96,96,36.8,0,78,1,1,142,80,17,1
71,96,36.2,0,50,0,0,104,80,14,1
115,90,37.7,0,64,3,3,138,78,19,1
79,98,36.7,0,29,0,0,116,66,15,0
67,94,37.2,0,38,1,0,119,73,13,1
111,92,36.9,0,43,0,0,121,78,19,1
101,90,36.7,0,23,0,0,141,79,17,1
61,96,36.9,0,58,1,1,113,77,15,0
75,96,36.3,0,66,1,0,132,72,16,1
89,95,37.5,0,87,0,0,128,85,18,0
109,95,37.8,0,22,0,0,139,79,17,1
118,86,38.9,0,78,1,0,136,72,22,2
133,89,38.5,0,72,0,1,146,78,33,2
70,96,36.3,0,32,1,2,133,88,11,1
68,95,37.3,0,33,0,0,109,60,13,0
99,93,37.7,0,88,0,1,141,70,18,1
106,95,37.8,0,22,1,2,131,71,20,1
74,97,36.4,0,37,0,0,113,69,15,0
108,90,37.5,0,31,1,1,133,71,19,1
117,94,37.5,0,86,1,0,158,89,20,1
139,83,37.9,0,42,1,1,126,78,24,2
113,96,37.9,0,76,1,2,128,74,21,1
139,84,39.0,0,63,0,0,161,94,23,2
148,87,37.5,0,76,0,0,144,83,20,2
103,90,37.7,0,51,1,1,107,91,17,1
79,95,36.8,0,83,1,2,121,70,17,0
151,83,38.4,0,42,1,3,163,73,25,2
102,86,37.0,0,40,0,2,134,85,19,2
72,96,37.1,0,70,0,0,106,72,18,0
103,93,37.6,0,67,3,4,129,74,15,1
108,96,37.3,0,23,0,0,153,77,19,1
77,95,36.6,0,61,0,0,99,81,17,0
99,94,37.7,0,61,0,0,132,80,15,1
66,98,36.3,0,28,1,0,104,88,14,1
141,94,38.8,0,87,0,0,160,84,24,2
101,92,36.9,0,31,0,0,110,86,19,1
83,100,37.1,0,64,0,1,108,66,13,0
75,97,36.8,0,37,1,2,120,73,14,0
94,94,36.9,0,36,1,0,146,71,18,1
91,91,38.2,0,79,2,3,139,87,20,1
73,97,37.1,0,51,0,0,111,66,15,0
101,89,37.6,0,52,2,1,131,87,15,2
70,95,36.9,0,49,1,0,127,73,14,0
133,82,37.8,0,86,1,1,134,77,27,2
117,95,37.5,0,81,1,2,126,72,18,1
74,99,36.1,0,86,0,0,114,86,14,1
70,97,37.3,0,75,2,2,114,69,16,1
69,95,36.7,0,63,1,0,121,75,13,0
102,92,37.7,1,42,1,2,119,83,20,2
62,96,36.3,0,29,1,3,116,73,15,1
101,97,37.0,0,45,0,0,139,73,15,1
74,97,37.2,0,69,0,0,116,63,15,0
78,94,36.8,0,89,0,0,117,71,17,1
71,97,36.8,0,34,3,4,111,70,14,0
115,89,37.9,0,86,1,1,134,68,19,2
79,93,37.2,0,67,2,3,130,80,15,1
101,90,38.5,0,28,3,6,138,72,16,1
64,100,36.7,0,52,1,2,119,76,14,0
94,97,37.3,0,64,0,0,154,81,20,1
77,94,36.3,0,82,1,1,133,83,16,1
112,98,37.7,0,48,0,0,120,73,18,1
105,92,37.5,0,63,0,1,132,76,17,1
68,95,35.9,0,41,2,3,143,69,17,1
71,99,36.7,0,33,0,0,115,70,13,0
106,91,38.2,0,69,1,1,97,78,17,1
136,87,38.0,0,89,2,1,163,91,25,2
77,97,36.6,0,32,0,0,119,64,15,0
78,95,36.7,1,22,2,2,109,67,13,2
75,97,36.6,0,68,0,0,134,73,13,0
119,94,37.9,0,77,0,0,128,72,18,1
112,89,38.8,1,59,1,2,133,86,25,2
103,97,38.2,0,84,1,1,124,69,19,1
100,98,36.9,0,54,1,2,120,77,21,1
59,97,36.4,0,78,0,0,126,82,15,1
145,84,38.4,0,60,1,2,123,80,18,2
107,93,37.8,0,28,3,4,144,78,18,1
102,97,37.1,0,40,0,1,132,75,23,1
63,96,36.9,0,52,0,0,130,80,15,0
121,89,39.2,0,21,0,0,164,100,22,2
72,96,36.2,0,81,0,0,116,65,15,1
81,95,36.3,0,67,2,4,122,81,13,1
114,94,37.0,0,59,3,7,128,80,15,1
75,97,36.5,1,18,0,0,121,75,14,2
79,97,36.8,0,84,0,1,123,72,15,0
122,95,39.1,0,35,0,0,143,78,24,2
121,93,37.2,0,76,1,0,127,80,16,1
74,96,37.1,0,55,1,3,123,65,16,0
151,83,38.8,0,59,1,0,135,85,22,2
68,94,37.0,0,50,2,2,106,72,14,1
135,83,37.8,0,18,1,3,132,68,19,2
62,95,36.3,0,31,2,4,113,68,13,1
112,96,37.2,0,79,1,0,113,68,15,1
113,93,37.3,0,73,0,0,113,71,18,1
75,96,37.2,0,72,2,2,119,85,13,1
143,85,38.4,0,37,1,1,117,71,22,2
144,87,37.8,0,61,0,0,138,91,22,2
105,94,36.9,0,24,2,2,145,77,20,1
72,96,36.9,0,82,0,0,131,66,13,0
117,97,38.3,0,84,1,1,126,85,12,1
113,92,37.9,0,90,1,0,119,77,21,1
135,80,38.9,0,39,0,0,129,88,30,2
125,86,38.7,1,21,1,0,141,71,28,2
69,94,36.6,0,42,0,1,117,72,12,1
143,80,38.1,0,82,1,1,119,77,21,2
73,93,36.5,0,58,0,0,129,77,16,1
66,94,37.0,0,48,0,0,103,67,14,1
101,92,37.4,0,61,0,1,140,78,23,1
71,97,36.8,0,46,0,0,109,76,15,0
72,97,36.5,0,33,0,0,116,76,13,0
76,98,36.4,0,83,2,2,115,73,15,1
139,92,38.8,0,58,0,0,173,75,27,2
84,95,36.6,0,64,2,2,108,73,16,0
79,97,37.0,0,25,1,1,122,77,15,0
115,91,37.0,0,40,0,1,138,82,16,1
80,99,37.0,0,76,1,2,106,62,15,0
70,95,37.1,0,36,1,0,128,77,14,0
102,93,37.4,0,18,1,2,144,90,21,1
128,78,39.2,0,39,0,0,164,64,26,2
71,98,36.7,0,59,1,2,117,72,12,0
79,97,37.3,0,44,0,0,105,68,15,0
101,93,37.5,0,84,2,2,138,77,19,1
74,99,37.5,0,47,1,1,124,78,17,0
68,95,37.2,0,20,5,6,118,65,15,0
100,93,36.2,0,85,0,0,112,69,18,1
71,96,37.2,0,38,0,1,108,80,14,0
96,94,36.7,0,30,0,0,116,83,22,1
107,95,36.5,0,24,1,0,149,75,19,1
72,94,36.6,0,28,2,2,138,70,14,1
73,96,36.9,0,75,2,3,102,61,14,1
72,97,36.8,0,82,0,1,120,71,14,0
71,96,36.4,0,32,1,4,100,59,11,0
80,94,37.0,0,32,4,5,119,77,14,1
72,96,36.7,0,44,2,3,115,84,15,0
86,93,36.4,0,37,1,3,130,75,20,1
105,93,37.0,0,89,0,0,126,77,13,2
100,93,37.0,0,36,1,1,115,73,16,2
132,89,36.8,0,82,0,1,142,93,20,2
103,96,37.7,0,23,0,0,152,77,21,0
88,92,36.9,0,85,1,1,125,87,16,1
112,92,37.4,0,85,0,0,111,77,17,1
94,98,37.5,0,42,0,0,117,94,19,0
78,96,36.7,0,51,0,0,122,83,15,0
113,89,37.3,0,32,0,0,135,69,19,2
104,94,37.9,0,77,0,0,115,75,17,1
140,90,38.2,0,59,0,1,146,86,24,2
68,98,36.3,0,23,0,0,117,73,15,1
102,92,36.7,0,24,0,0,137,77,20,1
128,85,39.9,0,41,0,0,143,87,21,2
66,96,36.7,0,45,1,0,107,70,17,0
97,91,37.0,0,29,2,2,145,65,12,1
69,97,36.8,0,33,2,3,102,77,13,0
77,98,37.2,0,38,0,1,131,73,15,0
116,94,37.2,0,50,3,5,132,83,21,1
97,95,37.8,0,18,2,3,135,71,20,1
74,98,36.6,0,32,1,1,115,79,14,0
83,96,37.2,0,59,0,0,124,72,12,0
75,96,36.3,0,88,0,0,135,72,14,1
136,89,38.5,0,31,0,0,137,84,22,2
73,100,36.8,0,23,0,0,113,82,13,0
100,93,37.6,0,34,1,1,150,80,22,1
70,93,36.3,0,29,1,0,121,84,15,1
105,88,37.4,0,63,0,1,130,73,16,2
96,95,38.4,0,42,0,0,141,83,15,1
68,97,36.9,0,30,1,1,125,70,16,0
75,96,36.4,0,59,3,4,107,78,15,0
99,90,38.2,0,66,1,1,120,79,18,1
94,95,37.9,0,34,1,1,135,86,18,0
79,96,36.9,0,75,1,0,118,81,15,0
99,92,37.8,0,73,0,0,140,74,17,1
63,99,36.9,1,73,0,0,108,66,17,0
72,98,36.8,0,82,0,0,93,73,15,1
79,92,36.9,0,53,3,5,134,85,18,1
91,97,37.5,0,27,0,0,135,80,18,0
66,97,36.9,0,59,1,0,120,83,15,0
79,96,36.7,0,20,1,1,104,70,15,0
77,99,36.7,0,26,0,0,111,74,15,0
107,89,37.2,0,83,2,2,146,75,15,2
79,98,36.1,0,81,1,1,122,81,15,1
116,96,38.5,0,51,1,1,122,78,18,1
72,95,36.5,0,33,1,2,115,70,15,0
135,80,37.9,0,45,0,0,160,77,20,2
92,90,37.1,0,81,1,1,131,77,22,1
79,97,36.7,0,29,3,5,139,81,14,0
96,95,37.3,0,63,1,1,135,77,19,1
100,98,37.9,0,76,1,2,144,82,19,1
68,97,36.6,0,19,1,1,108,71,13,0
137,86,38.5,0,80,1,1,142,85,20,2
115,95,38.2,0,73,1,1,137,80,17,1
106,93,36.9,0,85,0,0,122,82,18,1
101,93,37.9,0,26,2,2,133,86,17,1
81,95,36.6,0,34,0,0,133,69,15,0
143,82,39.0,1,54,1,0,132,85,26,2
77,95,36.5,0,36,0,0,130,78,19,0
102,94,37.5,0,70,1,1,132,92,17,1
107,94,37.7,0,50,0,0,138,82,19,1
71,96,37.0,0,41,0,0,101,69,17,0
67,95,37.0,0,83,0,0,133,76,13,0
80,95,36.5,0,82,0,0,144,74,14,1
140,87,38.4,0,83,1,0,157,92,24,2
65,97,36.5,0,75,0,0,128,67,13,0
70,95,36.6,0,20,1,1,127,67,12,0
123,85,38.6,0,22,2,4,143,90,22,2
87,97,36.9,0,46,4,5,119,69,13,0
107,93,36.5,0,53,1,0,134,72,16,1
108,90,37.3,0,44,1,1,125,76,20,1
145,90,37.9,0,18,0,0,134,90,23,2
65,97,36.9,0,71,1,2,131,72,17,0
86,95,36.7,0,80,0,0,103,74,12,0
76,98,36.4,0,51,0,0,133,73,15,0
106,96,37.6,0,35,1,0,137,81,16,1
91,95,36.6,0,84,1,4,132,79,11,0
71,95,37.1,0,31,0,0,114,84,16,0
105,90,36.8,0,18,0,0,126,73,21,1
142,85,37.9,0,29,3,2,141,78,23,2
66,99,36.6,0,35,0,0,120,70,16,0
104,95,36.6,0,36,0,0,137,91,15,1
107,92,37.4,0,40,3,4,144,81,22,1
145,84,39.0,0,41,2,4,137,88,25,2
98,95,36.5,0,31,0,0,132,81,20,1
140,89,38.2,0,34,0,1,158,81,21,2
103,91,37.3,0,41,0,0,140,77,19,1
63,96,36.7,0,32,0,0,134,72,13,0
112,96,37.6,0,49,0,0,145,76,18,1
111,93,37.3,0,26,0,0,124,79,19,1
90,92,37.9,0,55,1,3,134,83,16,1
78,97,36.2,0,51,2,2,123,78,14,1
75,97,36.8,0,66,2,3,127,79,15,0
66,97,36.5,0,59,1,1,132,76,15,0
70,96,37.4,0,26,0,0,110,64,14,0
64,96,36.5,0,88,0,0,119,72,11,0
71,94,36.7,0,47,0,0,125,80,14,1
70,96,36.6,0,38,1,0,120,79,14,0
73,97,36.3,0,61,0,0,126,68,14,1
130,87,39.1,0,19,1,1,138,85,24,2
88,94,36.6,0,84,1,1,110,70,14,1
71,96,36.5,0,59,0,0,99,75,20,0
75,92,36.6,0,89,2,3,114,74,16,1
109,91,37.7,0,18,2,3,121,85,23,1
74,96,36.6,0,72,1,0,128,69,15,0
76,96,36.2,0,71,1,3,116,65,14,1
110,92,37.5,0,53,0,0,138,81,18,1
138,88,37.7,0,78,0,0,156,85,22,2
76,96,37.2,0,22,2,4,138,69,14,0
97,94,37.8,0,85,1,1,131,79,17,1
153,92,38.5,0,87,3,6,148,75,19,2
105,89,37.1,0,69,1,0,116,85,18,2
75,94,36.6,0,61,0,0,100,79,15,1
100,94,38.5,0,28,0,0,135,81,21,1
105,95,37.7,0,22,3,5,136,72,20,1
107,95,37.5,0,32,0,1,139,91,20,1
74,94,36.4,0,44,0,0,107,66,17,1
108,94,36.7,0,74,0,0,124,78,23,1
74,97,36.6,0,61,0,0,133,75,14,0
73,95,36.6,0,69,1,0,126,87,14,0
83,98,36.4,0,50,1,1,127,79,10,0
103,98,37.0,0,34,1,1,137,72,17,1
77,99,36.8,0,50,1,3,118,53,13,0
134,89,37.9,0,63,1,1,151,79,23,2
131,87,39.3,1,85,3,6,120,87,22,2
115,96,37.0,0,19,2,1,125,64,17,1
148,87,38.8,0,82,1,2,116,84,24,2
75,97,36.4,0,79,1,1,109,75,15,0
74,98,37.2,0,42,0,0,135,71,16,0
133,89,38.7,0,25,0,0,115,64,21,2
68,97,36.6,0,26,1,0,109,76,14,0
99,90,37.5,0,70,2,2,135,78,19,1
148,87,38.9,0,89,2,1,143,98,21,2
69,95,37.0,0,80,0,2,112,72,14,0
159,86,38.7,0,24,1,2,162,77,21,2
118,92,37.8,0,83,0,0,143,72,17,1
73,97,36.7,0,34,1,1,116,73,15,0
111,95,37.2,0,63,1,2,144,78,21,1
128,87,38.6,0,85,0,1,156,78,20,2
77,98,37.0,0,47,1,2,128,78,14,0
66,95,36.6,0,69,1,1,110,80,15,0
132,85,39.1,0,85,1,2,143,80,26,2
137,89,39.3,0,48,0,0,163,89,27,2
128,88,39.5,0,27,1,1,130,93,23,2
81,97,36.6,0,70,2,2,119,81,13,1
62,95,36.8,0,83,0,0,95,75,13,0
96,94,37.3,0,66,0,0,130,79,23,1
120,89,38.0,0,46,1,0,142,84,19,2
72,97,37.1,0,58,0,1,117,69,13,0
70,98,36.7,0,52,0,0,124,70,16,0
111,92,37.7,0,73,0,0,129,76,17,1
74,97,36.7,0,44,0,0,109,72,14,0
69,97,36.7,0,85,0,0,115,76,16,0
109,93,38.1,0,69,2,3,163,76,22,1
77,93,37.0,0,42,1,0,126,76,14,1
71,95,37.2,0,30,0,0,107,66,17,0
94,90,37.6,0,46,1,2,124,83,19,1
65,99,36.5,0,75,0,2,127,75,15,0
88,95,36.4,0,80,1,2,126,82,13,0
118,97,37.7,0,59,1,0,143,68,20,1
79,96,36.9,0,38,3,3,121,76,16,0
124,93,36.6,0,90,1,0,110,73,19,1
78,98,36.8,0,81,0,0,142,72,14,1
127,81,38.8,0,89,1,0,134,89,23,2
120,87,38.7,0,80,0,0,165,88,22,2
115,93,37.4,0,56,4,5,119,72,18,1
68,98,36.8,0,66,1,1,122,69,12,0
114,96,38.4,0,73,0,0,147,79,17,1
85,95,36.9,0,58,1,1,95,78,13,0
133,92,39.3,0,18,0,0,126,89,24,2
71,97,36.5,0,37,0,0,121,80,14,0
74,97,36.6,0,31,1,1,125,72,17,0
80,97,37.2,0,53,1,3,104,76,18,0
78,99,36.7,0,40,1,2,110,72,14,0
137,82,38.8,1,34,4,7,155,77,23,2
107,94,37.6,0,72,1,0,136,72,15,1
134,80,38.1,0,48,1,1,136,87,26,2
144,87,38.8,0,89,0,0,154,71,25,2
107,90,38.0,0,36,0,0,128,72,17,2
129,87,38.9,0,24,1,1,162,91,19,2
78,93,36.3,0,63,4,6,115,71,14,1
99,94,37.0,0,21,1,2,132,66,21,1
79,93,36.5,0,50,2,4,122,76,16,1
64,94,36.8,0,62,0,0,108,77,10,1
88,93,37.0,0,29,0,0,137,79,20,1
103,94,37.5,0,63,2,2,132,82,16,1
74,95,36.1,0,64,1,2,115,78,15,1
78,96,37.5,0,89,0,0,125,80,14,0
154,91,37.4,0,83,2,0,160,80,26,2
104,97,37.4,0,29,1,1,136,83,20,1
105,96,37.2,0,81,0,1,124,75,19,1
71,97,36.7,0,66,1,0,97,74,15,0
91,96,37.3,0,30,1,2,127,92,23,1
72,98,36.9,0,42,2,3,140,79,14,1
77,96,36.7,0,36,0,0,108,76,15,0
109,94,37.1,0,55,0,0,135,80,21,1
106,96,37.6,0,18,1,2,129,82,15,1
126,88,39.4,0,55,3,4,159,73,21,0
97,91,37.4,0,69,0,0,129,74,20,1
68,97,36.8,0,53,0,0,92,77,15,1
75,96,37.3,0,37,1,0,112,82,15,0
107,94,37.6,0,47,0,0,124,74,21,1
99,93,37.8,0,71,0,0,134,60,16,1
130,82,38.0,0,34,1,2,160,88,25,2
77,97,36.8,0,59,0,0,121,71,15,0
110,96,37.9,0,50,3,5,109,74,20,1
104,94,38.1,0,61,0,0,131,82,17,1
63,97,36.1,0,33,1,0,120,66,15,1
122,88,38.5,0,52,0,0,145,94,21,2
73,98,36.3,0,79,1,1,110,86,13,1
99,97,37.2,0,51,2,2,122,89,21,1
114,93,37.0,0,75,1,3,110,76,20,1
79,97,36.3,0,57,1,1,117,66,14,1
70,95,36.6,0,41,0,0,122,74,15,0
69,96,36.8,0,84,1,1,128,77,15,0
67,97,36.6,0,39,2,2,123,62,15,0
126,84,39.8,0,55,1,0,161,83,21,2
134,90,38.7,0,61,0,0,145,83,28,2
64,96,36.5,0,24,0,0,125,70,12,0
116,92,37.1,0,45,0,0,109,84,18,1
141,88,39.9,0,56,0,0,145,86,26,2
111,92,37.2,0,66,0,0,134,92,19,1
125,76,39.0,0,74,1,0,139,72,21,2
136,87,40.1,0,72,1,0,148,90,30,2
90,95,37.7,0,33,0,0,134,78,18,0
59,97,37.2,0,21,0,0,104,66,15,0
110,95,35.9,0,50,1,0,122,88,23,1
80,97,36.1,0,26,1,1,118,81,14,1
117,95,37.5,0,70,1,2,143,84,18,1
70,95,37.0,0,77,0,0,118,78,16,0
77,99,36.8,0,84,1,1,136,77,16,0
138,88,39.1,0,46,1,0,139,64,24,2
139,89,37.9,0,35,1,0,150,68,26,2
105,93,36.8,0,69,0,0,138,72,20,1
66,94,37.0,0,30,2,4,123,77,16,1
59,99,36.8,0,55,0,0,125,80,14,0
71,96,36.5,0,55,1,0,99,80,13,0
108,99,37.3,0,22,0,0,143,87,17,1
76,96,37.1,0,19,1,1,115,78,12,0
145,82,38.5,0,57,0,2,152,81,24,2
77,97,36.7,0,33,3,4,110,70,12,0
85,96,36.7,0,78,1,1,121,80,14,0
101,89,37.7,0,38,2,4,126,76,18,2
69,97,36.8,0,45,0,0,104,81,17,0
72,96,36.7,0,68,1,2,132,79,16,0
74,98,36.7,0,34,1,1,119,69,13,0
69,97,36.8,0,53,0,0,125,77,18,0
75,98,36.6,0,71,1,1,112,78,17,0
93,93,37.6,0,48,1,1,129,72,18,1
92,93,38.2,0,72,3,5,118,73,15,1
104,94,37.9,0,50,1,2,121,80,19,1
99,93,37.2,0,48,0,0,154,81,20,1
69,98,37.1,0,58,0,0,124,78,17,0
66,98,36.9,0,44,0,0,125,73,15,0
75,96,37.3,0,79,0,0,118,78,15,0
106,94,37.4,0,81,0,0,121,79,23,1
69,95,36.7,0,61,1,0,118,78,15,0
77,95,36.8,0,19,0,0,137,76,16,0
107,93,37.8,0,54,1,1,135,92,23,1
120,98,37.9,0,90,1,1,113,83,16,1
131,87,39.9,0,32,0,0,126,81,19,2
74,98,36.6,0,85,0,0,121,81,14,0
101,94,38.1,0,70,0,0,157,87,22,1
112,91,37.2,0,53,0,0,151,66,20,1
71,98,36.3,0,81,1,2,122,67,15,1
99,97,36.7,0,31,1,3,143,90,19,1
146,84,38.1,0,72,0,0,138,84,23,2
75,94,36.8,0,55,3,2,105,79,16,1
133,94,39.4,0,81,0,1,143,87,23,2
65,97,37.1,0,84,0,0,125,69,16,0
74,95,36.6,0,75,0,0,133,77,14,0
125,86,39.2,0,38,1,2,161,77,22,2
108,92,37.4,0,72,3,2,125,77,19,1
72,95,36.4,0,55,1,0,121,82,14,0
155,87,38.3,0,68,1,0,140,91,25,2
125,85,40.4,0,20,1,0,128,96,24,2
75,97,37.0,0,30,0,0,111,85,14,0
71,97,37.0,0,76,2,4,122,76,16,1
94,93,36.9,0,44,0,0,118,78,17,1
61,95,37.2,0,30,2,0,126,62,14,0
68,95,36.6,0,77,1,1,111,73,17,0
107,94,37.3,0,88,1,1,133,73,20,1
93,94,37.4,0,75,0,0,141,79,18,1
86,97,36.5,0,58,0,0,112,71,15,0
102,93,35.9,0,41,1,1,125,69,17,1
82,93,36.7,0,61,2,3,101,75,15,1
81,97,36.6,0,86,2,2,123,71,14,1
96,91,36.5,0,51,1,1,134,73,17,1
104,90,37.4,0,62,3,5,143,73,23,1
91,89,38.0,0,46,0,0,144,83,19,0
69,96,36.8,0,48,1,3,115,80,14,0
119,85,38.9,0,20,0,0,137,84,25,2
67,97,36.7,0,32,0,0,120,73,14,0
67,91,36.7,0,83,1,1,121,76,15,1
95,92,37.4,0,27,0,0,139,77,17,1
77,96,37.0,0,44,0,0,123,77,13,0
152,86,39.4,0,68,0,0,147,81,19,2
118,93,37.5,0,62,0,0,131,75,23,1
74,97,36.5,0,55,2,3,100,79,14,0
98,92,37.4,0,86,3,5,121,80,17,1
138,83,39.2,0,49,1,0,125,85,21,2
72,95,37.3,0,66,1,0,109,69,13,0
67,96,36.3,0,70,0,0,114,68,14,1
68,93,36.6,0,66,0,1,103,78,15,1
69,94,36.7,0,30,0,0,102,77,14,1
136,86,38.4,0,86,1,0,121,63,29,2
67,97,36.8,0,31,0,0,130,75,15,0
63,97,36.8,0,34,2,2,111,76,15,0
135,89,38.5,0,44,0,0,134,73,23,2
101,95,36.5,0,77,0,0,119,78,18,1
110,94,36.8,0,78,1,2,117,79,21,1
107,96,37.4,0,34,1,0,135,75,18,1
140,89,39.3,0,29,1,1,162,80,18,2
70,97,36.8,0,58,1,1,106,80,14,0
107,91,37.2,0,88,1,0,148,71,20,1
117,86,39.6,0,49,0,0,145,82,22,2
114,90,37.7,0,72,0,0,127,74,22,1
103,93,36.8,0,88,0,0,121,80,17,1
67,97,36.7,0,67,1,1,127,77,14,0
105,97,37.3,0,32,0,0,134,72,18,1
139,83,39.0,0,58,0,0,138,70,22,2
67,97,36.3,0,78,0,0,110,78,13,1
66,96,37.0,0,18,0,0,123,76,17,0
67,97,36.8,0,62,2,3,125,77,15,0
60,92,36.6,0,55,2,3,118,81,15,1
68,97,37.1,0,75,1,0,114,69,16,0
79,97,36.4,0,61,1,3,121,76,16,0
71,98,36.5,1,81,1,1,122,67,14,2
127,88,38.8,0,45,0,0,140,80,23,2
110,94,36.9,0,22,1,1,138,82,16,1
78,92,36.4,1,82,1,3,116,80,14,2
137,93,38.7,0,67,0,0,152,84,23,2
99,95,36.6,0,43,0,0,138,76,19,1
112,93,38.2,0,47,2,2,126,72,18,1
103,90,37.3,0,49,1,0,136,81,18,1
71,97,37.0,0,50,1,2,118,74,15,0
103,90,37.3,0,56,1,0,137,85,20,1
80,93,36.4,0,85,1,0,121,71,12,1
136,89,39.0,0,74,1,0,160,84,23,2
91,98,37.7,0,53,2,3,156,91,22,1
95,95,37.6,0,66,0,0,135,67,16,1
68,97,36.7,0,19,3,4,114,71,14,0
140,83,37.9,0,58,3,3,136,87,30,2
71,97,37.0,0,89,2,4,123,83,17,1
71,96,36.4,0,57,2,2,123,78,16,0
80,96,36.6,0,49,1,1,119,75,14,0
75,94,37.1,0,24,2,5,112,64,13,1
123,90,38.1,0,46,0,0,162,69,23,1
102,93,37.5,0,65,1,1,130,85,20,1
75,95,36.7,0,59,3,4,118,72,16,0
105,92,36.7,1,65,0,1,146,84,17,2
73,96,36.8,0,44,1,0,132,68,15,0
78,96,36.9,0,84,2,3,109,85,14,1
78,99,36.7,0,52,1,1,117,85,16,0
72,95,36.6,1,83,1,1,117,80,12,2
71,97,36.1,0,33,1,0,119,66,14,1
92,96,37.0,0,32,2,2,129,84,15,0
76,96,36.3,0,20,1,1,129,79,13,1
64,95,36.5,0,30,2,1,111,78,15,0
127,82,39.0,0,34,1,1,141,82,26,2
79,97,37.4,0,67,1,0,106,80,16,0
75,97,37.0,0,67,1,0,133,73,14,0
104,97,36.7,0,80,3,4,153,73,18,1
72,95,37.4,0,79,0,1,130,77,16,0
133,85,37.6,1,77,1,0,105,90,23,2
94,91,36.7,0,75,0,0,146,81,15,1
70,93,36.8,0,48,2,3,118,61,12,1
101,94,36.6,0,19,0,1,118,54,20,1
68,95,36.6,0,83,1,1,115,64,15,1
93,95,37.4,0,47,1,0,137,78,19,0
71,97,36.8,0,47,0,0,118,73,16,0
80,97,36.8,1,88,1,3,125,74,15,2
91,89,37.3,0,55,0,0,127,64,19,2
66,97,36.7,0,78,0,1,128,90,13,0
70,98,36.8,0,68,0,0,115,71,15,0
62,98,36.9,0,54,1,1,113,86,12,0
98,96,37.7,0,40,0,1,133,64,19,1
74,94,36.5,0,82,3,4,129,81,15,1
71,97,36.5,0,42,0,0,125,77,16,0
109,95,37.5,0,54,0,0,128,66,17,1
70,96,36.5,0,61,0,0,114,69,16,0
72,100,36.8,0,40,0,0,112,63,13,0
125,90,38.2,0,28,0,0,147,89,25,2
69,96,36.3,0,47,1,0,123,71,14,1
120,94,36.9,0,51,2,3,143,77,22,1
109,81,39.1,0,47,1,2,157,83,20,2
71,97,36.2,0,89,0,0,129,81,15,1
76,94,36.7,0,85,1,0,121,71,15,1
101,91,37.0,0,26,0,0,125,75,17,1
147,89,39.5,0,85,1,1,139,88,26,2
76,95,36.7,0,45,0,0,135,71,16,0
96,89,37.5,0,27,0,0,124,75,18,2
100,92,37.6,0,64,0,0,156,78,23,1
100,92,37.3,1,73,1,1,129,84,18,2
110,95,37.8,0,61,0,0,129,83,19,1
72,97,36.9,0,26,1,0,119,71,16,0
79,93,38.0,0,87,0,0,138,81,20,1
132,84,39.6,0,77,1,1,147,84,23,2
79,93,36.6,0,75,0,0,112,77,18,1
106,97,37.5,0,82,0,0,124,84,20,1
115,92,37.5,0,28,1,1,120,77,19,1
121,79,38.3,0,63,0,0,164,84,20,2
113,91,37.0,0,80,1,2,136,73,21,1
106,94,37.4,0,34,1,2,144,74,19,1
68,97,36.9,0,40,0,0,114,72,15,0
100,94,37.2,0,76,3,3,145,74,15,1
63,95,37.1,0,19,0,0,101,82,17,0
98,90,38.2,0,37,1,0,116,88,23,1
75,95,36.9,0,24,1,1,103,65,13,0
103,94,37.4,0,84,1,1,131,61,16,1
82,98,36.9,0,60,2,3,102,68,15,0
79,96,36.6,0,29,1,1,123,60,13,0
143,90,39.1,0,76,3,3,134,91,23,2
101,94,37.3,0,84,0,0,135,74,20,1
78,93,36.6,0,61,2,2,105,83,15,1
105,96,36.8,0,47,0,0,122,77,23,1
151,78,39.0,0,89,0,0,170,90,24,2
97,97,36.8,0,85,1,0,133,95,17,1
99,95,37.0,0,44,1,0,117,76,19,1
60,97,36.7,0,37,0,1,120,85,14,0
97,90,37.5,0,32,1,1,137,73,18,1
142,87,38.6,0,79,2,1,135,94,26,2
101,85,38.4,0,66,2,3,119,72,18,2
62,95,37.1,0,19,0,0,117,74,14,0
121,87,38.8,0,29,0,0,118,87,24,2
75,95,37.0,0,45,0,0,131,80,14,0
75,95,36.6,0,83,0,0,125,62,14,0
102,94,38.0,0,82,2,2,127,67,18,1
75,94,36.7,0,45,1,3,126,66,13,1
93,94,36.9,0,71,0,0,129,79,18,1
66,96,36.4,0,44,1,0,137,86,13,0
93,95,38.1,0,62,1,0,136,80,17,1
108,94,37.2,0,30,3,5,148,82,21,1
141,89,38.3,0,59,1,0,129,82,24,2
66,97,36.7,0,40,1,0,128,69,12,0
131,87,37.9,0,86,0,1,155,87,27,2
133,86,40.5,0,67,0,0,137,78,25,2
99,95,37.6,0,29,1,1,134,78,20,1
106,83,39.0,0,24,0,1,146,82,28,2
111,90,37.6,0,56,0,0,152,73,20,1
114,93,37.4,0,80,2,3,144,67,16,1
112,93,37.5,0,84,0,0,145,83,20,1
114,94,37.3,0,84,3,4,139,73,19,1
145,83,38.7,0,33,1,1,174,76,22,2
97,95,38.0,0,54,0,0,122,79,16,1
76,96,36.6,0,67,1,1,126,73,17,0
111,92,37.9,0,79,2,2,112,86,18,1
70,96,37.0,0,26,1,1,113,73,14,0
76,96,37.0,0,48,1,1,103,79,17,0
62,96,36.6,0,65,0,0,97,75,11,0
108,92,37.2,0,58,1,0,121,82,17,1
74,94,36.8,0,70,2,1,116,78,15,1
133,85,36.9,0,30,1,2,164,97,24,2
62,96,36.8,0,74,1,1,117,73,13,0
143,88,38.1,0,66,1,3,152,83,26,2
78,95,36.8,0,52,2,1,105,66,13,0
71,98,36.1,0,61,1,2,107,74,14,1
69,97,36.6,0,56,0,0,119,76,16,0
99,93,37.8,0,24,1,1,129,78,16,1
66,95,36.8,0,80,2,4,105,67,16,1
78,98,37.0,0,49,0,0,132,90,16,0
114,89,38.7,0,25,0,0,128,77,20,2
79,97,37.0,0,19,2,3,103,80,14,0
91,92,37.8,0,57,0,0,118,70,18,1
124,94,38.2,0,52,1,2,149,81,20,1
69,96,36.2,0,62,1,1,116,76,14,1
75,97,36.5,0,26,0,0,134,69,15,0
79,100,36.2,0,32,0,0,117,76,12,1
70,98,36.8,0,40,0,0,132,77,15,0
68,95,36.8,0,44,0,0,118,72,13,0
69,98,36.7,0,60,1,3,98,70,14,0
70,98,36.6,0,32,0,0,124,73,14,0
135,89,38.6,0,32,2,1,132,93,26,2
111,97,37.0,0,58,0,0,134,78,17,1
102,91,38.3,0,33,1,1,133,77,16,1
140,85,39.3,0,45,1,0,158,82,20,2
78,93,36.3,0,55,1,1,122,76,16,1
67,95,37.1,0,76,0,0,126,67,15,0
112,93,37.8,0,84,0,0,137,80,21,1
96,91,37.0,0,66,0,0,122,72,19,1
71,98,36.7,0,46,2,3,114,78,14,0
63,98,37.2,0,20,1,2,117,75,14,0
71,99,36.2,0,33,1,2,104,80,13,1
73,99,37.0,0,54,1,2,121,77,14,0
62,96,36.9,0,37,1,4,116,72,13,0
100,93,37.2,0,68,1,1,112,98,20,1
75,98,37.2,0,85,0,0,121,69,19,0
80,98,36.6,0,52,0,0,137,75,14,0
105,92,37.9,0,47,1,0,127,77,17,1
65,95,36.7,0,21,2,1,122,79,15,0
81,93,37.0,0,89,2,2,93,76,16,1
110,91,37.0,0,82,0,0,132,79,20,1
115,93,37.2,0,79,1,1,132,80,17,1
113,92,37.6,0,23,2,2,130,82,18,1
59,98,36.8,0,51,1,0,106,76,15,0
128,90,39.6,0,28,0,0,133,85,22,2
69,96,36.5,0,73,1,0,129,79,16,0
70,95,36.9,0,39,1,3,110,67,16,0
115,92,36.9,0,38,0,0,130,81,17,1
112,93,37.5,0,53,1,2,138,75,19,1
70,95,36.6,0,76,0,0,123,85,13,0
67,96,36.8,1,54,1,0,109,71,19,2
96,93,37.1,0,63,1,1,119,65,20,1
89,91,38.0,0,55,1,2,135,76,17,1
115,96,37.8,1,86,2,5,99,80,23,2
101,92,37.4,0,74,2,2,134,85,22,1
106,93,36.5,0,20,0,1,145,84,20,1
104,99,37.2,1,64,0,0,148,80,21,2
66,96,36.3,0,55,0,0,125,83,14,1
74,95,36.9,0,30,3,4,129,74,13,0
113,91,37.1,0,66,1,0,150,93,15,1
102,97,37.8,0,46,1,1,130,75,19,1
72,93,36.3,0,74,2,2,122,62,14,1
66,98,36.5,0,52,0,1,115,77,15,0
148,90,39.7,0,80,0,0,128,85,28,2
75,97,36.8,0,67,1,2,131,81,15,0
109,96,37.1,0,58,0,0,117,74,17,1
137,82,38.2,0,44,2,3,152,98,19,2
120,90,38.3,0,46,1,2,140,77,22,1
82,96,37.0,0,50,1,0,119,76,16,0
72,96,36.9,0,81,4,5,122,87,15,1
66,96,36.9,0,67,2,3,128,74,15,0
70,95,37.0,0,70,0,0,125,78,14,0
111,93,37.3,0,32,3,3,135,71,19,1
88,93,37.3,0,76,0,0,112,90,19,1
73,95,36.9,0,38,1,0,118,81,12,0
106,91,37.6,0,52,1,1,129,77,17,1
122,94,38.6,0,54,0,0,126,83,21,1
109,94,37.7,0,67,0,0,133,76,22,1
96,94,37.6,0,77,0,0,137,70,19,1
91,98,36.8,0,61,0,0,128,90,19,0
141,86,39.1,0,49,0,1,155,77,24,2
147,93,39.9,0,48,1,2,146,77,21,2
69,97,36.5,0,81,1,1,133,71,17,0
151,80,38.3,0,72,1,2,151,101,22,2
81,98,36.6,0,59,2,3,120,78,15,0
116,97,37.0,0,89,0,0,128,84,19,1
75,95,36.3,0,53,1,2,98,78,13,1
108,95,38.0,0,89,1,0,128,76,16,1
65,96,37.3,0,25,0,1,126,74,16,0
68,95,36.7,0,35,1,2,125,71,11,0
65,98,36.4,0,51,1,0,142,67,16,1
70,96,36.6,0,20,0,0,102,67,12,0
66,95,36.6,0,40,2,3,114,77,13,0
76,96,36.6,0,77,0,1,134,77,15,0
74,96,36.6,0,25,0,0,105,71,14,0
103,94,37.4,0,83,1,3,124,76,21,1
71,97,36.9,0,18,0,0,124,74,16,1
105,90,37.2,0,77,0,1,116,77,19,1
77,97,36.3,0,30,1,0,100,68,16,1
59,96,36.5,0,23,0,0,127,82,14,0
111,94,38.0,0,55,0,0,112,86,17,1
121,91,37.3,0,30,1,4,140,72,22,1
77,99,36.2,0,60,1,0,123,73,15,1
64,92,36.5,0,65,2,1,105,87,13,1
68,97,36.9,0,47,0,0,123,72,17,0
118,96,36.9,0,30,1,0,124,89,24,1
101,93,37.0,0,75,0,0,119,80,18,1
75,97,36.6,0,58,0,0,126,81,14,0
142,89,37.6,0,66,1,2,153,73,22,2
101,97,37.0,0,66,0,1,122,76,18,1
63,97,36.8,0,73,0,0,119,74,18,0
72,97,36.0,0,65,0,0,119,63,18,1
70,94,37.2,0,42,2,2,113,79,16,1
69,96,36.9,0,88,2,3,106,78,13,1
101,94,37.3,0,40,1,0,137,70,16,1
129,82,38.1,0,82,1,0,161,94,18,2
68,93,36.6,0,40,1,2,108,66,15,1
66,97,36.8,0,37,1,3,100,63,15,0
96,93,37.9,0,40,0,0,125,85,17,1
65,99,36.8,0,25,1,1,134,72,17,0
78,96,36.9,0,77,2,3,109,74,16,1
90,92,37.5,0,90,0,0,140,81,17,1
65,97,36.5,0,56,0,0,115,76,14,0
84,98,36.4,0,74,1,1,111,80,13,2
80,95,37.0,0,79,0,0,101,75,18,0
99,97,36.9,0,43,1,2,140,76,17,1
97,95,36.8,0,60,1,1,137,75,17,1
70,96,36.9,0,66,1,0,115,78,15,0
64,99,37.3,0,26,0,0,117,74,16,0
105,93,37.9,0,59,0,0,110,89,19,1
140,87,39.1,0,64,1,3,156,64,20,2
70,97,36.7,0,31,0,0,107,82,12,0
100,91,37.4,0,73,0,0,113,67,19,1
100,95,37.4,0,75,1,2,127,82,19,1
65,95,36.8,0,24,2,4,109,69,14,0
101,94,37.4,0,71,1,1,140,75,17,1
101,88,37.8,0,78,1,2,133,81,20,2
73,97,36.6,0,39,0,0,118,62,15,0
136,91,37.8,0,44,0,0,132,73,26,2
134,94,38.0,0,39,0,0,137,90,24,2
88,95,36.8,0,80,2,3,112,70,13,1
99,96,37.8,0,31,0,0,119,86,19,1
68,96,36.5,0,20,0,1,100,83,14,0
68,92,36.6,0,57,3,3,110,69,16,1
75,95,37.3,0,38,1,0,101,86,16,0
100,91,37.0,0,74,0,0,145,85,23,1
82,96,36.6,0,35,1,1,123,71,16,0
115,93,37.1,0,53,2,2,112,86,18,1
70,98,36.5,0,84,0,0,115,75,15,0
67,95,36.6,0,31,0,0,120,81,15,0
70,97,36.8,0,88,2,3,116,70,19,0
97,94,37.7,1,88,0,0,133,80,21,2
138,93,39.8,0,25,1,0,140,74,24,2
72,93,36.5,0,26,1,0,100,78,12,1
73,97,36.6,0,40,0,0,110,76,16,0
72,96,36.5,0,71,1,1,128,86,15,0
151,81,38.7,0,62,0,0,153,88,24,2
88,96,36.6,0,23,1,0,121,81,19,0
112,95,37.9,0,89,0,0,144,76,20,1
129,89,38.7,0,84,0,0,166,87,25,2
86,96,36.5,0,82,2,3,107,74,13,1
80,95,36.6,0,59,1,1,112,72,15,2
109,93,37.1,0,44,1,0,139,79,19,1
66,95,36.9,0,72,0,0,107,77,13,0
72,97,36.7,0,52,2,2,118,89,15,0
144,90,39.2,0,60,1,1,163,91,21,2
127,87,38.8,0,27,0,0,153,77,25,2
54,96,36.6,0,52,0,0,112,71,14,0
131,88,38.8,0,76,0,0,143,92,21,2
110,95,37.9,0,86,2,2,94,82,21,1
137,87,38.7,0,21,0,1,123,86,23,2
101,93,37.3,0,52,0,0,150,76,19,1
108,96,36.7,0,40,0,0,120,87,20,1
80,98,36.5,0,61,0,0,103,78,17,0
108,89,37.2,0,89,1,3,136,78,20,2
80,95,36.8,0,53,0,0,133,74,14,0
107,93,37.2,0,18,0,0,137,78,20,1
117,91,37.8,0,27,2,1,124,76,17,1
84,99,37.0,0,49,0,0,116,63,13,2
78,95,37.0,0,84,1,1,112,63,13,0
78,96,37.2,0,69,1,2,102,80,17,0
72,95,37.3,1,82,1,1,146,71,11,2
73,95,36.4,0,33,1,2,107,75,13,0
63,96,36.9,0,62,1,1,109,71,15,0
97,91,38.5,0,20,0,0,140,78,20,1
125,91,38.5,1,73,0,0,136,76,25,2
98,96,37.5,0,28,0,0,115,76,19,1
79,96,36.8,0,88,0,0,114,81,14,0
107,91,38.2,0,72,2,2,133,79,18,1
143,81,38.7,0,55,1,1,140,90,27,2
104,99,37.2,0,83,0,0,119,80,22,1
66,96,36.9,0,34,2,2,127,68,15,0
71,94,37.0,0,78,2,2,109,87,15,1
64,97,36.6,0,19,0,0,124,89,17,0
78,98,36.7,0,37,0,0,118,70,16,0
100,91,36.9,0,66,1,0,116,61,21,1
75,98,37.2,0,81,0,0,99,67,14,0
72,95,36.8,0,53,2,3,132,69,15,0
71,95,36.8,0,65,2,2,97,77,17,0
69,96,36.7,0,32,1,0,137,69,13,0
142,83,38.4,0,64,1,2,166,70,23,2
77,99,36.3,0,81,1,1,119,86,14,1
103,92,37.7,0,80,0,0,127,67,16,1
69,98,36.8,0,56,0,0,130,84,15,0
67,94,36.7,0,24,2,2,123,74,16,1
113,93,37.1,0,47,0,0,124,77,19,1
72,97,36.3,0,33,1,2,112,71,13,1
104,96,37.7,0,83,1,2,135,78,21,1
86,96,37.2,0,52,0,1,125,75,17,0
63,96,36.8,0,58,0,0,130,76,14,0
71,94,37.0,0,30,0,0,125,70,14,1
106,90,37.9,0,75,0,0,123,90,18,1
66,98,37.0,0,52,0,0,90,84,13,1
138,94,38.9,1,79,1,0,122,72,24,2
65,97,36.8,0,78,0,0,114,66,14,0
106,92,37.5,0,87,0,0,138,64,17,1
130,86,38.9,0,83,2,3,146,92,26,2
90,96,37.1,1,75,1,2,100,76,14,2
132,92,38.7,0,39,0,0,105,80,25,2
141,86,39.1,0,58,1,2,155,74,23,2
105,87,37.5,0,32,3,5,135,77,18,2
72,98,36.9,0,19,0,0,117,77,16,0
110,90,36.6,0,41,0,0,143,83,19,1
121,92,37.7,0,35,1,1,145,67,16,1
104,89,37.1,0,80,0,1,106,76,14,2
76,96,36.6,0,40,0,0,135,79,17,0
145,87,38.6,0,81,0,0,155,94,24,2
79,96,36.7,0,85,0,0,137,73,14,0
124,86,40.0,0,66,1,3,165,83,28,2
157,83,38.0,0,86,0,0,165,76,24,2
152,85,37.6,0,58,2,1,129,78,21,2
70,94,36.1,0,40,2,4,119,74,14,1
98,91,37.9,0,76,0,0,135,75,18,1
63,93,37.0,0,57,2,1,109,76,16,1
77,95,37.1,1,88,0,1,143,74,14,2
107,92,36.8,0,51,2,3,130,78,21,1
109,94,36.5,0,42,1,1,137,72,22,1
129,85,38.7,0,50,1,1,165,90,16,2
134,87,38.7,0,34,0,0,141,84,23,2
102,96,38.1,0,28,1,0,129,77,21,1
119,95,37.0,0,18,0,1,141,72,18,1
107,94,37.0,0,25,0,0,165,77,20,1
74,96,37.1,0,74,1,1,120,80,15,0
102,92,37.2,0,48,2,2,168,79,21,1
72,94,36.7,0,21,0,2,126,71,15,1
75,97,36.9,0,75,2,2,112,67,14,1
72,97,36.3,0,49,1,0,132,69,13,1
65,94,37.0,0,77,1,1,135,65,15,1
137,88,38.8,0,57,1,1,165,84,18,2
70,97,36.6,0,45,2,1,121,88,14,0
74,94,36.7,1,67,1,1,143,73,15,2
68,98,36.4,0,68,1,3,129,73,13,0
111,92,37.3,0,55,1,2,148,81,22,1
63,99,36.2,0,62,0,0,101,74,16,1
134,88,39.8,0,34,0,0,148,76,22,2
91,96,36.4,0,20,3,3,123,87,12,0
116,99,37.5,0,88,3,4,123,79,17,1
108,95,36.1,0,24,1,2,142,85,18,1
113,90,36.4,0,70,1,2,135,95,22,1
104,91,37.4,0,25,2,3,115,71,20,1
69,94,36.5,0,32,0,0,121,84,14,1
102,93,38.2,0,60,0,0,118,73,19,1
99,94,37.1,0,37,1,1,129,78,16,1
59,97,36.9,0,71,1,1,115,80,16,0
75,97,36.5,0,86,0,0,114,78,13,0
72,97,37.0,0,74,0,0,104,70,15,0
96,94,37.2,0,59,0,0,110,75,16,1
75,95,36.6,0,39,0,0,125,68,15,0
74,97,36.6,0,64,0,0,122,78,15,0
133,91,38.1,0,77,1,1,172,96,28,2
65,96,36.7,0,35,0,0,131,73,13,0
114,92,37.6,0,62,1,4,134,75,21,1
87,98,36.4,0,76,1,1,128,74,14,0
67,97,36.9,0,87,0,0,122,69,13,0
91,89,37.3,0,61,0,1,118,69,19,2
93,95,38.5,0,50,0,0,114,79,16,1
65,95,36.4,0,27,1,0,121,57,16,0
150,90,39.3,0,35,1,1,123,70,27,2
148,84,40.1,0,56,1,1,170,88,24,2
78,94,36.8,1,20,1,0,114,60,13,2
103,96,37.5,0,30,0,0,126,70,19,1
116,90,36.8,0,74,1,0,143,98,17,1
114,93,37.0,0,78,1,2,144,89,19,1
74,95,36.8,0,79,2,1,108,79,13,1
127,87,38.8,0,32,0,0,142,83,22,2
90,97,36.9,0,28,1,3,126,72,15,0
72,95,36.5,0,50,0,0,122,75,14,0
99,96,37.9,0,27,1,2,129,91,17,1
129,88,38.7,0,86,0,0,166,72,19,2
105,98,37.6,0,83,0,0,127,74,17,1
111,92,38.1,0,79,0,0,136,76,20,2
75,96,36.6,0,40,1,1,115,65,13,0
102,94,36.6,0,90,0,0,135,73,19,1
73,95,36.8,0,24,2,4,117,69,15,0
71,95,36.5,0,80,2,3,115,62,15,1
77,96,36.3,0,32,2,3,135,68,13,0
109,90,37.2,0,31,1,1,108,70,20,1
145,86,38.9,0,79,1,1,119,82,20,2
103,91,37.8,0,19,1,0,135,74,21,1
135,80,38.7,0,55,2,3,138,78,22,2
66,98,37.3,0,20,1,2,126,76,16,0
149,89,39.6,0,55,0,0,149,85,28,2
75,95,37.0,0,58,0,0,115,76,13,0
72,94,36.8,0,23,0,0,123,88,18,1
95,90,38.3,0,52,3,4,130,76,16,1
134,89,37.5,0,50,0,0,144,99,23,2
73,96,36.6,0,88,0,0,118,88,13,0
153,93,38.2,0,43,2,2,157,84,26,2
72,96,36.8,0,41,0,0,115,81,16,0
75,96,36.8,0,28,2,2,117,83,15,0
127,90,39.3,0,31,1,0,152,79,29,2
105,96,37.6,0,23,2,2,126,89,18,1
100,96,37.3,0,50,1,0,137,83,20,1
79,96,36.6,0,84,0,1,89,86,15,1
107,93,36.9,0,58,1,2,132,92,16,1
69,95,36.6,0,42,0,1,113,81,16,0
94,94,38.3,0,40,2,2,138,70,22,1
78,95,36.3,0,64,2,2,109,69,13,1
108,94,37.2,0,87,0,1,123,64,18,1
94,91,37.4,0,83,0,0,134,79,20,1
116,95,37.3,0,89,0,0,131,86,18,1
134,92,38.5,0,42,0,0,163,85,25,2
74,99,37.1,0,49,0,0,120,71,14,0
91,93,37.4,0,23,2,3,128,86,19,1
104,92,37.2,0,58,0,0,150,86,19,1
73,93,37.0,1,78,1,0,115,72,14,2
69,98,37.0,0,79,0,0,125,77,14,0
130,83,39.9,0,21,0,0,171,83,26,2
79,94,36.3,0,84,2,4,93,70,15,1
65,95,36.9,0,22,0,0,105,87,12,0
98,92,36.7,0,60,0,0,137,79,17,1
128,87,39.1,0,78,0,0,164,89,23,2
111,91,37.6,0,45,0,0,148,70,20,1
65,93,36.9,0,26,2,3,144,78,17,1
71,98,37.1,0,45,1,1,114,74,19,0
129,90,38.8,0,31,0,0,144,91,21,2
60,95,36.6,1,25,2,3,120,76,17,2
71,95,36.7,0,47,1,3,126,75,14,0
75,98,36.7,0,39,0,0,114,74,14,0
124,93,38.0,0,60,1,2,138,82,21,1
114,90,38.0,0,56,0,0,121,68,16,1
82,98,36.4,0,60,1,0,112,75,15,0
70,100,36.4,0,56,1,0,120,75,15,0
86,95,36.2,0,37,0,0,133,75,13,1
96,94,37.9,0,29,0,0,104,76,17,1
78,100,36.2,0,41,3,3,131,73,14,1
78,97,36.8,0,61,2,3,117,78,15,0
107,93,37.0,0,26,0,0,131,85,15,1
78,95,37.0,0,50,1,1,104,62,13,0
116,95,37.5,0,78,2,4,137,71,14,1
107,95,37.6,0,45,1,2,122,87,20,1
65,98,36.5,0,36,1,2,118,73,14,0
79,95,36.7,0,20,2,2,121,76,13,0
69,97,35.8,0,41,0,0,131,70,14,1
77,97,37.2,0,69,0,1,133,69,13,0
128,94,38.5,0,42,0,0,134,75,23,2
109,93,37.9,0,50,0,0,120,70,20,1
74,94,37.1,0,63,0,0,133,69,15,1
75,95,36.7,0,44,1,0,120,88,17,0
67,97,36.7,0,34,2,3,111,72,13,0
75,93,36.7,1,83,4,4,115,79,14,2
77,99,36.4,0,61,0,0,93,76,13,1
104,90,38.4,0,30,0,0,116,85,22,1
72,98,36.3,0,54,0,0,115,77,15,1
61,96,35.9,0,34,0,0,122,78,13,1
96,95,36.6,0,30,1,0,150,73,20,1
96,92,37.8,0,47,0,0,132,67,20,1
125,89,38.4,0,27,1,0,152,93,23,2
112,92,37.9,0,82,1,0,132,81,18,1
67,96,36.3,0,36,0,0,120,72,13,1
119,92,38.4,0,25,1,3,125,84,19,1
81,98,36.5,0,87,0,0,114,66,15,0
66,96,36.7,0,85,0,0,121,70,12,0
80,94,37.1,0,78,2,3,133,72,13,1
86,98,36.6,0,73,0,1,105,69,15,0
151,86,38.2,0,19,1,3,140,91,24,2
139,86,38.1,0,58,1,1,143,85,20,2
70,93,36.7,0,84,0,0,113,85,14,1
142,88,38.1,0,47,0,0,142,87,26,2
64,100,36.8,0,79,1,1,129,74,13,0
108,95,37.8,0,25,2,3,112,96,20,1
83,97,37.1,0,86,0,0,123,81,17,0
74,98,36.5,0,86,0,0,110,80,13,0
93,98,36.9,0,34,1,1,128,81,21,0
108,94,37.6,0,88,0,0,151,79,19,1
74,97,36.6,0,21,0,0,122,75,17,0
73,97,36.9,0,38,1,3,135,79,14,0
81,94,36.7,0,51,2,3,121,69,13,1
99,90,37.6,0,71,1,2,132,85,19,1
95,97,36.3,0,18,1,1,122,76,18,1
108,98,37.7,0,33,2,4,143,87,18,1
105,90,37.0,0,32,2,2,130,72,19,1
75,95,36.7,0,69,3,5,106,72,15,0
73,95,36.1,1,23,2,2,121,78,16,2
70,97,36.7,0,39,1,1,124,73,13,0
74,95,36.8,0,45,2,2,120,75,17,0
98,95,37.1,0,45,1,1,138,86,20,1
100,92,37.3,0,62,0,0,116,64,20,1
73,96,36.7,0,18,0,0,97,82,14,0
64,96,36.4,0,58,0,0,122,80,15,0
132,87,38.5,0,27,0,0,138,72,21,2
63,95,36.8,0,82,0,0,108,80,14,0
99,90,36.8,0,86,2,3,141,61,18,1
108,92,37.9,0,35,0,1,130,83,15,1
64,98,37.0,0,54,1,1,116,73,15,0
74,97,36.6,0,69,0,0,118,76,19,0
126,85,38.1,0,63,1,0,147,79,26,2
113,95,37.4,0,84,1,1,113,72,17,1
153,91,39.2,0,85,0,0,139,83,26,2
74,96,36.4,0,56,0,0,100,79,15,0
125,82,39.0,0,70,0,0,165,83,21,2
62,99,36.7,0,30,0,1,100,76,15,0
119,97,37.7,0,39,1,2,133,84,18,1
133,86,37.7,0,89,0,0,141,82,21,2
123,88,39.5,0,29,0,0,132,69,23,2
145,87,39.6,0,61,2,2,151,89,25,2
108,94,37.2,0,73,0,1,108,75,17,1
82,95,36.4,0,82,1,1,116,73,16,0
103,96,37.0,0,43,1,1,119,69,19,1
94,91,37.5,0,37,2,2,124,81,19,1
68,95,36.8,0,73,3,5,119,68,15,1
61,95,36.1,0,32,1,1,109,74,14,1
76,97,37.1,0,21,1,0,112,72,15,0
68,98,37.3,0,58,0,0,138,70,13,0
75,96,36.9,0,82,2,4,125,75,16,1
69,97,36.5,0,67,2,4,136,66,16,0
68,96,36.6,0,70,2,2,122,74,15,1
76,96,36.9,0,71,1,0,115,70,15,0
68,97,36.9,0,46,1,2,124,80,15,0
71,100,36.9,0,31,0,0,108,81,18,0
78,97,36.8,0,84,2,3,116,66,15,1
136,90,39.3,0,51,1,2,157,82,24,2
70,96,36.6,0,89,0,0,110,73,15,1
78,95,36.5,0,45,2,4,128,75,13,0
124,94,37.7,0,80,1,2,132,80,20,1
76,96,36.5,0,40,0,0,121,60,16,0
73,95,36.4,0,39,0,0,132,79,14,0
103,91,38.0,0,35,0,0,117,80,17,1
69,95,36.9,0,86,0,0,125,86,13,0
145,85,37.9,0,19,0,0,127,95,24,2
111,89,37.0,0,24,0,0,129,72,18,2
99,92,37.8,0,24,1,0,145,87,21,1
79,96,36.4,0,68,1,1,104,79,15,0
84,94,37.7,0,32,1,2,117,82,17,1
77,98,36.8,0,48,0,0,109,71,16,0
100,93,37.0,0,83,0,0,125,81,14,1
101,97,37.8,0,54,1,2,140,82,20,1
144,89,38.2,0,83,2,1,159,90,24,2
67,96,36.4,0,90,0,0,132,76,15,0
94,97,37.0,0,67,0,0,119,85,16,0
123,90,37.1,0,79,0,0,145,70,17,1
106,99,36.4,0,40,1,1,111,82,20,1
98,94,37.7,0,82,1,3,128,89,18,1
141,86,39.2,0,35,1,1,142,94,23,2
76,95,36.6,0,30,0,0,124,80,16,0
74,98,37.0,0,38,1,2,118,79,14,0
69,97,37.3,0,72,0,0,117,72,11,0
92,93,37.1,0,59,1,1,125,70,18,1
144,90,38.0,0,36,0,0,133,86,22,2
77,96,37.0,0,83,2,1,108,69,15,1
68,97,37.0,0,25,0,0,125,71,13,0
68,96,36.6,0,86,1,0,118,67,13,0
69,92,36.7,0,25,1,1,106,74,15,1
74,98,36.3,0,29,0,0,124,65,14,1
69,96,36.8,0,19,4,4,129,76,13,0
98,92,37.2,0,82,1,1,146,77,19,1
77,97,36.3,0,51,2,3,107,73,13,1
147,87,39.4,0,77,0,1,120,72,22,2
108,94,37.5,0,63,0,0,135,83,20,1
77,96,37.4,0,85,1,3,114,77,15,0
70,96,37.1,0,36,1,0,113,84,16,1
107,92,37.9,0,25,0,0,126,78,18,1
80,94,36.8,0,62,2,3,122,76,12,1
81,96,36.5,0,74,0,0,138,67,15,0
103,95,37.5,0,77,0,0,141,78,20,1
127,91,38.8,0,23,1,0,132,89,29,2
123,80,38.6,0,19,0,0,137,73,26,2
101,94,37.8,0,55,1,0,134,67,21,1
75,93,37.1,0,74,2,2,134,78,13,1
115,93,37.5,0,64,0,0,158,64,19,1
73,96,36.6,0,84,2,1,128,82,15,1
60,96,36.6,0,46,1,0,107,73,12,0
82,98,37.4,0,47,0,0,100,74,17,0
83,95,36.6,0,72,2,3,132,68,13,1
77,94,35.9,0,84,1,1,102,88,14,1
109,91,38.0,0,71,0,0,137,86,17,1
114,96,36.9,0,62,2,4,132,82,22,1
85,99,37.4,0,41,1,0,110,74,15,0
105,94,38.2,0,71,1,1,127,65,18,1
156,81,37.8,0,30,2,3,150,76,22,2
124,86,37.0,0,44,0,0,137,85,23,2
86,93,36.6,0,50,3,6,117,72,13,1
64,94,36.9,0,37,1,0,123,76,14,1
137,95,39.1,0,78,0,0,145,91,25,2
105,93,37.5,0,34,1,0,167,74,17,1
75,94,37.2,0,30,2,4,110,69,16,1
102,93,37.9,0,58,1,0,158,78,16,1
116,94,37.2,0,76,0,0,108,81,18,1
73,97,36.4,0,27,0,0,121,83,16,0
71,96,37.2,0,52,0,0,124,74,13,0
102,94,36.7,0,71,0,0,131,81,20,1
71,94,36.7,0,82,1,0,119,72,15,1
138,92,37.7,0,22,0,0,155,87,26,2
109,95,38.2,0,28,1,0,149,86,18,1
138,82,38.1,0,70,1,1,134,81,25,2
132,89,38.0,0,88,1,2,141,90,28,2
106,90,37.6,0,54,1,0,151,75,16,1
111,98,36.9,0,45,0,0,132,75,20,1
96,94,37.9,0,47,0,1,128,68,19,1
75,95,36.6,0,23,1,3,123,78,15,0
73,99,37.0,0,56,1,2,111,85,16,0
78,96,36.8,0,46,0,0,103,70,14,0
70,96,36.6,0,27,3,4,93,73,13,1
91,94,37.5,0,44,0,0,126,81,16,1
104,99,38.4,0,62,0,0,138,88,17,1
76,97,36.3,0,64,0,0,125,68,15,1
76,94,37.1,0,73,0,0,123,83,14,1
70,94,37.0,0,87,1,0,119,81,15,1
108,89,37.0,0,87,0,0,140,72,20,2
70,96,37.1,0,69,0,2,124,82,13,0
68,97,36.7,0,46,0,0,123,67,16,0
72,94,37.1,0,51,1,2,128,76,13,1
115,92,37.3,0,37,0,1,145,90,17,1
71,99,36.9,0,71,1,1,125,76,13,0
66,98,36.8,0,26,0,0,124,74,15,0
89,90,38.2,0,22,2,3,121,79,20,1
104,92,38.2,0,28,1,1,125,75,15,1
69,96,36.6,0,42,0,1,124,73,14,0
92,91,36.9,0,81,0,0,135,72,21,1
69,97,36.8,0,18,0,0,124,73,13,0
93,93,37.2,0,63,1,1,137,73,18,1
70,95,36.6,0,87,0,0,104,84,12,0
81,97,36.4,0,75,0,0,125,78,15,0
107,92,37.9,0,47,0,1,142,82,17,1
67,97,36.0,0,69,1,0,115,62,13,1
71,98,36.4,0,67,1,1,119,72,12,0
120,92,37.0,0,20,0,0,140,83,15,1
69,94,36.7,0,61,2,3,111,86,12,1
107,96,37.2,0,57,1,0,140,74,21,1
97,88,37.7,0,20,2,4,140,84,16,2
105,91,37.5,0,45,0,1,133,90,22,1
77,97,36.8,0,78,2,2,115,78,15,1
71,95,36.2,0,54,0,0,122,72,13,1
154,89,39.3,0,42,0,1,123,75,25,2
58,100,36.9,0,65,0,0,118,88,10,0
97,92,37.6,0,53,0,0,132,85,19,1
108,94,37.5,0,46,1,0,137,90,20,1
109,94,37.1,0,86,0,1,134,81,20,1
65,96,36.4,0,21,0,0,105,67,15,0
102,94,37.7,0,62,0,0,120,97,19,1
101,93,36.9,0,70,0,0,115,72,16,1
72,95,36.1,0,65,0,1,122,72,15,1
133,85,39.0,0,48,1,0,160,77,18,2
91,94,37.7,0,46,0,0,125,92,17,1
76,99,36.7,0,64,0,0,119,74,13,0
135,89,37.5,0,90,1,1,126,85,27,2
57,98,36.8,0,52,1,2,130,72,13,0
103,93,36.9,0,30,2,3,127,92,19,1
103,96,37.1,0,33,0,0,122,87,16,1
81,96,36.7,0,67,2,2,115,83,11,0
153,91,39.2,0,61,0,1,154,91,22,2
114,94,37.6,0,18,0,0,114,69,18,1
103,93,37.6,0,66,1,0,134,73,20,1
69,97,36.8,0,39,1,1,104,75,13,0
101,94,37.4,0,40,1,2,146,91,18,1
105,90,37.8,0,19,2,4,137,75,20,1
71,99,36.3,0,71,0,0,117,77,14,1
70,96,36.6,0,44,1,1,115,67,11,0
73,99,36.3,0,60,0,0,122,72,14,1
130,84,39.0,0,81,1,2,161,83,21,2
66,96,36.5,0,42,0,0,130,73,14,0
139,87,38.9,0,42,1,2,152,86,21,0
68,93,36.7,0,36,2,3,115,56,15,1
103,93,38.3,0,77,1,0,133,81,17,1
66,98,36.5,0,21,1,2,108,66,15,0
107,95,37.9,0,90,1,2,131,85,20,1
75,95,36.4,0,86,1,2,108,80,17,0
70,94,36.8,0,82,0,0,127,80,15,1
102,97,37.7,0,42,1,0,132,98,15,1
92,92,38.9,0,34,0,0,137,75,19,1
156,85,37.1,0,36,0,0,145,90,22,2
69,96,36.9,0,29,3,3,120,74,14,0
75,95,37.2,0,81,0,0,118,73,11,1
72,96,36.6,0,49,0,0,120,77,12,0
97,96,36.9,0,90,0,0,126,82,17,1
113,89,37.3,0,53,0,0,128,85,21,2
103,95,37.7,0,52,2,3,143,72,23,1
153,89,39.7,0,74,0,0,133,80,24,2
141,88,38.6,0,34,0,0,141,87,26,2
147,93,37.6,0,85,0,0,138,95,21,2
73,97,37.2,0,24,0,0,136,70,15,0
135,88,38.9,0,78,1,1,132,92,21,2
79,97,36.6,0,21,2,2,126,66,15,0
80,97,36.9,0,83,1,1,117,75,17,0
84,95,36.8,0,41,2,2,119,82,15,0
91,94,38.1,0,63,1,0,130,71,18,1
134,84,38.5,0,41,1,2,147,88,30,2
68,95,36.3,0,43,1,2,101,66,16,1
100,90,36.8,0,64,0,0,150,84,21,1
68,97,36.9,0,38,0,0,122,68,12,0
83,97,36.6,0,90,0,1,111,77,14,0
79,98,36.5,0,66,1,0,109,81,14,0
144,84,39.2,0,26,2,2,148,82,24,2
80,96,36.9,0,88,1,1,123,78,16,0
106,94,36.8,0,34,2,2,110,78,19,1
109,97,37.4,0,26,3,4,156,86,20,1
70,96,36.4,0,42,0,1,120,82,17,0
109,96,39.0,0,70,1,2,115,83,22,2
138,89,40.0,0,60,0,0,149,91,21,2
133,83,37.9,0,43,2,2,164,79,21,2
103,91,37.1,0,83,1,1,141,93,20,1
138,97,38.3,0,79,0,2,142,82,24,2
101,94,37.5,0,68,0,1,124,92,20,1
134,90,37.9,0,27,0,0,139,80,25,2
73,96,36.5,0,72,0,0,136,82,16,0
90,95,37.4,0,75,0,0,144,81,16,1
147,92,38.9,0,44,0,0,184,90,24,2
75,95,36.7,0,47,2,3,120,81,15,0
73,96,36.5,0,53,0,0,117,79,15,0
80,97,37.4,0,82,1,1,110,77,16,0
72,97,36.9,0,49,0,0,119,78,12,0
65,95,36.8,0,21,0,1,138,70,13,0
139,84,38.8,0,53,0,0,142,88,24,2
81,97,36.5,0,29,2,0,121,72,19,0
77,99,36.9,0,82,0,0,125,66,15,0
74,97,37.0,0,28,1,0,124,67,16,0
68,96,36.4,0,65,0,0,113,72,13,0
106,93,37.5,0,53,1,1,124,85,20,1
74,98,36.9,0,49,0,0,125,71,13,0
102,88,37.1,0,46,1,1,127,83,19,2
66,96,36.6,0,33,0,0,106,81,16,0
132,85,38.3,0,24,2,0,144,85,23,2
68,97,36.9,0,71,0,0,137,75,15,0
79,95,36.8,0,36,1,1,106,78,15,0
112,97,38.1,0,40,0,0,126,70,20,1
67,96,36.9,0,32,0,0,115,69,14,0
69,96,36.2,0,58,1,2,115,74,14,1
111,97,37.3,0,28,0,0,135,84,20,1
124,82,39.3,0,28,0,0,139,96,28,2
103,90,38.0,0,38,2,3,119,80,21,1
97,89,37.1,0,42,2,1,145,81,20,2
72,96,36.6,0,44,0,0,122,67,15,0
146,84,38.9,0,48,3,4,138,91,24,2
125,86,39.2,0,69,0,2,150,88,20,2
69,97,37.2,0,69,0,0,96,80,13,0
132,87,39.3,0,42,0,0,145,84,17,2
142,82,38.8,0,83,1,0,155,94,26,2
77,97,37.0,0,30,0,0,98,77,16,0
76,97,37.0,0,88,0,0,123,73,15,0
62,98,36.3,0,19,0,0,133,73,16,1
101,93,37.3,0,41,0,0,121,70,18,1
132,88,39.4,0,21,1,0,145,73,22,2
96,97,37.2,0,66,1,1,114,75,17,1
150,81,38.7,0,49,1,1,147,87,27,2
124,93,37.9,0,42,1,0,143,89,25,1
69,97,36.6,0,53,1,2,108,74,18,0
107,95,36.7,0,77,0,1,139,84,17,1
104,90,36.6,0,69,1,2,140,86,15,1
66,95,36.6,0,88,2,2,130,79,14,1
71,97,36.4,0,79,0,0,113,70,15,0
113,95,36.8,0,73,0,0,136,88,19,1
136,90,38.7,0,80,0,0,156,73,26,2
105,94,37.0,0,47,2,4,117,92,21,1
75,98,37.1,0,60,2,0,131,70,12,0
74,98,37.1,0,88,0,0,118,68,15,0
131,89,39.2,0,20,1,3,151,101,24,2
92,95,38.0,0,62,2,1,140,79,17,1
106,92,37.1,0,56,0,0,135,70,19,1
107,91,36.9,0,42,0,0,127,76,20,1
72,98,36.7,0,35,0,0,119,77,13,0
75,97,36.5,0,21,0,0,102,70,15,0
84,98,37.2,0,52,2,3,111,77,17,0
67,96,36.5,0,55,1,0,117,74,11,0
146,89,39.2,0,44,0,0,124,85,22,2
111,96,37.6,0,63,0,0,118,70,17,1
92,95,37.7,0,19,1,1,137,66,16,0
81,95,37.1,0,22,0,0,117,66,13,0
61,96,36.9,0,27,0,0,126,79,17,0
70,98,36.7,0,43,0,1,110,77,14,0
116,88,37.4,0,71,0,0,144,75,14,1
111,82,38.0,0,82,1,3,166,85,24,2
108,91,37.0,0,38,2,3,144,77,22,1
66,99,36.2,0,37,0,0,134,73,16,1
63,94,36.8,0,61,1,1,108,73,13,1
90,98,37.0,0,66,0,0,104,59,16,0
143,90,38.6,0,36,1,1,135,85,24,2
101,90,37.5,0,52,0,0,146,84,20,1
75,98,37.2,0,20,0,0,111,72,15,0
131,90,39.2,0,29,1,2,152,76,26,2
113,96,37.0,0,64,0,0,116,72,20,1
93,95,38.4,1,46,0,0,133,93,17,2
111,89,38.8,0,29,0,0,122,89,27,2
146,85,37.4,0,61,2,2,155,84,22,2
99,92,37.2,0,29,0,0,128,83,18,1
71,98,36.4,0,89,2,2,123,62,17,1
79,97,36.9,0,55,2,3,109,78,12,0
106,91,38.1,0,58,3,5,118,78,18,1
112,98,36.7,0,20,0,0,115,83,22,1
73,97,37.4,0,41,1,1,127,70,15,0
71,98,36.3,0,54,1,3,123,81,13,1
74,99,36.8,0,26,0,0,128,74,14,0
70,97,36.4,0,31,1,0,110,67,15,0
83,98,36.4,0,86,0,0,121,68,14,0
99,94,38.4,0,20,1,1,133,72,19,1
72,97,36.8,0,90,0,0,127,67,14,0
131,94,37.2,0,63,0,0,132,84,16,2
75,96,37.2,0,48,1,1,120,74,14,0
109,94,36.8,0,84,2,3,156,73,18,1
72,96,36.8,0,46,1,1,127,64,11,0
61,98,37.1,0,19,0,0,100,69,15,0
80,96,36.2,0,37,2,2,113,76,15,1
110,91,37.2,0,64,1,2,119,71,15,1
98,92,37.2,0,44,1,0,120,62,17,1
67,98,36.2,0,89,1,3,122,79,15,1
79,96,36.7,0,35,1,0,111,81,15,0
97,93,37.8,0,67,1,1,137,75,18,1
108,90,37.7,0,82,0,0,131,76,16,1
67,94,37.2,0,84,0,0,109,84,12,1
74,94,37.0,0,42,1,0,130,78,14,1
71,99,36.7,0,59,0,1,108,66,15,0
112,94,38.0,0,74,1,1,120,82,20,1
67,98,36.7,0,49,0,0,121,77,13,0
68,97,36.7,0,39,0,0,128,77,17,0
88,98,36.8,0,46,2,3,143,81,14,1
157,95,38.7,0,68,1,3,167,97,25,2
80,99,36.7,0,36,0,0,128,78,12,0
140,90,38.2,0,80,1,1,147,87,26,2
143,87,38.0,0,24,2,4,151,89,22,2
94,96,37.1,0,54,1,0,118,76,21,0
99,93,38.0,0,26,0,0,117,84,20,1
102,95,38.4,0,22,1,1,127,88,20,1
78,95,36.8,0,55,0,0,123,86,14,0
97,95,36.3,0,78,0,0,115,74,18,1
77,98,36.4,0,30,0,0,116,75,14,0
131,83,38.0,0,48,1,1,146,74,19,2
65,96,37.0,0,29,0,0,123,67,13,0
73,97,36.4,0,79,1,0,138,72,15,0
68,96,36.2,0,65,1,0,112,78,13,1
66,97,37.3,0,29,2,3,116,67,14,0
143,91,39.5,0,89,1,0,167,89,22,2
64,98,35.9,0,30,0,0,111,83,15,1
77,96,36.6,0,86,0,0,113,79,15,0
83,96,36.7,0,23,0,0,118,73,14,0
106,91,37.4,0,52,1,1,131,78,20,1
62,94,37.1,1,87,1,2,129,75,12,2
107,95,36.7,0,47,1,2,130,82,14,1
75,98,36.2,0,32,0,0,107,69,14,1
131,83,38.8,0,60,1,0,156,88,24,2
66,95,36.4,0,62,0,0,106,64,16,0
110,89,37.8,0,23,0,0,128,80,15,2
99,85,38.6,0,45,0,0,121,80,19,2
72,97,36.9,0,50,0,0,114,77,13,0
78,97,36.9,0,55,1,1,117,78,13,0
142,82,38.7,0,43,1,1,116,75,28,2
83,96,36.7,0,69,1,2,111,76,16,0
114,94,37.5,0,19,1,1,129,81,22,1
70,97,37.1,0,38,1,0,130,68,14,0
100,89,37.6,0,54,2,4,129,78,17,2
99,94,37.8,0,72,1,1,141,77,22,1
102,90,38.0,0,27,0,0,146,76,21,1
98,91,37.2,0,37,2,2,117,80,16,1
63,97,36.7,0,32,0,0,122,68,17,0
93,96,36.7,0,76,0,0,113,83,18,0
69,97,36.9,0,38,0,0,119,75,15,0
101,95,37.0,0,36,0,0,106,88,16,1
130,90,38.2,0,25,1,0,108,97,25,2
76,95,36.4,0,54,1,3,110,75,14,0
70,96,36.2,0,81,2,2,129,67,15,1
72,95,37.2,0,38,1,3,124,68,14,0
75,95,36.4,0,69,3,3,117,83,16,0
109,91,37.2,0,59,0,0,140,84,19,1
73,98,36.5,0,89,0,0,128,71,14,0
74,98,36.6,0,52,0,0,119,78,12,0
63,99,36.3,0,40,1,2,110,73,14,1
110,92,37.3,0,60,1,1,139,80,17,1
139,83,38.4,0,39,1,0,164,83,27,2
59,97,36.6,0,39,0,0,123,81,14,0
113,95,36.7,0,80,0,0,120,72,16,1
140,87,38.0,0,45,0,0,159,101,20,2
86,98,36.5,0,25,0,2,108,76,15,0
92,94,37.1,0,23,1,2,107,84,18,1
107,93,37.6,0,20,0,2,130,73,15,1
76,97,36.9,0,45,0,1,129,67,17,0
92,93,36.8,0,37,1,2,127,78,17,1
64,93,36.6,0,65,0,0,122,72,15,1
74,95,36.7,0,89,1,1,128,63,16,0
70,96,36.8,1,83,0,0,109,85,16,2
82,96,37.0,0,88,0,0,110,74,13,0
71,94,36.9,0,29,0,0,109,69,11,1
147,88,38.9,0,74,0,0,165,77,25,2
71,95,36.8,0,53,2,2,118,72,14,0
88,94,37.9,0,89,2,1,118,96,16,1
97,98,36.5,0,37,0,0,128,72,19,1
77,98,37.4,0,52,1,2,128,71,12,0
108,92,37.4,0,65,0,0,112,70,15,1
81,99,36.6,0,70,1,1,114,67,14,0
115,93,37.5,0,27,1,1,135,78,18,1
65,97,36.4,0,71,0,0,122,78,12,0
104,99,37.3,0,37,1,0,123,91,18,1
120,89,37.8,0,42,1,2,146,85,21,2
67,99,37.1,0,58,2,4,130,64,17,0
80,95,36.2,0,75,1,1,129,72,15,1
68,97,36.6,0,71,1,1,108,73,14,0
119,94,37.6,0,74,1,2,129,74,21,1
113,89,37.1,0,69,1,0,155,84,16,2
76,98,36.6,0,63,0,0,117,74,13,0
70,96,36.8,0,67,3,3,140,80,14,1
67,95,36.8,0,18,0,1,112,65,14,0
107,96,37.2,0,80,0,1,133,72,14,1
143,86,37.2,0,39,0,0,159,86,24,2
143,90,39.0,0,46,1,2,144,89,17,2
77,95,35.9,0,84,0,0,112,76,13,1
64,95,36.9,0,44,0,0,118,68,14,0
69,97,36.6,0,67,2,3,126,76,14,0
68,95,36.2,0,50,0,0,114,78,11,1
61,94,36.6,0,38,1,1,106,70,13,1
62,98,36.5,0,61,0,0,118,71,17,0
69,92,36.6,0,33,2,3,110,74,16,1
70,96,36.1,0,73,1,1,119,79,15,1
122,93,37.1,0,78,2,3,119,87,15,1
81,97,36.9,0,46,1,0,122,81,12,0
64,95,37.0,0,85,3,4,105,69,13,1
68,96,36.6,0,19,0,0,138,74,14,0
70,99,36.4,0,48,1,2,110,81,18,0
125,89,38.9,0,57,0,0,153,83,27,2
69,96,36.7,0,65,0,0,120,71,12,0
130,93,37.8,0,85,1,1,113,77,17,2
78,95,36.7,0,25,1,0,119,75,15,0
103,95,37.1,0,39,0,0,131,79,19,1
59,93,36.5,0,28,3,4,111,84,14,1
133,87,38.1,0,43,1,1,131,86,19,2
97,92,37.2,0,22,0,0,131,79,16,1
151,84,38.7,0,27,2,3,143,93,23,2
123,83,38.3,0,26,2,2,136,78,23,2
59,97,36.8,0,32,1,0,131,86,12,0
109,92,38.2,0,79,0,0,123,75,21,1
130,88,38.7,0,72,0,0,143,92,23,2
104,97,37.8,0,88,0,0,133,81,17,1
79,95,36.7,0,80,2,2,119,75,15,1
104,92,37.2,0,59,2,1,111,74,21,1
96,97,37.3,0,58,0,0,146,83,20,1
66,96,37.0,0,34,1,1,109,83,14,0
96,95,37.8,0,79,2,4,126,74,16,1
141,88,37.7,0,83,0,0,142,81,21,2
74,99,36.8,0,80,0,0,112,88,15,0
66,97,36.8,0,41,0,0,120,69,18,0
76,95,36.9,0,35,2,2,122,72,11,0
80,98,36.6,0,72,1,0,104,75,16,0
120,95,37.5,0,50,0,0,123,81,18,1
76,98,36.9,0,26,2,4,127,73,16,0
130,94,38.5,0,57,0,0,143,83,28,2
144,88,40.1,0,32,1,1,136,73,25,2
70,98,36.6,0,48,1,1,117,70,17,0
59,99,37.0,0,67,1,1,111,77,13,0
79,95,37.1,0,55,0,1,134,75,15,0
105,90,37.6,0,27,0,0,130,80,18,1
66,96,36.7,0,56,0,0,98,89,14,0
79,98,36.8,0,44,0,0,120,71,15,0
97,90,37.5,0,50,1,1,127,69,16,1
95,91,37.3,0,73,0,2,143,72,20,1
76,97,36.8,0,64,0,0,126,84,15,0
82,97,36.9,0,80,1,1,134,63,16,1
70,96,36.4,0,69,0,0,125,72,15,0
130,96,38.1,0,22,0,0,172,91,21,2
67,96,36.1,0,58,1,1,100,69,15,1
75,97,37.1,0,25,1,2,120,79,14,0
102,89,38.2,0,63,0,1,123,67,17,2
104,93,37.1,0,87,1,0,137,86,18,1
160,87,38.1,0,24,2,2,139,85,24,2
117,90,37.0,0,86,1,1,134,66,16,1
83,95,36.5,0,63,2,1,107,73,16,0
142,86,38.4,0,28,1,0,146,74,21,2
75,100,36.6,0,69,0,0,119,72,14,0
101,94,36.8,0,80,1,1,131,79,15,1
63,100,36.5,0,30,0,0,134,59,11,0
71,98,37.2,0,64,0,0,110,72,15,0
112,90,37.7,0,55,1,2,128,79,18,1
73,93,36.8,0,30,0,1,109,76,15,1
68,96,36.9,0,84,1,1,114,70,13,0
142,79,38.3,0,89,0,1,139,77,22,2
69,94,36.9,0,57,1,1,111,78,16,1
78,98,36.7,0,35,0,0,131,71,14,0
73,96,36.5,0,74,0,0,110,71,16,0
70,96,36.8,0,85,0,0,113,81,12,0
137,86,38.5,0,89,1,2,159,88,19,2
131,85,38.4,0,39,2,2,140,89,19,2
135,91,39.2,0,46,1,0,138,86,27,2
75,96,37.0,0,46,0,0,101,67,15,0
64,93,36.3,0,86,1,2,117,75,17,1
95,90,37.7,0,76,2,2,107,88,21,1
72,95,36.7,0,73,1,0,96,74,16,0
71,96,36.5,0,20,2,3,120,73,13,0
107,97,38.0,0,71,1,0,131,73,20,1
78,95,36.8,0,88,1,1,117,72,13,0
72,98,36.6,0,67,1,0,120,79,13,0
109,94,37.6,0,41,1,0,151,88,20,1
145,85,39.5,0,76,2,2,149,81,26,2
140,94,38.0,0,48,0,0,134,72,20,2
138,88,38.4,1,71,1,1,137,84,25,2
70,97,36.9,0,63,1,2,122,72,13,0
80,95,36.6,0,86,1,0,137,76,13,0
69,97,37.0,0,57,1,1,116,77,13,0
131,96,38.5,0,40,1,0,158,77,17,2
112,93,37.1,0,79,2,3,144,86,22,1
73,100,36.1,0,66,1,2,123,72,13,1
59,95,36.8,0,35,1,3,107,82,14,0
108,90,37.7,0,63,2,5,135,75,23,1
68,97,36.6,0,40,0,1,104,72,14,0
106,92,37.2,0,23,0,1,117,75,20,1
81,98,36.9,0,32,0,0,115,72,13,0
134,85,38.4,0,60,0,0,128,79,23,2
71,95,36.7,0,67,0,0,124,77,16,0
143,85,38.0,0,30,0,0,155,87,25,2
67,100,37.4,0,19,1,1,92,89,17,1
69,96,36.9,0,53,1,0,117,83,17,0
63,96,36.9,0,60,1,0,115,87,15,1
117,94,37.7,0,48,1,1,141,77,19,1
71,97,37.0,0,63,1,2,121,74,15,0
62,96,36.8,0,82,0,0,100,76,13,0
67,96,37.1,0,84,2,2,102,83,16,1
67,94,36.4,0,52,1,3,106,82,16,1
145,83,39.2,0,44,0,0,142,92,26,2
67,97,36.9,0,19,0,0,120,75,15,0
107,92,37.4,0,67,0,0,144,80,16,1
156,86,38.6,0,65,0,1,159,78,25,2
103,97,37.4,0,55,1,1,139,71,18,1
111,90,37.8,0,64,2,2,139,77,18,1
134,89,38.1,0,56,0,0,153,76,23,2
100,97,37.7,0,22,1,1,116,79,18,1
72,95,37.1,0,51,0,0,118,80,16,0
106,96,37.5,0,42,1,0,127,80,21,0
68,97,36.7,0,59,1,2,109,69,12,0
80,95,37.1,0,71,0,1,95,81,16,0
65,96,36.6,0,24,0,0,108,73,14,0
64,94,37.4,0,57,1,0,103,67,14,1
72,97,36.8,0,61,3,3,116,65,14,2
121,91,36.9,0,79,0,1,141,84,23,1
79,95,36.9,0,89,1,3,127,64,17,0
74,99,36.3,0,63,0,0,110,73,17,1
112,94,37.7,0,59,0,0,137,75,21,1
65,96,36.4,0,56,0,0,118,73,14,0
139,83,37.3,0,73,2,2,148,93,22,2
138,85,39.3,0,48,1,0,151,81,17,2
69,97,36.4,0,22,0,1,106,73,17,0
69,98,37.1,0,73,1,0,133,74,13,0
109,98,38.0,0,22,0,1,105,84,20,1
74,96,36.9,0,79,2,0,104,74,13,1
93,94,37.5,0,79,0,0,148,69,20,1
142,89,37.3,0,33,1,1,127,77,23,2
75,94,36.4,0,49,2,2,126,69,14,1
99,100,37.6,0,54,0,0,134,83,18,1
140,93,38.2,0,43,1,1,168,80,27,2
93,95,37.8,0,19,1,1,140,87,18,1
111,95,37.4,0,31,2,4,135,67,20,1
122,87,39.2,0,31,2,3,152,68,18,2
132,85,38.2,0,58,2,3,152,80,19,2
63,91,36.7,0,29,0,0,126,70,16,1
159,84,38.5,0,53,1,1,161,79,19,2
75,98,36.8,0,74,0,0,108,66,17,0
82,96,37.2,0,51,1,1,112,77,14,0
87,95,37.0,0,40,0,0,131,69,17,0
84,95,36.9,0,82,0,1,122,84,14,0
69,97,36.2,0,37,1,0,112,84,15,1
71,97,36.6,0,35,3,4,114,68,12,0
93,92,38.6,0,36,2,2,125,85,16,1
138,93,38.8,0,69,0,0,147,71,23,2
95,88,38.0,0,29,0,0,118,83,19,2
70,96,36.7,0,74,1,1,110,77,13,0
78,97,36.8,0,74,1,4,120,72,13,0
75,95,36.9,0,86,2,3,122,72,13,1
75,94,37.0,0,69,2,4,112,69,14,1
131,93,38.1,0,62,0,0,158,75,22,2
120,87,36.9,0,34,0,0,137,78,19,2
100,91,36.6,0,31,0,0,114,73,17,1
112,94,36.7,0,38,1,0,150,77,19,1
76,94,36.8,0,61,3,4,110,78,17,1
68,96,36.3,0,85,0,0,111,80,15,1
101,92,36.9,0,52,0,0,122,63,21,1
104,93,37.9,1,81,1,1,140,69,17,2
66,97,36.6,0,24,1,1,117,85,15,0
115,91,37.3,0,86,1,2,120,78,20,1
117,92,36.8,0,69,1,0,134,65,17,1
136,80,38.8,0,76,1,1,163,76,21,2
141,91,38.3,0,72,0,0,166,74,26,2
65,96,36.5,0,84,1,1,126,81,16,0
78,96,37.0,0,25,0,0,120,82,14,0
69,98,37.2,0,61,0,0,112,64,14,0
75,97,36.0,0,50,1,0,100,67,14,1
78,97,37.1,0,22,3,5,126,73,16,0
99,95,37.3,0,65,0,0,122,84,23,1
61,95,37.0,0,40,0,0,105,71,14,0
96,91,37.5,0,40,2,3,146,84,18,1
64,96,36.3,0,46,0,0,119,80,13,1
85,93,37.1,0,76,3,4,114,73,14,1
134,87,38.8,0,38,2,2,128,77,22,2
90,95,36.4,0,61,0,0,130,82,17,0
98,92,38.2,0,72,0,0,137,68,18,1
77,95,36.5,0,38,1,1,120,73,15,1
69,97,36.5,0,26,1,2,103,82,12,0
74,99,36.8,0,21,1,1,119,80,17,0
66,95,36.9,0,41,1,1,109,83,16,0
118,85,38.0,0,55,1,2,143,93,24,2
107,93,36.2,0,62,2,1,128,69,19,1
73,95,36.5,0,83,0,0,123,80,10,0
74,96,36.6,0,79,1,1,131,76,11,0
66,97,36.6,0,65,1,0,126,63,12,0
76,93,36.6,0,34,2,1,98,75,15,1
110,98,38.3,0,29,2,1,141,78,20,1
77,95,37.0,0,50,2,2,120,70,14,0
73,98,36.6,0,67,0,0,125,77,15,0
112,94,37.5,0,78,1,1,129,83,18,1
65,97,36.6,0,90,1,0,129,71,15,0
68,96,36.7,1,19,3,3,113,85,14,0
71,99,37.3,0,87,0,0,129,79,15,0
68,97,36.5,0,75,1,0,97,57,14,0
88,96,37.0,0,25,0,0,106,77,14,0
68,98,36.7,0,68,1,2,130,78,14,0
105,94,37.3,0,74,0,0,127,75,13,1
68,95,36.7,0,24,1,1,117,79,14,0
118,95,36.9,0,45,0,0,136,75,21,1
105,94,36.8,0,76,0,0,119,74,17,1
125,86,38.8,0,38,0,0,142,84,25,2
107,98,37.2,0,19,0,0,130,86,16,1
105,94,37.1,0,22,1,2,120,74,20,1
57,97,36.7,0,87,0,0,114,62,14,0
155,87,39.6,0,53,0,0,127,89,18,2
111,95,37.2,0,56,0,1,106,81,19,1
107,90,36.8,0,82,1,3,119,77,19,1
64,98,36.9,0,58,1,3,122,62,13,0
98,90,37.4,0,52,2,1,132,78,19,1
136,90,37.8,0,62,0,0,140,96,26,2
78,96,36.7,0,89,0,0,119,79,12,0
95,96,37.4,0,85,1,1,127,88,15,1
106,93,37.7,0,52,1,2,134,72,21,1
108,99,36.6,0,52,1,0,151,72,18,1
87,95,36.8,0,83,2,2,133,79,17,1
68,98,36.6,0,77,1,1,109,75,16,0
70,97,37.1,0,60,1,0,120,74,11,0
78,96,36.8,0,35,0,1,112,74,13,0
96,94,37.3,0,32,0,1,135,88,21,1
103,91,37.0,0,82,2,4,118,83,23,1
63,97,36.7,0,51,0,0,114,73,13,0
76,96,36.9,0,87,0,0,119,82,11,0
81,98,37.1,0,57,1,2,123,71,15,0
66,97,36.6,0,38,1,1,115,66,13,0
104,92,37.1,0,80,1,0,126,73,16,1
85,92,37.1,0,44,0,0,142,86,19,1
71,100,36.6,0,68,0,0,127,80,13,0
75,98,36.6,0,22,1,2,135,78,17,0
115,92,37.5,0,83,1,1,125,75,17,1
71,97,36.2,0,54,2,2,115,75,15,1
98,93,37.4,0,62,0,0,140,80,18,1
81,99,37.1,0,56,0,1,139,74,13,0
71,99,36.7,0,58,0,0,132,76,14,0
74,96,36.6,0,58,1,1,116,74,15,0
80,97,37.4,0,20,0,0,135,74,16,0
104,93,37.3,0,38,0,0,130,72,18,1
112,91,37.8,0,90,0,0,126,79,19,1
70,99,37.3,0,41,0,0,141,71,17,1
73,97,36.6,0,31,1,0,121,77,16,0
74,98,36.4,0,20,3,4,117,72,15,0
80,98,37.5,0,76,1,1,102,66,15,0
62,97,37.0,0,24,0,0,135,78,14,0
124,85,38.3,0,63,0,0,157,100,20,2
115,90,37.8,0,50,0,0,127,83,19,1
70,94,36.8,0,20,0,0,134,69,14,1
84,91,37.5,0,90,0,0,124,82,17,1
71,96,36.8,0,54,0,0,111,70,14,0
75,99,37.0,0,53,2,4,121,75,11,0
77,97,37.1,0,61,0,2,126,68,17,0
145,91,38.2,0,73,2,4,157,80,24,2
74,98,37.2,0,64,0,0,122,76,17,0
75,98,37.2,0,23,0,0,107,72,15,1
95,93,37.7,0,33,0,0,140,71,16,1
67,97,36.8,0,26,1,0,123,72,13,0
80,97,36.6,1,85,1,1,117,68,12,2
105,93,37.8,0,84,0,0,128,76,21,1
110,93,36.8,0,83,0,0,136,81,16,1
73,94,36.6,0,74,3,5,106,84,12,1
80,97,36.4,0,75,0,0,115,65,16,0
112,89,37.2,0,49,1,2,148,84,19,2
123,88,38.8,0,56,1,0,155,91,23,2
79,98,36.2,0,31,0,0,109,75,13,1
70,96,36.5,0,90,0,0,132,77,17,0
140,81,39.0,0,76,0,1,171,81,24,2
101,98,37.2,0,87,0,0,125,68,18,1
105,96,37.7,0,88,2,3,129,72,19,1
76,97,36.5,0,46,0,0,115,73,15,0
69,95,36.6,0,67,0,0,123,85,14,0
77,97,36.8,0,45,0,0,120,71,17,0
81,95,36.9,0,90,1,2,116,81,15,0
78,94,36.4,0,43,2,2,124,75,15,1
102,93,37.1,0,37,1,0,114,78,18,1
101,93,37.3,0,88,0,0,121,82,19,1
79,98,36.6,0,41,0,1,113,75,14,0
114,86,39.4,0,57,0,0,168,89,26,0
131,93,38.1,0,62,0,0,138,104,18,2
72,95,36.8,0,85,2,3,114,72,13,1
121,87,38.4,0,59,0,0,150,82,28,2
92,91,36.8,0,20,2,4,119,71,20,1
81,96,36.6,0,76,0,0,135,75,14,0
113,92,37.4,0,78,2,3,133,75,17,1
74,95,36.5,0,23,0,0,123,89,15,0
124,92,37.5,0,88,3,4,133,77,21,1
127,84,38.5,0,80,1,2,140,90,26,2
63,97,36.5,0,30,0,0,111,68,13,0
81,97,36.7,0,63,2,4,121,83,16,0
60,94,36.3,0,33,0,0,119,74,16,1
105,95,37.6,0,20,2,2,126,73,18,1
146,82,40.0,0,56,1,2,157,76,26,2
84,96,37.0,0,57,2,3,127,66,17,0
149,84,38.1,0,74,3,4,130,81,24,2
72,97,36.5,0,61,0,0,103,81,15,0
73,96,36.9,0,84,2,3,104,80,13,1
74,98,37.0,0,33,0,0,118,67,15,0
105,97,36.3,0,61,0,0,120,62,16,1
109,92,37.6,0,58,1,1,147,82,20,1
74,98,36.5,0,81,0,0,118,68,14,0
107,93,38.0,0,43,1,0,138,89,17,1
121,91,39.2,0,31,2,1,125,77,19,2
80,96,36.1,0,64,1,1,109,73,15,1
137,92,38.8,0,70,0,0,138,67,21,2
69,93,36.8,0,78,3,3,121,64,16,1
69,99,36.7,0,40,1,1,118,86,14,0
77,94,37.0,0,89,2,3,112,73,14,1
67,97,36.4,0,52,0,0,116,71,14,0
93,95,37.7,0,59,1,1,123,75,20,0
75,95,36.1,1,61,2,2,137,70,15,2
76,97,36.5,0,31,0,0,121,73,18,0
148,85,38.5,0,52,0,0,137,95,27,2
105,94,37.9,0,43,0,0,127,89,17,1
71,98,36.5,0,52,1,2,105,77,13,0
72,97,36.5,0,45,0,0,130,64,17,0
73,98,36.6,0,52,1,0,108,74,15,0
74,94,36.7,0,78,0,0,125,71,17,1
74,97,36.8,0,87,2,4,118,79,18,1
104,95,37.1,0,42,1,0,146,75,19,1
56,97,37.1,0,41,1,1,119,72,12,0
103,90,36.8,0,66,3,5,122,75,15,1
65,96,36.7,0,54,1,2,104,72,13,0
94,90,37.8,0,58,1,0,128,75,14,1
123,92,37.7,0,34,3,3,132,79,17,0
140,80,36.9,0,57,2,2,179,83,18,2
114,89,39.4,0,61,1,3,149,90,28,2
95,90,37.0,0,29,1,0,140,73,15,1
72,95,36.3,0,43,0,0,112,72,13,1
65,97,36.7,0,19,0,0,137,89,13,0
74,96,36.5,0,34,1,0,102,76,15,0
144,86,40.4,0,87,1,1,129,83,21,2
128,89,38.0,0,70,0,0,159,81,25,2
71,97,36.2,0,42,0,0,125,77,16,1
78,99,37.1,0,74,0,0,112,66,13,0
111,95,37.4,0,90,0,1,134,87,15,1
104,93,37.5,1,28,2,1,113,74,17,2
79,96,36.9,0,74,1,1,116,71,16,0
104,90,37.3,0,52,0,0,133,83,19,1
109,92,37.5,0,51,1,1,125,70,20,1
110,91,37.3,0,70,1,2,134,67,18,1
124,96,37.8,0,22,1,0,131,78,19,1
112,91,38.7,0,73,1,2,143,89,24,1
112,93,37.2,0,70,0,0,145,81,16,1
70,94,37.0,0,40,1,1,120,81,14,1
99,90,37.3,0,49,0,1,135,68,19,1
68,97,36.6,0,23,0,0,111,78,15,0
72,97,36.7,0,42,1,0,135,76,14,0
54,95,36.8,0,28,2,0,113,75,15,0
82,96,37.2,0,27,0,0,130,73,20,0
93,95,37.9,0,21,1,1,146,75,19,1
81,97,36.8,0,76,0,0,124,79,17,0
72,96,36.8,0,53,1,2,121,87,12,0
132,96,39.3,0,63,0,1,167,79,18,2
104,94,38.3,0,21,0,0,136,66,18,1
94,89,37.7,0,30,2,2,135,70,14,2
63,96,36.5,1,81,1,0,115,75,15,2
66,97,36.9,0,19,1,0,116,66,13,0
71,95,36.4,0,29,0,0,116,68,14,0
70,98,36.7,0,51,0,1,104,74,12,0
73,98,37.6,0,22,1,1,109,86,13,0
100,95,37.0,0,37,1,1,115,82,18,1
93,98,36.9,0,45,2,2,126,89,18,0
69,97,36.8,0,44,2,3,115,76,15,0
111,88,37.1,0,63,0,0,130,91,21,2
91,92,37.4,0,49,0,0,110,77,21,1
103,94,38.0,0,86,2,1,135,71,19,1
94,92,37.4,0,27,3,4,136,79,16,1
64,98,36.9,0,45,1,2,115,75,15,0
71,97,37.3,0,60,0,0,115,68,16,0
101,95,37.4,0,66,2,4,122,89,18,1
135,85,38.8,0,78,1,2,137,86,22,2
73,98,36.3,0,67,0,0,116,80,16,1
70,97,36.7,0,89,0,0,130,78,15,0
82,95,37.2,0,42,1,2,116,78,16,0
134,88,39.2,0,89,1,2,132,82,22,2
132,78,39.5,0,20,2,3,150,91,25,2
81,98,36.9,0,68,1,2,93,71,15,1
64,97,36.5,0,82,1,1,134,77,13,0
77,97,36.8,0,57,2,3,124,71,16,0
154,86,38.4,0,64,1,2,155,80,17,2
73,96,36.1,0,34,2,1,110,76,13,1
103,94,37.9,1,28,0,0,152,80,17,2
83,96,36.6,0,18,1,1,94,85,15,1
68,97,36.4,0,81,0,0,118,72,14,0
59,97,36.6,0,85,0,1,109,70,16,0
77,97,36.4,0,79,2,1,113,76,19,1
105,93,36.5,0,34,1,0,138,82,15,1
111,91,37.9,0,79,1,1,141,61,21,1
107,88,37.5,1,20,2,1,120,81,18,2
72,99,36.6,0,84,0,0,116,77,17,0
117,89,37.6,0,85,4,7,126,81,17,2
107,91,37.5,0,21,4,5,137,71,20,1
67,96,37.4,0,64,2,4,106,63,15,0
67,96,36.9,0,81,1,2,104,75,15,0
109,97,37.9,0,90,1,1,141,81,20,1
107,84,36.7,0,39,0,0,163,79,28,2
132,91,38.9,0,51,1,3,158,87,19,2
103,93,37.6,0,42,1,0,143,84,20,1
142,84,38.0,0,30,1,0,148,72,24,2
75,94,36.5,0,74,2,3,108,77,15,1
67,96,36.3,0,42,0,1,111,80,13,1
101,98,36.6,0,81,1,0,135,80,18,1
68,94,36.7,0,77,3,5,125,75,12,1
107,92,37.7,0,37,0,0,140,74,21,1
113,98,37.5,0,38,1,2,124,81,17,1
133,85,38.2,0,90,1,1,161,90,23,2
127,90,40.0,0,35,1,1,147,86,24,2
132,94,37.7,0,68,1,3,128,79,18,2
108,94,37.7,0,83,2,3,131,70,17,1
53,97,36.8,0,64,0,0,114,71,15,0
113,98,37.2,0,80,0,0,157,73,21,1
82,96,36.8,0,83,0,0,135,81,13,0
70,98,36.4,0,48,1,0,129,81,15,1
143,91,37.4,0,68,0,0,142,82,21,2
102,90,37.2,0,71,2,2,128,74,19,1
65,96,37.0,0,64,2,4,115,71,14,0
96,95,37.3,0,58,0,0,145,80,16,1
107,87,37.9,0,49,0,1,152,81,26,2
139,83,38.3,0,65,3,4,134,87,25,2
104,92,36.4,0,40,1,2,126,67,14,1
79,96,37.2,0,40,0,0,136,75,15,0
134,91,39.3,0,38,1,1,138,76,19,2
141,88,37.4,0,23,0,0,152,84,22,2
67,98,36.7,0,50,0,0,117,71,14,0
108,93,37.7,0,25,0,0,128,83,16,1
74,99,36.6,0,26,0,0,131,70,15,0
88,96,36.7,0,65,3,4,118,75,15,0
149,84,37.5,0,58,1,1,149,86,23,2
71,99,36.4,0,50,1,0,147,60,14,1
107,93,37.6,0,90,0,0,118,82,20,1
101,92,37.3,0,79,1,0,123,54,21,1
88,92,36.8,0,63,1,0,136,85,20,1
67,98,36.0,0,35,0,0,119,72,16,1
110,96,37.0,0,65,1,1,130,88,16,1
76,95,36.8,0,65,2,2,98,83,13,0
142,89,38.9,0,79,1,1,153,89,20,2
105,91,37.3,1,89,2,2,122,84,18,2
140,89,38.5,1,62,1,3,128,92,24,2
94,99,37.4,0,80,0,0,140,84,18,1
106,93,38.0,0,44,1,1,120,83,18,1
81,96,37.4,0,60,2,2,123,84,13,0
102,94,37.7,0,60,1,1,126,78,18,1
74,95,36.4,0,79,1,0,114,76,16,0
74,99,36.4,0,31,0,0,128,64,14,0
109,93,37.9,0,66,2,1,119,75,20,1
61,99,36.9,0,44,0,0,127,76,14,0
69,97,37.0,0,27,0,0,106,75,15,0
66,96,37.0,0,48,1,2,117,80,14,0
71,93,36.7,0,86,1,2,134,78,15,1
86,95,36.9,0,80,0,1,130,74,16,0
67,97,36.9,0,51,1,3,129,67,13,0
72,97,36.6,0,56,1,1,117,72,15,0
121,91,38.8,0,31,0,0,154,73,18,1
96,94,37.8,0,43,3,3,127,71,22,1
144,87,39.1,0,74,0,0,156,93,23,2
113,90,37.5,0,44,0,0,130,85,21,1
74,95,36.8,0,27,1,1,124,75,12,0
118,82,38.8,0,50,2,1,150,80,24,2
109,94,37.2,0,72,2,3,120,83,18,1
112,95,37.3,0,19,0,0,124,67,19,1
75,96,36.6,0,76,1,2,131,76,12,0
92,92,36.8,0,81,1,1,122,84,21,1
107,96,37.5,0,86,0,0,147,82,14,1
135,92,37.5,0,56,0,0,132,97,24,2
120,88,38.9,0,20,0,0,134,81,25,2
73,97,36.9,0,77,0,0,120,80,14,0
70,99,36.9,0,30,1,2,122,72,12,0
63,93,36.9,0,45,3,4,98,67,14,1
77,96,36.7,0,41,0,0,119,79,16,0
70,95,37.0,0,27,2,2,118,65,14,0
135,82,38.3,0,86,2,0,150,83,26,2
76,94,37.4,0,81,4,5,118,82,15,1
103,89,36.9,0,40,0,0,142,88,16,2
161,86,38.3,0,18,0,0,173,86,23,2
103,100,36.5,0,70,1,0,127,86,19,1
124,85,38.8,0,79,1,0,142,85,26,2
144,92,38.0,0,68,0,0,143,81,23,2
103,97,37.6,0,63,1,0,134,74,17,1
114,88,40.1,0,40,3,2,134,85,27,2
109,96,38.2,0,80,1,1,117,76,19,1
75,98,36.1,0,85,1,0,136,79,15,1
80,93,36.9,0,66,2,2,119,71,16,1
132,88,38.9,0,81,0,0,167,98,22,2
68,96,36.9,0,76,0,0,110,82,14,0
99,93,37.4,0,34,2,4,118,71,20,1
70,96,37.3,0,81,0,0,126,73,16,0
76,95,37.4,0,60,0,0,108,69,15,0
68,95,36.6,0,67,2,1,119,71,16,0
149,89,37.7,0,70,1,0,180,89,23,2
73,98,36.8,0,36,2,5,103,79,13,0
68,99,36.4,0,44,1,1,113,78,15,0
133,85,39.0,0,72,2,3,135,84,22,2
74,96,36.6,0,61,2,2,125,68,14,0
66,96,36.7,0,80,0,0,111,77,14,0
73,97,36.1,0,52,0,0,130,85,13,1
103,95,37.6,0,61,0,0,145,70,18,1
79,98,36.4,0,67,2,1,99,89,16,0
132,95,39.5,0,25,1,1,132,74,22,2
135,93,38.4,0,62,1,1,137,84,21,2
72,98,37.1,0,39,1,1,96,74,16,0
76,97,37.0,0,51,0,1,132,79,12,0
79,95,36.7,0,71,0,0,123,80,17,0
60,98,36.5,0,68,0,0,109,72,14,0
75,95,37.0,0,72,2,2,132,88,12,1
75,97,36.7,1,39,2,3,106,64,14,2
76,98,37.0,0,70,1,0,127,69,15,0
105,92,37.9,0,45,0,0,133,91,19,1
75,96,36.0,0,66,1,1,122,77,16,1
73,98,36.4,0,39,0,0,148,57,15,1
115,96,38.5,0,85,0,0,138,76,20,1
77,94,37.0,0,78,1,2,130,68,16,1
100,90,36.8,0,89,0,0,141,68,22,1
114,96,36.9,0,56,3,4,150,80,15,1
68,97,37.4,0,33,0,1,128,73,16,0
126,85,38.7,0,44,0,0,132,96,21,2
76,96,37.2,0,72,2,2,103,70,16,1
122,86,38.4,0,51,1,1,158,85,21,2
92,96,37.1,0,41,1,1,130,79,19,0
61,95,36.2,0,74,2,4,107,72,13,1
97,91,37.5,0,74,2,3,154,73,20,1
69,96,36.5,0,19,1,0,133,73,14,0
85,96,36.6,0,88,1,0,120,65,12,0
69,97,37.0,0,75,0,0,122,83,13,0
61,94,36.6,0,32,1,2,113,87,14,1
68,97,36.1,0,30,1,0,124,76,14,1
75,99,36.7,0,33,0,0,115,84,17,0
77,98,36.9,0,19,0,0,131,71,15,0
75,99,36.8,0,86,1,2,110,85,18,0
104,92,37.4,0,46,0,2,114,85,16,1
128,93,39.0,0,64,0,0,128,90,23,2
102,93,36.9,0,35,1,1,126,74,20,1
114,90,37.5,0,45,3,3,124,82,18,1
142,88,39.1,0,29,0,0,193,78,25,2
134,88,39.7,0,43,3,4,138,102,19,2
116,95,37.8,0,31,3,4,136,79,20,1
68,95,36.5,0,20,0,0,124,83,15,0
62,98,36.8,0,66,0,1,114,71,14,0
66,97,37.0,0,41,1,1,119,74,12,0
149,98,38.7,0,42,1,2,142,76,21,2
142,85,38.3,0,51,1,1,157,91,19,2
133,76,39.2,0,36,0,1,134,93,26,2
152,89,40.0,0,59,1,2,158,80,27,2
114,91,37.8,0,71,2,3,135,84,20,1
69,98,37.3,0,18,0,0,116,79,17,2
111,97,37.2,0,89,3,3,111,76,19,1
101,96,37.2,0,19,1,1,105,93,19,1
102,91,37.4,0,63,0,0,122,78,18,1
124,91,37.1,0,59,0,0,122,76,20,1
59,95,36.6,0,29,2,0,111,72,12,0
74,97,36.5,0,42,0,0,116,70,16,0
102,99,37.5,0,60,1,0,135,71,17,1
122,90,38.1,0,20,0,0,157,83,24,1
74,96,36.5,0,83,0,0,109,71,14,0
64,96,37.8,0,87,0,0,118,82,13,0
73,96,36.7,0,48,0,0,131,63,15,0
76,98,36.5,0,23,0,0,133,68,15,0
69,98,36.6,0,73,1,1,110,80,13,0
76,96,36.8,0,37,2,2,111,78,15,0
119,95,37.9,0,44,1,0,149,67,18,1
148,78,38.7,0,28,2,3,128,89,18,2
74,94,37.2,0,90,1,3,105,77,13,1
71,98,36.7,0,21,0,0,145,84,12,1
88,94,36.7,0,83,2,2,132,89,16,1
76,96,36.4,0,32,2,2,119,74,14,0
76,94,36.6,0,85,1,1,118,76,14,1
98,94,36.7,0,87,1,2,118,75,19,1
110,94,37.0,0,78,0,0,122,78,15,1
68,96,36.9,0,86,0,0,122,80,14,0
135,83,39.3,0,82,0,1,157,95,22,2
66,96,37.0,0,79,2,3,116,73,12,1
149,86,37.0,0,65,1,2,136,100,24,2
78,97,36.6,0,24,0,0,118,80,16,0
72,97,36.8,0,77,2,1,109,80,15,1
163,88,38.2,0,45,1,1,152,93,21,2
134,81,38.4,0,42,1,2,149,101,16,2
101,93,37.7,0,76,0,0,139,78,18,1
90,95,38.6,0,56,0,1,135,81,18,1
63,96,36.8,0,34,0,0,123,78,15,0
148,91,38.3,0,78,0,0,153,94,22,2
58,98,36.7,0,79,0,0,119,79,15,0
112,93,37.4,0,68,2,2,105,78,15,1
100,92,37.1,0,66,1,1,130,76,18,1
101,94,36.9,0,54,0,0,141,77,18,1
58,98,36.4,0,19,1,2,111,78,12,0
129,81,38.3,0,49,0,0,134,88,26,2
88,93,37.6,0,49,1,0,112,80,19,1
106,95,36.8,0,42,2,3,141,72,16,2
68,97,37.3,0,30,0,0,121,75,14,0
135,87,38.5,0,56,1,1,134,69,24,2
72,97,37.0,0,40,1,0,98,69,15,0
72,97,37.4,0,52,0,1,123,81,15,0
82,98,36.5,0,27,0,0,119,69,14,0
98,96,37.0,0,56,0,0,154,85,19,1
114,93,37.4,0,68,0,0,152,91,23,1
68,95,37.2,0,25,0,0,103,85,13,0
70,100,36.5,0,86,0,0,124,80,17,0
76,96,36.5,0,59,2,3,125,77,12,0
134,87,38.0,0,25,1,1,153,81,26,2
73,95,36.8,0,37,2,2,113,90,13,0
73,95,36.6,0,50,1,1,119,72,14,0
70,94,36.8,0,60,2,3,134,74,15,1
80,96,36.6,0,28,2,3,108,82,14,0
110,92,36.9,0,36,0,0,129,69,15,1
109,90,38.2,0,59,0,0,122,79,17,1
150,82,37.6,0,88,2,3,150,79,21,2
81,96,36.4,0,83,3,4,109,70,14,1
71,94,36.6,0,82,1,2,108,87,17,1
110,92,37.1,0,53,3,5,137,84,17,1
149,86,39.7,0,64,1,2,122,93,22,2
154,87,37.7,0,55,1,2,149,93,18,2
106,96,36.5,0,55,0,0,135,78,14,1
99,91,37.1,0,32,1,1,110,82,16,2
113,89,38.2,0,87,0,0,119,77,22,2
76,94,36.3,0,52,2,1,110,90,14,1
76,95,36.4,0,31,2,2,110,75,14,0
66,97,36.6,0,38,0,0,148,79,16,1
71,94,36.8,0,80,4,4,108,74,17,1
69,95,36.6,0,25,2,3,130,73,14,0
101,92,37.1,0,48,2,1,133,86,21,1
102,92,37.6,0,78,0,0,150,80,17,1
72,96,36.3,0,60,0,0,114,76,13,1
70,96,37.2,0,83,1,3,126,68,12,0
105,91,37.6,0,52,0,0,127,78,19,1
100,91,37.3,0,50,0,0,116,87,21,1
68,95,36.6,0,75,1,0,116,75,14,0
68,96,36.9,0,37,0,0,114,85,16,0
102,90,37.6,0,34,0,1,115,82,18,1
76,96,36.8,0,43,1,0,121,78,15,0
79,97,37.1,0,29,0,0,134,75,17,0
98,96,37.6,0,68,1,1,103,87,15,1
118,92,37.0,0,64,2,2,128,89,20,1
73,95,37.0,0,83,2,1,122,67,12,1
101,91,37.2,0,67,0,1,132,78,18,1
72,96,36.5,0,41,0,0,113,81,13,0
135,85,39.4,0,86,1,2,125,82,25,2
76,95,36.6,0,66,1,0,121,66,15,0
73,97,36.7,0,28,1,0,120,77,13,0
108,93,37.7,0,39,1,1,150,74,19,1
111,91,38.0,0,86,0,0,131,92,17,1
106,92,37.0,0,60,2,4,118,89,21,1
137,81,38.0,0,50,1,2,173,85,28,2
100,93,37.6,1,35,1,3,142,83,19,2
100,90,38.3,0,42,2,2,118,76,20,1
115,93,36.7,0,71,1,2,141,78,20,1
72,96,36.5,0,84,1,0,144,76,16,1
67,95,36.9,0,32,0,0,122,81,16,0
100,95,37.6,0,81,1,0,139,85,20,1
70,97,36.4,0,55,1,0,135,78,15,0
81,98,36.4,0,23,1,1,128,75,18,0
67,98,36.8,0,59,1,1,139,80,16,0
76,96,36.6,0,30,1,2,102,62,13,0
76,96,36.6,0,39,0,0,113,71,14,0
115,92,37.7,0,79,0,0,127,71,20,1
67,94,36.7,0,81,1,0,99,77,15,1
73,99,36.6,0,28,0,0,115,73,14,0
87,93,37.3,0,66,1,2,120,88,18,1
152,88,39.0,0,43,1,2,130,77,14,2
70,97,36.7,1,53,1,2,121,72,13,2
74,96,36.5,0,66,2,3,121,67,16,0
106,94,37.5,0,47,1,3,130,84,16,1
107,94,36.9,0,21,0,1,151,77,19,1
67,96,37.0,0,57,2,1,109,65,15,0
72,97,37.0,1,42,1,3,130,68,14,2
72,96,36.7,0,89,2,1,125,77,13,1
72,98,37.0,0,40,1,1,114,74,15,0
65,97,37.4,0,34,0,0,106,80,16,0
82,95,36.6,0,87,1,3,129,75,13,0
62,96,36.4,0,22,0,0,115,80,15,0
76,95,36.9,0,19,0,0,111,74,14,0
93,95,37.3,0,34,2,3,147,78,19,1
107,91,37.2,0,51,0,0,111,72,19,1
69,98,36.7,0,19,0,0,137,83,17,0
122,84,38.4,0,53,0,0,152,80,27,2
73,99,36.7,0,20,0,1,114,74,14,0
135,89,37.6,0,56,1,1,120,105,27,2
79,97,36.9,0,69,0,0,124,79,15,0
67,94,36.6,0,23,0,0,117,67,16,1
73,95,36.0,0,72,1,2,108,75,14,1
78,95,36.9,0,77,0,0,109,70,15,0
140,89,39.1,0,19,1,0,138,82,26,2
126,93,38.2,0,63,0,0,134,96,26,2
67,94,36.7,0,83,1,0,111,68,14,1
88,97,37.3,0,23,0,0,149,85,18,1
107,94,38.4,0,29,3,3,125,79,19,1
72,96,36.3,0,23,3,6,115,79,14,1
93,93,37.0,0,27,1,2,131,82,17,1
105,96,37.0,0,87,1,2,119,75,20,1
111,95,36.8,0,67,1,2,162,98,22,1
129,87,38.4,0,28,2,3,134,86,22,2
130,80,37.5,0,39,3,3,154,98,23,2
59,96,36.5,0,47,0,1,121,79,14,0
108,97,37.6,0,46,0,0,126,85,20,1
73,97,37.3,0,61,0,0,119,79,12,0
108,92,37.2,0,70,4,4,115,73,22,1
97,91,37.9,0,29,0,0,127,82,16,1
72,95,37.0,0,85,1,3,107,82,14,0
76,96,36.9,0,78,1,0,114,71,16,0
75,97,36.7,0,26,1,1,100,71,16,0
65,96,36.7,0,28,2,4,119,75,13,0
73,96,36.9,0,85,0,0,131,68,14,0
107,96,36.8,0,77,1,0,134,90,17,1
142,90,38.8,0,62,0,0,147,86,31,2
72,97,36.7,0,60,1,2,110,71,15,0
105,92,36.7,0,28,2,3,141,83,19,1
71,98,36.8,0,79,1,2,117,79,16,0
80,95,36.7,0,62,2,2,128,80,11,0
70,97,36.3,0,37,2,1,111,73,13,0
98,91,38.7,0,51,1,0,134,86,17,1
73,100,37.0,0,87,0,0,116,73,16,0
96,93,37.3,0,85,0,1,140,82,21,1
111,94,38.2,0,48,1,0,115,82,20,1
89,92,37.1,0,18,0,0,132,91,16,1
63,95,36.9,0,32,1,0,113,73,12,0
108,95,36.9,0,38,0,0,137,83,18,1
72,96,37.1,0,74,1,0,98,63,16,0
68,94,36.6,0,87,2,1,129,79,14,1
105,97,37.2,0,88,2,3,130,87,15,1
74,95,37.0,0,87,1,0,113,67,11,0
68,97,36.5,0,58,0,1,111,74,15,0
115,94,37.7,0,36,1,0,136,79,16,1
107,94,37.7,0,79,0,0,133,78,19,1
76,96,36.9,0,54,2,4,119,67,14,0
119,93,38.0,0,47,0,0,127,83,20,1
97,94,37.3,0,56,0,0,147,89,15,1
69,98,36.6,0,37,3,4,132,74,13,0
74,97,36.9,0,55,1,1,118,81,14,0
74,95,36.7,0,73,0,0,131,68,15,0
70,97,36.6,0,59,0,0,123,79,15,0
77,96,37.3,0,36,0,0,111,86,16,0
108,91,37.6,1,35,1,1,117,76,19,2
75,98,36.9,0,71,1,1,113,76,14,0
79,96,36.8,0,22,0,0,130,68,13,0
132,90,39.9,0,32,1,0,148,86,26,2
136,89,39.5,0,23,0,0,145,82,25,2
71,94,36.7,1,82,3,5,111,85,16,0
94,91,37.2,0,74,2,3,142,73,19,1
68,96,36.1,0,68,3,4,137,71,15,1
72,97,36.3,0,47,1,0,130,79,16,1
137,91,39.3,0,62,1,1,138,94,25,2
67,99,36.5,0,87,0,0,129,82,14,0
76,96,36.4,0,45,4,8,123,64,13,0
104,96,37.8,0,29,1,2,140,87,17,1
73,97,36.7,0,83,1,0,126,79,15,0
79,98,36.4,0,56,0,1,121,71,15,0
102,92,37.2,0,49,0,0,155,76,16,1
79,94,37.1,0,82,0,0,113,77,15,1
144,97,38.2,0,36,1,0,154,85,31,2
107,89,37.4,1,64,2,3,137,67,19,2
137,88,39.5,0,89,0,1,170,78,24,2
108,93,36.8,1,19,0,0,114,77,19,2
77,98,37.6,0,81,0,2,106,80,13,0
144,87,39.3,0,84,0,0,147,83,26,2
81,95,36.7,0,45,1,0,112,79,13,0
97,87,37.4,0,50,2,1,149,85,21,2
74,95,36.9,0,74,1,2,105,76,15,0
81,97,37.4,0,34,0,0,112,77,17,0
136,95,39.7,0,53,1,3,140,91,21,2
75,99,36.7,0,33,0,0,106,77,14,0
89,96,37.8,0,65,0,0,127,85,20,0
63,99,36.7,0,22,0,0,132,59,17,0
70,93,36.7,0,37,0,0,117,78,15,1
103,95,37.0,0,29,1,3,133,78,17,1
84,99,37.2,0,46,0,0,107,76,11,0
107,94,37.1,0,67,0,0,134,86,16,1
127,88,37.9,0,35,2,4,132,87,28,2
129,84,38.6,0,88,2,3,129,90,26,2
76,97,36.6,0,28,1,1,116,72,17,0
95,94,38.2,0,32,0,0,110,77,20,1
75,98,36.6,0,74,1,1,118,72,16,0
90,92,37.7,0,85,0,0,136,81,21,1
106,94,37.3,0,89,1,2,146,74,19,1
78,98,36.6,0,84,0,0,117,71,14,0
70,97,36.8,0,46,1,3,101,69,14,0
65,97,36.8,1,90,1,1,114,64,15,2
129,86,38.2,0,57,2,4,155,79,22,2
74,95,36.9,0,33,0,0,113,73,14,0
101,91,36.7,0,28,0,0,149,66,19,1
70,96,36.7,0,71,2,2,104,78,15,1
75,95,36.8,0,89,0,0,116,68,15,0
72,98,36.7,0,42,0,0,113,86,12,0
102,93,36.9,0,45,1,1,150,65,16,1
73,93,36.6,0,29,1,0,113,73,15,1
67,96,36.8,0,30,0,0,114,65,17,0
113,87,38.0,0,82,0,0,148,84,21,2
114,95,38.1,0,59,0,0,130,84,18,1
68,97,36.8,0,58,1,1,121,80,16,0
62,97,37.1,0,57,2,2,110,75,15,0
76,98,37.1,0,60,1,2,124,72,11,0
79,95,36.4,0,42,1,0,121,76,13,0
81,99,36.9,0,83,0,1,116,63,17,0
76,95,36.4,0,88,0,0,109,71,16,0
108,95,37.2,0,34,3,4,130,80,20,1
67,96,36.6,0,46,0,0,121,72,16,0
107,96,37.7,0,24,1,1,148,78,15,1
109,94,36.4,0,72,1,0,115,75,20,1
81,96,36.8,0,68,1,1,124,71,14,0
64,97,36.3,0,90,0,0,107,71,14,1
75,98,36.5,0,82,0,1,110,80,15,0
71,96,37.1,0,61,3,4,98,91,15,0
71,94,36.9,0,47,2,3,118,75,16,1
85,95,37.3,0,21,0,0,144,88,15,1
127,89,38.4,0,26,3,5,168,79,25,2
89,96,37.4,0,87,0,0,137,86,19,0
138,91,39.3,0,31,0,0,132,79,22,2
107,91,37.8,0,39,0,0,125,69,22,1
101,92,37.4,0,68,0,0,132,80,23,1
74,96,37.3,1,62,3,3,127,81,16,2
121,91,37.5,0,66,1,2,149,84,13,1
71,98,36.6,0,33,0,2,120,70,14,0
70,95,36.5,0,81,0,0,124,73,14,0
76,96,36.7,0,71,1,0,118,71,13,0
102,90,37.8,0,48,0,0,120,93,20,1
79,95,36.6,0,74,2,2,111,64,13,1
89,94,37.8,0,53,0,0,138,86,17,1
71,95,37.1,0,18,2,4,123,85,15,0
124,93,38.0,0,72,0,0,143,84,21,1
63,95,36.6,0,53,0,0,108,71,14,0
71,94,37.2,1,83,2,2,102,77,13,2
91,96,37.0,0,25,1,1,147,67,23,2
134,88,39.1,0,29,0,0,155,94,27,2
85,93,36.8,1,90,1,0,122,78,15,2
103,94,37.6,0,36,0,0,109,67,16,1
100,93,38.3,0,34,0,2,134,81,19,1
70,94,36.3,0,76,0,0,121,77,15,1
136,91,37.8,0,65,1,0,146,84,28,2
81,95,36.7,0,37,0,0,121,78,17,0
71,94,36.4,0,71,1,0,130,75,13,1
129,87,38.4,0,30,0,0,179,94,25,2
145,90,38.0,0,68,0,0,145,89,31,2
124,87,38.9,1,77,0,0,128,78,19,2
111,98,36.9,0,28,2,2,136,90,16,1
90,89,37.2,0,34,0,0,126,74,18,2
132,86,38.3,0,40,1,3,156,95,19,2
132,86,39.8,0,40,1,2,132,77,24,2
79,97,36.1,0,45,0,1,127,71,15,1
90,89,37.8,0,53,0,0,123,74,21,2
78,97,36.7,0,88,1,0,117,68,16,0
134,84,38.7,0,22,2,2,125,100,20,2
74,95,36.9,0,75,2,1,127,57,13,1
138,90,38.5,0,48,1,1,139,86,23,2
139,89,37.9,0,68,1,1,161,89,23,2
67,95,36.5,0,27,2,3,125,82,14,0
105,93,37.4,0,88,0,0,120,79,18,1
96,96,37.3,0,62,1,0,122,73,20,1
61,97,37.0,0,32,1,1,121,77,15,0
69,96,36.6,0,38,1,0,110,85,16,0
107,93,37.1,0,79,2,3,156,87,18,1
116,90,38.7,0,43,2,2,136,96,28,1
113,91,38.3,0,51,0,0,119,83,18,1
76,99,36.8,0,77,0,0,135,89,12,0
110,93,37.9,0,35,1,0,139,80,18,1
140,85,37.2,0,69,2,2,143,86,25,2
68,97,36.7,0,50,1,0,125,76,15,0
105,93,37.6,0,40,0,0,151,75,16,1
109,96,36.0,0,33,1,3,127,83,20,1
85,98,36.4,0,27,1,2,125,72,17,0
70,95,37.0,0,21,1,2,123,86,14,0
58,98,37.6,0,52,1,2,104,68,15,0
123,84,39.2,0,28,0,0,146,85,29,2
86,93,36.7,0,48,1,1,106,75,14,1
103,91,36.9,0,87,0,0,133,78,20,1
75,96,36.7,0,84,2,4,126,82,17,1
72,96,36.9,0,35,1,2,122,80,16,0
66,98,37.3,0,50,1,1,116,71,11,0
144,86,38.2,0,69,0,0,132,85,22,2
76,93,36.3,0,41,0,0,117,76,14,1
62,97,37.2,0,26,0,0,117,88,16,0
139,85,38.3,0,21,0,0,178,77,20,2
72,100,36.7,0,25,0,0,116,80,14,0
66,94,36.5,0,36,2,4,121,75,14,1
97,97,37.9,0,62,0,0,124,78,14,1
66,98,36.7,0,27,2,3,117,63,14,0
103,93,37.3,0,81,1,0,145,82,16,1
131,87,38.0,0,58,0,0,120,84,21,2
79,98,37.2,0,18,0,0,114,65,15,0
79,96,36.8,0,32,1,1,106,65,14,0
123,84,39.4,0,78,0,0,130,87,23,2
103,92,37.3,0,90,1,0,129,87,18,1
137,83,38.1,0,67,1,1,158,80,21,2
76,96,36.6,0,19,2,4,114,79,13,0
117,93,38.0,1,47,0,0,120,78,18,2
55,96,36.4,0,23,2,4,111,75,18,0
112,95,36.5,0,48,0,0,147,81,18,1
73,97,36.9,0,41,0,0,123,69,18,0
131,85,39.0,0,21,2,3,128,77,27,2
112,93,37.3,0,89,2,2,145,85,22,1
132,85,38.4,0,51,0,1,139,97,23,2
68,97,36.4,0,86,3,4,122,75,16,1
100,98,37.3,0,59,1,0,135,79,17,1
111,94,37.3,0,85,0,0,136,85,22,1
65,94,37.1,0,25,1,0,114,80,15,1
81,95,36.4,0,51,1,1,136,83,13,0
95,92,36.3,0,37,0,0,143,73,20,1
77,97,37.0,0,21,0,0,122,78,14,0
101,91,37.2,0,52,0,0,139,88,21,1
108,95,37.1,0,18,2,2,143,67,17,1
72,99,36.7,0,81,1,1,130,70,13,0
129,82,37.9,0,27,1,1,152,84,22,2
108,93,37.0,0,23,0,0,136,73,16,1
100,93,36.5,0,75,0,0,126,67,21,1
103,92,37.3,0,28,1,0,122,76,16,1
150,91,38.4,0,76,2,2,138,83,26,2
72,99,37.2,0,78,1,1,110,73,16,0
104,92,37.7,0,50,0,0,150,81,18,1
70,94,36.7,0,64,1,0,95,79,16,2
115,93,37.9,0,51,0,0,125,84,17,1
73,93,36.8,0,74,1,1,122,88,17,1
71,96,37.4,0,75,0,0,118,84,12,0
110,96,36.6,0,63,0,0,121,80,19,1
97,91,38.0,0,37,2,3,127,76,19,1
111,92,37.0,0,57,0,1,93,72,21,1
66,98,36.5,0,32,1,1,109,72,14,0
61,98,36.1,0,61,1,0,126,70,16,1
141,91,37.3,0,61,0,1,144,79,22,2
62,96,36.6,0,18,0,0,120,73,14,0
75,93,37.0,0,20,1,2,117,74,16,1
73,98,36.1,0,24,1,3,114,76,14,1
109,91,36.9,0,55,2,2,121,66,21,1
104,91,37.0,0,46,1,0,130,86,18,0
92,92,37.2,0,41,1,1,115,75,18,1
80,96,36.9,0,50,0,0,104,80,14,0
92,92,37.7,0,42,2,1,157,71,19,1
70,96,36.7,0,27,1,0,116,79,16,0
70,98,36.5,1,88,2,2,105,87,13,2
65,95,37.2,0,72,0,0,101,73,15,0
123,83,38.0,0,38,3,4,149,90,23,2
131,92,38.9,0,85,0,0,148,84,26,2
136,86,37.9,0,48,0,0,150,82,27,2
81,95,37.0,0,70,2,2,102,78,15,1
99,94,37.7,0,33,2,3,141,82,18,1
83,97,36.3,0,27,1,2,120,72,14,1
69,97,37.6,0,46,1,2,117,73,13,0
146,92,38.6,0,49,1,1,131,92,25,2
74,98,37.1,0,81,0,1,130,71,13,0
159,91,38.1,0,45,1,1,160,74,26,2
67,97,37.0,0,58,0,0,124,84,14,0
66,100,36.9,0,45,1,1,110,69,12,0
118,93,36.3,0,37,3,5,173,79,19,1
135,83,38.0,0,54,0,0,128,89,25,2
118,92,37.5,0,24,3,3,128,67,22,1
72,95,36.7,0,78,0,0,116,77,14,0
103,96,37.1,0,29,0,0,143,78,15,1
92,93,37.3,0,27,1,2,127,67,22,1
67,97,36.8,0,41,0,0,112,74,13,1
78,97,37.2,0,19,0,0,106,82,15,0
66,98,36.2,0,44,1,1,98,72,17,1
111,92,37.8,0,57,0,0,163,81,22,1
80,97,36.7,0,83,0,0,115,76,12,0
75,95,37.1,0,60,1,0,123,65,13,0
69,97,36.4,0,18,2,2,113,77,16,0
81,95,36.6,0,65,0,0,115,83,14,0
98,93,37.2,0,29,1,0,137,75,19,1
62,96,36.2,0,76,0,0,112,69,16,1
153,86,38.6,0,80,2,3,167,88,28,2
93,97,37.7,0,58,2,2,119,66,20,0
66,97,37.2,0,77,0,1,131,85,12,0
79,98,36.7,0,88,0,0,148,75,12,1
76,95,36.4,0,39,0,0,124,72,16,0
77,97,36.6,0,31,1,1,131,73,15,0
98,93,37.8,0,43,0,0,134,79,18,1
69,95,37.3,0,25,0,0,103,83,15,0
75,96,36.9,0,43,1,0,105,85,14,0
74,97,36.7,0,44,1,1,114,65,15,0
75,97,36.6,0,75,0,2,109,85,13,0
116,92,36.2,0,61,0,0,129,90,17,1
143,93,39.0,0,62,0,0,147,86,20,2
77,97,36.7,0,20,0,0,114,65,13,0
71,98,36.9,0,66,1,1,128,69,17,0
78,95,37.0,0,70,1,0,103,72,16,0
101,89,36.5,0,60,2,2,136,81,18,2
140,83,38.4,0,33,1,2,131,91,26,2
73,98,37.3,0,41,1,2,117,73,15,0
78,98,37.3,0,73,1,2,111,72,16,0
68,96,36.5,0,66,0,0,113,70,14,0
75,97,37.2,0,56,1,1,110,73,14,0
132,84,38.0,0,39,1,1,130,78,25,2
96,88,36.6,0,38,2,4,131,73,16,2
83,99,36.5,0,69,0,0,126,81,15,0
69,97,36.1,0,69,0,0,112,71,14,1
70,97,37.0,0,83,1,0,122,75,17,0
68,96,36.3,0,26,3,4,115,80,14,1
145,87,39.3,0,54,1,1,142,72,24,2
115,91,38.0,0,24,4,6,146,88,19,1
82,99,36.6,0,42,1,0,110,69,15,0
74,94,36.5,0,64,4,6,115,71,14,1
67,95,36.2,0,64,0,0,117,72,16,1
106,99,37.4,0,72,0,0,113,79,18,1
75,94,36.7,0,22,0,1,122,74,13,1
125,87,39.1,0,47,0,0,140,99,26,2
127,84,37.9,0,47,0,0,126,81,22,2
110,98,37.6,0,68,1,1,121,71,15,1
147,83,38.3,0,47,0,0,155,95,26,2
97,92,37.6,0,70,2,2,116,85,15,1
72,96,36.8,0,28,0,0,125,76,15,0
107,96,37.2,0,75,0,0,135,82,20,1
110,96,37.0,0,64,1,2,114,66,16,1
75,96,36.5,0,83,0,0,109,81,13,0
125,78,37.6,0,86,0,0,138,95,23,2
97,96,36.6,0,67,0,0,128,86,19,1
101,91,37.3,1,67,1,0,142,76,18,2
134,88,38.1,0,25,0,0,146,89,29,2
130,87,39.3,0,45,0,0,169,91,24,2
70,94,36.9,0,82,2,2,137,84,14,1
100,94,37.6,0,55,0,0,131,87,20,1
87,96,37.6,0,46,3,2,129,84,16,0
66,97,36.8,0,65,0,2,115,77,13,0
105,91,36.9,0,35,0,0,140,67,15,1
70,96,37.1,0,87,2,3,127,84,15,1
99,96,37.6,0,46,2,3,120,81,21,1
106,94,37.5,0,27,0,0,132,82,20,1
145,86,38.7,0,73,1,1,154,84,26,2
59,96,36.8,0,33,1,1,130,79,11,0
102,87,37.9,0,46,2,2,108,85,20,2
134,80,38.1,0,34,0,1,161,89,28,2
140,88,38.2,0,69,0,0,153,84,21,2
141,87,38.5,0,69,2,3,166,78,24,2
101,94,37.8,0,40,1,1,120,82,20,1
72,96,36.9,0,82,0,0,124,85,14,0
116,94,36.9,0,69,1,1,123,85,17,1
99,98,37.6,0,18,0,2,144,81,17,0
71,95,37.0,0,66,0,1,128,75,14,0
70,96,37.2,0,43,0,0,120,78,11,0
133,84,39.1,0,22,0,0,133,79,25,2
109,95,37.4,0,75,0,0,129,78,17,1
74,98,37.2,0,57,0,1,123,69,15,0
143,91,38.9,0,44,2,2,160,79,23,2
70,94,36.3,0,29,1,1,111,77,13,1
73,97,37.2,0,51,4,7,108,77,16,0
80,95,37.6,0,20,1,3,121,71,13,0
71,97,37.0,0,19,2,2,123,80,14,0
149,96,39.2,0,39,0,0,145,84,22,2
109,94,36.9,0,33,0,0,106,96,21,1
73,96,36.9,0,36,1,2,107,73,17,0
80,93,36.7,0,87,2,4,99,74,15,1
66,96,36.4,0,56,0,0,119,75,16,0
145,84,38.6,0,32,2,2,136,76,27,2
129,86,38.6,0,54,1,1,142,91,29,2
112,99,37.7,0,66,2,2,128,98,17,1
67,98,37.2,0,32,1,1,116,82,13,0
104,94,37.4,0,68,0,0,125,78,17,1
92,94,36.7,0,70,1,2,127,88,19,1
64,97,37.2,0,68,0,0,109,65,17,0
76,95,37.0,0,38,2,2,104,76,14,0
97,91,37.3,0,29,0,0,138,85,17,1
68,97,36.8,0,90,1,1,108,72,16,0
105,95,36.8,0,46,0,0,123,75,15,1
77,99,36.5,0,54,0,1,121,70,16,0
77,98,36.5,1,85,0,0,115,77,14,2
74,97,36.9,0,19,1,1,118,73,13,0
66,95,36.8,0,85,1,0,107,76,14,0
114,97,37.0,0,77,0,0,134,77,21,1
75,97,37.2,0,29,0,0,120,80,15,0
143,88,38.3,0,34,0,0,150,84,23,2
93,92,37.7,0,62,0,0,149,72,17,1
69,98,36.9,0,22,2,4,123,70,14,0
99,93,37.7,0,73,0,0,109,88,19,1
74,97,36.0,0,72,0,0,108,64,16,1
131,80,39.0,0,85,1,1,154,94,23,2
69,95,36.6,0,86,0,0,108,70,13,0
141,85,38.7,0,50,0,0,104,82,23,2
108,96,37.0,1,41,1,1,152,78,21,2
122,90,39.0,0,57,0,0,162,85,25,2
63,97,36.2,0,43,0,1,119,71,15,1
104,97,38.5,0,46,2,4,129,75,16,1
74,95,36.6,0,41,1,2,102,77,16,0
78,98,36.5,0,74,0,0,111,79,14,0
71,94,36.9,0,18,0,0,133,72,13,1
108,93,37.5,0,73,1,2,146,73,21,1
99,93,36.7,0,59,2,3,132,83,16,1
120,96,37.0,0,53,1,1,133,87,15,1
101,92,38.3,0,55,1,1,125,65,13,1
95,93,37.6,0,72,1,0,137,72,20,2
72,95,36.5,0,90,0,0,108,67,14,0
100,93,37.5,0,65,0,0,123,72,19,1
148,88,38.9,0,49,3,4,148,95,24,2
107,91,38.2,0,88,0,0,119,71,16,1
84,96,37.5,0,88,5,8,120,78,11,1
122,92,37.8,0,44,0,0,126,72,17,1
68,98,36.9,0,35,0,1,106,83,13,0
134,86,38.6,0,65,0,0,160,97,27,2
80,95,36.4,0,70,1,1,119,75,16,0
99,97,37.8,0,44,0,0,151,88,17,1
63,94,36.7,0,34,0,0,122,74,16,1
103,92,36.9,0,41,1,2,126,80,23,1
77,97,36.8,0,75,0,0,116,77,14,0
134,93,38.6,0,30,0,0,142,86,21,2
69,97,37.0,0,37,1,0,115,79,15,0
73,99,36.8,0,66,1,1,135,73,17,0
108,92,37.0,0,51,3,5,139,86,19,1
96,94,37.9,0,49,0,0,127,84,15,1
78,95,36.5,0,48,1,1,108,74,17,0
75,100,37.3,0,59,0,0,120,72,14,0
59,95,36.5,1,85,1,3,120,62,17,2
63,98,37.3,0,55,0,0,108,69,16,0
117,90,37.3,0,43,1,1,137,83,18,1
77,97,36.1,0,58,1,2,94,71,16,1
75,97,36.5,0,25,2,3,119,79,14,2
73,98,36.6,0,87,0,0,110,68,16,0
67,97,36.6,0,44,1,0,118,73,17,0
70,96,36.5,0,69,1,1,123,86,15,0
124,84,38.8,0,87,0,0,155,69,22,2
105,90,37.2,0,26,0,0,129,70,19,1
80,94,36.7,0,81,0,0,119,72,14,1
79,94,36.7,0,54,0,0,102,74,12,1
83,97,36.9,0,66,1,1,123,72,15,0
75,97,36.7,0,33,0,0,119,81,15,0
68,97,36.7,0,77,1,3,128,72,14,0
91,93,37.2,0,54,1,1,149,74,19,1
65,97,36.4,0,21,0,0,127,74,14,0
95,91,38.3,0,78,0,0,144,84,19,1
68,94,36.5,0,44,1,1,121,68,18,1
72,100,36.7,0,68,0,0,123,69,14,0
106,95,36.2,0,58,2,4,148,74,18,1
62,95,37.4,0,45,1,3,112,73,13,0
108,95,37.0,0,35,1,1,146,75,17,1
71,96,36.4,0,62,3,4,123,70,15,0
63,97,36.8,0,29,2,3,102,69,15,0
65,96,36.6,0,42,1,1,121,67,14,0
68,96,37.0,0,53,1,2,109,81,14,0
76,98,37.1,0,44,0,0,114,87,16,0
101,98,37.6,0,37,0,0,135,74,20,1
76,100,36.7,0,28,1,2,122,75,15,0
114,92,37.2,0,64,2,3,147,79,16,1
99,95,37.6,0,67,2,4,145,88,17,1
93,92,37.1,0,34,1,0,143,89,22,1
78,97,37.0,0,51,0,0,131,71,15,0
69,96,36.8,0,28,1,1,116,72,14,0
71,94,36.9,0,35,2,3,125,88,14,1
138,85,39.6,0,35,1,0,167,91,23,2
77,96,36.0,0,36,0,0,108,74,14,1
68,97,37.2,0,50,0,0,112,74,12,0
72,94,36.3,1,68,1,1,118,73,14,2
69,97,36.9,0,42,1,2,127,79,13,0
104,95,37.7,0,40,0,0,157,88,15,1
66,96,36.6,0,67,0,0,127,79,15,0
123,91,36.9,0,82,4,6,148,76,16,1
78,96,36.1,0,61,1,1,112,75,14,1
77,96,36.3,0,50,0,0,126,80,14,1
106,90,36.7,0,65,2,2,116,81,19,1
96,93,37.5,0,41,0,0,131,76,18,1
107,94,37.6,0,41,1,2,144,75,22,1
70,96,36.7,0,79,1,0,109,83,14,0
117,88,39.0,0,41,2,3,159,79,19,2
74,98,37.0,0,59,1,0,117,70,15,0
114,98,37.6,0,35,1,1,131,70,19,1
106,94,37.4,0,45,1,0,121,72,18,1
97,92,37.3,0,46,3,2,144,73,17,1
105,99,36.8,0,29,0,0,117,68,17,1
99,93,38.1,0,86,0,0,150,75,23,1
71,95,36.5,0,71,2,3,115,72,15,1
76,97,36.7,0,82,1,0,112,77,16,0
136,88,38.6,0,90,0,1,135,87,18,2
108,91,36.5,0,58,0,0,113,68,16,1
93,95,37.5,0,37,1,0,118,86,21,0
87,94,36.9,0,83,3,5,128,73,16,1
100,95,37.4,0,62,1,0,165,77,22,1
68,97,36.9,0,78,1,1,128,86,14,0
107,87,37.5,0,19,2,2,136,73,25,2
72,98,36.7,0,75,0,1,119,73,14,0
80,95,36.3,0,41,2,5,131,78,15,1
106,95,38.4,0,73,0,0,144,78,18,1
71,96,36.5,0,64,1,3,108,78,16,0
70,95,36.5,0,39,1,0,131,72,15,0
136,93,38.9,0,30,0,1,131,81,27,2
105,97,37.3,0,55,0,0,129,76,16,1
75,98,36.5,0,74,1,1,105,71,13,0
73,96,36.7,0,25,0,1,107,82,15,0
152,85,38.1,0,66,0,0,161,83,31,2
81,95,37.2,0,30,2,3,117,73,13,0
140,79,38.3,0,72,0,1,131,91,24,2
74,96,36.3,0,41,1,0,132,75,13,1
55,96,36.6,0,52,0,0,112,86,14,0
68,98,36.9,0,58,1,0,112,78,12,0
48,99,36.5,0,50,0,0,112,70,14,0
67,94,36.6,0,82,1,2,116,76,14,1
102,96,37.0,0,38,2,3,127,78,22,1
133,87,39.1,0,77,0,0,157,84,24,2
76,97,36.1,0,72,1,1,113,67,14,1
116,84,39.9,0,30,0,1,150,100,24,2
135,92,38.6,0,88,0,1,148,76,23,2
114,86,39.2,0,30,0,0,144,83,20,2
73,96,36.8,0,35,0,0,127,70,15,0
80,99,36.9,0,71,1,1,104,88,14,0
61,95,36.5,0,64,0,0,124,68,13,0
68,96,36.6,0,73,1,2,113,66,17,0
96,89,36.2,0,58,2,2,113,75,22,2
75,100,37.0,0,29,0,0,117,78,15,0
76,95,36.4,0,89,0,0,119,77,17,0
63,98,36.9,0,25,0,0,118,74,12,0
81,96,36.9,1,79,0,0,106,68,12,2
70,96,35.9,0,90,0,0,122,83,16,1
96,97,37.5,0,51,0,0,126,90,17,1
78,98,36.5,0,47,0,0,129,79,14,0
125,89,38.7,0,43,2,1,96,91,23,2
80,97,36.8,0,86,2,1,126,67,14,1
78,97,36.1,0,51,1,1,102,71,15,1
102,91,37.7,0,36,1,1,125,75,19,1
124,86,39.5,0,27,0,0,155,84,21,2
78,95,36.5,0,28,2,2,120,73,14,0
152,88,39.2,0,66,1,0,156,89,25,2
132,85,38.1,0,55,0,0,149,83,22,2
105,92,37.4,0,46,2,3,136,85,17,1
80,93,37.6,0,28,1,0,135,73,16,1
143,83,38.8,0,72,2,3,140,77,20,2
66,96,37.1,0,20,0,0,115,72,16,0
85,97,36.0,0,86,2,3,120,76,14,1
64,98,36.7,0,46,1,1,110,73,13,0
74,98,36.4,0,76,1,1,105,68,15,0
111,90,38.2,0,72,3,6,134,76,18,1
140,88,38.6,0,68,0,0,144,85,27,2
88,93,36.5,0,75,0,0,142,83,20,1
64,96,37.1,0,54,1,2,129,73,12,0
74,92,36.5,0,39,3,3,114,68,15,1
81,94,37.5,1,66,2,2,107,73,16,2
109,93,36.9,0,61,2,3,119,83,19,1
139,84,38.2,0,76,0,0,157,83,24,2
73,98,36.7,0,75,0,0,125,80,14,0
91,95,37.8,0,25,1,2,127,84,17,0
137,92,38.7,0,53,2,3,144,77,23,2
110,93,37.0,0,66,1,2,117,73,21,1
75,98,37.3,0,48,1,3,105,81,13,0
137,88,37.7,0,74,1,0,168,87,23,2
132,84,39.3,0,64,1,2,154,88,31,2
81,92,36.8,0,24,1,0,97,75,16,1
77,96,37.0,0,40,3,2,123,80,13,0
78,96,37.0,0,71,1,2,113,78,15,0
146,86,37.7,0,45,0,0,167,101,28,2
67,100,36.4,0,36,1,0,124,75,14,0
95,92,37.6,0,30,1,0,137,82,21,1
115,98,38.2,0,33,1,2,135,78,18,1
93,92,37.2,0,61,3,5,117,78,19,1
65,95,36.1,0,25,3,5,117,84,16,1
100,94,37.3,0,88,0,0,123,76,19,1
68,96,36.4,0,60,0,0,122,77,14,0
72,96,36.9,0,49,0,1,109,77,14,0
130,83,37.5,0,87,0,0,151,74,28,2
108,90,37.2,1,89,0,0,106,81,18,2
65,95,36.8,0,19,1,3,122,70,13,0
107,93,38.5,0,51,0,0,142,94,19,1
132,90,37.6,0,74,2,2,128,91,25,2
67,98,36.8,0,18,1,2,117,88,12,0
82,94,36.7,0,75,2,1,113,78,13,1
143,81,38.3,0,72,0,1,132,81,20,2
75,97,36.0,0,50,1,2,120,71,12,1
75,98,36.8,0,31,1,1,121,70,16,0
149,88,38.5,0,48,0,0,134,82,24,2
107,97,38.1,0,76,0,0,129,86,18,1
76,95,36.7,1,89,1,0,118,71,14,2
68,96,36.7,0,77,0,0,96,76,17,0
108,95,37.1,0,31,1,0,143,84,17,1
148,81,39.8,0,23,2,4,138,78,25,2
57,100,37.2,0,26,0,0,121,83,15,0
101,92,37.3,0,77,0,1,119,77,17,1
124,95,38.0,0,57,1,2,148,102,28,1
71,95,36.8,0,67,1,0,127,81,17,0
73,95,36.4,0,65,0,0,110,67,15,0
65,98,36.2,0,44,1,0,127,80,14,1
112,89,37.3,0,42,2,1,121,75,21,2
119,94,37.1,0,34,0,0,135,81,18,1
65,96,36.6,0,30,0,0,113,82,14,0
141,80,37.5,0,84,1,0,155,91,18,2
73,94,36.4,0,45,0,0,122,74,12,1
76,98,37.2,0,64,2,4,120,76,14,0
56,96,36.1,0,24,0,0,120,72,13,1
75,96,36.4,0,58,0,0,110,55,15,0
76,98,36.9,0,41,0,0,104,70,13,0
86,94,38.4,0,32,0,0,139,83,16,1
58,99,36.6,1,68,1,0,113,69,14,0
68,100,36.9,0,69,0,0,108,87,13,0
77,96,36.9,0,89,0,0,113,74,13,0
79,97,36.9,0,49,0,0,105,75,15,0
74,97,36.6,0,38,0,0,126,81,17,0
82,96,37.3,0,86,0,0,118,65,16,0
72,96,36.2,0,23,0,0,122,78,14,1
135,91,39.3,0,38,1,0,162,88,25,2
75,98,37.2,0,26,1,0,109,70,16,0
98,91,37.7,0,42,0,0,126,75,21,1
125,83,37.9,0,82,2,2,141,66,20,2
72,98,36.6,0,40,1,1,133,62,14,0
91,93,36.1,0,18,0,1,141,78,22,1
114,95,37.4,0,22,0,0,124,75,16,1
72,97,36.7,0,42,0,0,123,77,13,0
71,97,36.9,0,79,1,3,131,79,15,0
76,96,36.7,0,69,3,4,118,74,16,0
102,90,37.8,0,71,2,1,132,87,19,1
68,95,37.0,0,70,0,1,106,68,15,0
81,98,36.6,0,71,3,4,127,80,15,1
77,97,36.5,0,57,1,0,121,69,16,0
69,96,36.4,0,82,0,1,115,75,14,0
106,97,37.1,0,81,0,0,130,82,20,0
100,94,37.2,0,86,0,0,116,80,17,1
101,91,36.7,0,87,1,1,141,80,17,1
140,85,39.2,0,46,0,0,174,84,29,2
73,96,37.1,0,55,1,1,106,82,15,0
141,94,37.9,0,30,1,1,143,83,25,2
71,97,37.0,0,28,1,2,112,73,13,0
71,99,36.7,0,47,0,0,121,73,14,0
96,93,37.5,0,56,0,0,123,84,18,1
79,95,36.6,0,73,0,1,120,79,14,0
113,91,36.8,0,31,0,0,136,84,19,1
67,96,36.7,0,58,2,3,120,65,14,0
107,95,37.6,0,32,1,3,137,78,16,1
98,89,38.1,0,45,0,0,136,72,18,2
65,97,37.0,0,24,0,1,115,70,13,0
71,95,37.0,0,83,0,0,132,74,14,1
145,85,38.9,0,26,0,0,141,89,24,2
86,99,36.9,0,60,0,1,110,71,17,0
62,94,37.1,0,49,2,3,102,73,13,1
153,89,37.9,0,87,0,0,156,82,27,2
98,91,36.1,1,78,0,1,150,80,18,2
97,93,37.9,0,48,3,5,113,83,17,1
116,94,37.5,0,35,3,4,160,79,21,1
81,96,36.5,0,36,2,3,112,67,16,0
67,97,36.6,0,42,1,1,123,67,16,0
86,98,36.6,0,65,0,0,125,76,17,0
126,85,38.4,0,81,2,1,128,87,28,0
63,93,36.8,0,90,0,0,122,81,14,1
130,94,38.7,0,76,1,1,149,75,24,2
128,85,37.4,0,21,2,3,165,102,22,2
75,95,37.2,0,39,1,2,116,78,14,0
82,97,37.0,0,35,2,3,122,83,17,0
108,95,36.9,0,67,0,0,155,73,21,1
74,98,36.9,0,37,4,8,123,67,12,0
65,98,36.8,0,35,1,0,116,87,17,0
97,93,37.6,0,82,0,0,126,78,17,1
140,88,39.7,0,61,1,1,164,89,28,2
77,97,36.0,0,71,3,5,130,81,15,1
104,100,37.6,0,21,0,0,118,89,16,1
116,94,37.7,0,64,1,1,133,79,20,1
104,95,37.8,0,81,0,0,140,81,15,1
67,94,36.7,0,44,0,1,107,65,13,1
81,97,36.6,0,81,1,1,119,76,11,0
132,79,38.8,0,38,0,1,152,74,18,2
138,83,39.5,0,50,0,0,162,77,22,2
68,100,36.7,0,49,1,1,110,72,14,0
68,95,37.1,0,50,0,0,123,71,16,0
73,98,36.1,0,22,1,2,112,81,15,1
84,98,36.4,0,79,1,1,118,73,15,0
76,93,36.3,0,66,0,0,140,74,14,1
100,94,37.9,0,39,1,1,154,78,20,1
136,85,38.1,0,88,1,2,149,94,25,2
140,94,38.5,0,41,0,0,158,69,27,2
96,92,37.1,0,23,0,0,154,75,18,1
98,94,37.0,0,50,3,4,147,68,21,1
71,95,36.5,0,72,1,2,120,71,14,0
111,94,36.9,0,73,0,0,129,73,19,1
74,97,36.9,0,32,1,1,115,71,16,0
66,97,36.7,0,69,1,0,99,87,15,0
143,86,38.0,0,36,1,2,139,88,23,2
76,96,37.5,0,72,0,0,125,73,15,0
114,91,36.7,0,42,4,6,129,74,19,1
148,92,38.9,0,61,3,4,128,74,21,2
104,94,37.4,0,78,0,0,146,71,15,1
66,98,36.3,0,67,0,0,129,93,14,1
70,95,36.7,0,37,0,1,108,75,13,0
73,95,36.5,0,84,3,3,125,77,13,1
93,94,38.0,0,31,1,1,144,69,16,1
66,96,36.6,0,62,1,4,118,63,14,0
71,94,36.4,0,55,1,2,103,77,15,1
70,96,37.0,0,79,0,0,136,79,11,0
126,94,39.1,0,36,0,0,140,80,17,2
70,98,36.6,0,68,0,0,114,78,13,0
87,93,37.5,0,78,0,2,125,77,20,1
103,98,37.4,1,79,0,0,114,85,19,2
69,98,36.5,0,47,2,3,113,86,18,0
129,89,38.3,0,40,0,0,156,102,24,2
72,98,36.6,0,44,1,1,110,77,13,0
111,97,38.3,1,85,1,3,161,70,18,2
107,98,37.6,0,38,0,0,131,81,19,1
104,92,38.1,0,24,1,1,138,84,21,1
71,96,36.5,0,23,0,0,95,71,16,0
74,98,36.5,0,76,0,0,126,75,13,0
76,95,36.2,0,46,1,0,121,75,13,1
78,99,36.5,0,72,0,0,120,81,17,0
67,96,36.1,0,36,0,1,109,62,13,1
120,94,37.0,0,77,0,0,113,72,18,1
138,85,39.5,0,29,0,0,144,79,20,2
120,88,40.0,0,76,0,1,140,72,24,2
73,97,36.5,0,74,0,0,103,75,16,0
74,95,36.7,0,68,0,0,136,76,13,0
60,96,36.8,0,80,0,1,117,63,12,0
67,97,36.7,0,28,1,1,132,75,14,0
68,95,36.8,0,40,2,3,112,83,14,0
70,93,36.6,0,66,1,0,138,62,14,1
114,92,37.6,0,66,0,1,137,68,22,1
103,94,37.3,0,87,1,2,133,83,20,1
147,89,38.3,0,65,1,1,120,94,29,2
70,98,36.3,0,56,1,2,126,86,12,1
68,97,36.6,0,68,1,2,126,79,12,0
65,97,36.2,0,50,1,2,103,73,13,1
71,96,36.8,0,70,0,0,117,77,15,0
78,98,36.2,0,56,0,0,111,69,13,1
135,88,38.1,0,88,0,0,132,86,24,2
73,97,37.1,0,28,1,2,139,74,13,0
71,96,37.2,0,82,1,1,116,73,13,0
134,85,38.5,0,61,0,0,159,84,23,2
71,92,36.9,0,61,1,0,104,78,15,1
83,94,36.9,0,70,0,0,125,56,14,1
105,90,37.3,0,34,0,0,142,81,21,1
68,96,36.2,0,50,2,3,124,72,14,1
117,98,37.5,0,49,3,5,147,74,19,1
105,95,36.8,0,61,1,1,146,78,20,1
78,96,36.8,0,63,0,0,127,81,15,0
114,94,36.9,0,75,0,0,120,87,20,1
71,97,36.1,0,41,0,0,114,78,13,1
111,96,37.4,0,20,0,1,114,88,15,1
65,96,36.5,0,18,1,0,115,75,16,0
141,85,37.2,0,76,2,2,169,98,23,2
73,97,36.2,0,40,0,0,90,80,14,1
63,93,36.9,0,43,1,0,119,65,15,1
73,99,36.7,0,80,1,2,113,79,13,0
105,93,37.8,0,41,1,1,125,73,18,1
139,83,39.1,0,57,0,0,132,76,22,2
73,95,36.8,0,38,1,2,107,87,17,0
69,95,36.7,0,27,0,0,110,73,11,0
145,87,37.6,0,30,0,0,161,84,30,2
77,96,36.8,0,79,1,0,126,89,14,0
72,96,36.9,0,37,2,3,116,71,15,0
130,84,38.9,0,47,0,0,173,86,23,2
101,89,37.6,0,48,1,2,125,78,20,2
75,93,36.6,0,84,0,0,107,76,14,1
139,91,39.1,0,43,0,0,167,75,19,2
140,84,37.7,0,49,1,1,153,89,19,2
79,95,36.5,0,84,4,6,113,77,14,1
64,100,36.6,0,41,1,0,121,68,13,0
105,95,37.6,0,23,0,0,141,78,17,1
93,96,36.9,0,55,0,1,135,79,19,0
63,95,36.8,0,47,0,1,100,67,15,0
120,85,37.4,0,89,0,0,148,90,27,2
93,97,37.7,0,26,0,0,121,89,16,0
86,94,37.0,0,82,0,0,107,73,15,1
69,96,37.0,0,40,0,0,116,87,15,0
77,96,36.8,0,56,0,0,142,72,12,1
78,98,37.3,0,88,1,1,134,68,15,0
109,93,37.5,0,83,0,0,139,81,17,1
134,93,38.5,0,63,0,0,153,82,21,2
68,97,36.8,0,47,2,4,105,78,16,0
95,93,37.6,0,22,0,0,138,73,16,1
78,94,36.5,0,70,1,4,121,78,14,1
71,96,36.5,0,37,0,0,120,76,15,0
76,94,36.6,0,89,0,0,134,83,14,1
67,95,36.6,0,44,1,0,100,74,13,0
65,95,36.8,0,42,0,0,138,88,16,0
70,99,36.7,0,71,0,1,114,74,13,0
113,96,38.5,0,56,2,4,132,85,17,1
105,93,38.3,0,46,3,2,159,72,20,1
75,97,36.8,0,90,0,0,128,73,14,1
78,99,36.8,0,18,0,0,122,79,16,0
79,96,37.1,0,52,0,0,111,79,15,0
117,94,36.8,0,51,1,0,136,82,19,1
63,95,36.9,0,87,0,2,117,79,14,0
106,98,38.0,0,45,1,1,112,85,16,1
110,96,37.0,0,43,0,0,130,87,18,1
74,96,36.8,0,58,0,0,112,79,14,0
98,94,37.2,0,90,0,0,117,75,19,1
124,86,38.6,0,72,2,2,144,100,18,2
70,93,36.7,0,26,2,2,122,72,12,1
70,95,36.4,0,69,1,1,123,79,13,0
107,96,37.0,0,53,0,1,145,68,22,1
133,87,38.8,0,47,0,0,160,79,23,2
81,94,36.8,1,83,1,1,106,71,14,2
68,95,36.9,0,80,2,4,132,79,11,1
147,87,39.1,0,50,1,0,134,84,24,2
95,95,37.3,0,81,1,0,127,72,21,1
107,89,37.6,0,66,0,0,119,68,20,2
106,92,37.5,0,45,1,1,131,78,19,1
76,95,36.5,0,31,1,2,119,75,16,0
75,95,36.5,0,73,1,1,121,76,18,0
64,96,36.9,0,53,0,0,102,74,15,0
69,98,36.3,0,80,2,4,114,61,15,1
110,94,38.3,0,59,0,2,142,76,15,1
105,93,37.9,0,25,1,1,121,82,18,1
144,84,38.9,0,48,2,2,162,80,23,1
143,92,39.8,0,59,0,0,160,85,20,2
71,97,36.9,0,25,0,2,111,79,12,0
99,99,38.7,0,62,1,1,100,81,19,1
100,92,37.4,0,89,0,0,127,78,18,1
145,88,39.0,0,27,1,0,161,88,25,2
71,98,36.5,0,36,0,0,119,85,14,0
99,94,37.2,0,38,1,0,132,85,19,1
72,96,36.8,0,62,2,3,129,75,17,0
132,88,38.7,0,41,1,1,165,83,27,2
105,96,37.3,0,48,0,0,134,80,18,1
66,95,37.0,1,87,0,0,101,78,13,2
121,84,39.2,0,57,2,3,140,90,22,2
144,87,38.3,0,75,4,6,146,84,23,2
100,92,37.8,0,35,1,1,134,77,18,1
72,94,36.7,0,39,0,0,113,74,14,1
73,98,36.9,0,25,0,0,108,65,15,0
102,93,37.9,0,87,2,2,146,73,16,1
75,96,36.7,0,24,2,4,124,78,14,0
114,92,37.1,0,49,1,2,131,75,19,1
140,96,38.9,0,71,0,0,149,82,21,2
73,95,36.9,0,49,2,3,113,73,16,0
139,87,38.4,1,52,2,3,150,82,27,2
144,81,38.7,0,57,2,3,125,80,24,2
70,97,36.7,0,51,1,1,126,74,16,0
107,95,37.1,0,63,1,1,145,72,18,1
108,95,37.3,0,34,0,0,140,71,18,1
112,92,37.6,0,29,1,1,136,87,17,1
137,88,37.9,0,32,1,1,143,92,26,2
71,94,37.0,0,67,0,1,117,69,12,1
71,97,35.9,0,78,0,1,100,72,18,1
88,88,37.2,0,55,0,2,137,84,17,2
129,81,38.4,0,51,0,0,138,92,25,2
79,96,36.7,0,45,0,1,100,83,13,0
116,96,37.0,0,61,1,1,102,85,21,1
88,95,36.6,0,63,1,1,119,72,18,0
74,95,37.4,0,81,0,0,128,84,13,0
77,100,36.5,0,34,0,0,98,67,16,0
101,89,37.7,0,72,1,1,115,85,19,2
143,92,39.1,0,30,0,0,114,69,20,2
119,93,38.0,0,78,3,3,98,81,19,1
66,96,36.4,0,90,1,2,101,62,13,0
66,97,36.6,0,79,1,0,108,80,15,0
104,91,37.0,0,56,3,2,119,72,19,1
123,88,38.3,0,39,1,0,133,86,22,2
124,94,39.2,0,66,2,3,158,87,24,2
72,99,36.8,0,23,1,1,124,67,15,0
70,95,36.4,0,43,1,0,117,72,15,0
77,95,36.4,0,49,2,1,117,79,14,0
72,95,36.8,0,60,2,2,130,70,14,0
66,97,36.8,0,56,0,0,119,68,16,0
100,92,37.4,0,37,1,3,159,80,18,1
83,95,37.1,0,88,1,2,105,69,15,0
139,91,39.2,0,62,0,0,149,93,23,2
147,90,38.1,0,47,1,1,145,89,18,2
116,92,37.3,0,18,2,4,123,65,16,1
77,96,36.7,0,52,1,1,131,71,14,0
68,95,37.1,0,29,0,0,128,70,14,0
78,94,37.1,0,20,2,3,122,77,17,1
78,96,36.8,0,26,1,1,120,69,13,0
111,84,38.3,0,27,0,0,143,83,27,2
73,95,36.8,0,61,0,0,124,69,13,0
118,95,36.6,0,66,2,3,141,80,16,1
90,95,36.5,0,44,2,5,143,82,17,1
87,96,37.1,0,51,1,0,128,75,13,0
68,95,36.9,0,38,3,2,110,77,12,0
158,90,39.0,0,19,0,1,152,100,23,2
137,89,38.9,0,51,0,2,148,88,22,2
112,96,36.8,0,66,0,0,98,76,19,1
87,94,36.5,0,63,2,3,106,66,14,1
96,94,37.0,0,50,2,2,115,92,20,1
100,89,37.1,0,90,0,2,132,89,19,2
102,94,37.5,0,79,3,5,141,71,20,1
71,97,36.4,0,39,1,1,124,73,15,0
86,95,36.5,0,76,0,0,103,84,18,0
104,92,37.5,0,70,1,0,135,72,19,1
68,97,37.0,0,49,1,1,142,71,15,1
69,98,37.0,0,58,1,0,122,65,16,0
94,92,36.7,0,40,3,3,140,90,21,1
65,94,36.9,0,69,1,3,118,65,13,1
71,98,36.4,0,24,0,0,120,77,15,0
71,93,36.6,0,59,1,0,112,77,15,1
130,84,38.4,0,39,0,0,122,95,22,2
79,96,36.3,0,56,2,2,106,78,13,1
76,97,36.8,0,24,0,1,116,72,12,0
69,95,36.9,0,57,2,3,133,60,16,0
119,82,37.4,0,24,2,2,135,83,24,2
99,92,37.4,0,51,0,0,137,81,19,1
99,90,37.3,0,70,3,6,153,93,17,1
66,95,36.5,0,50,1,1,135,71,15,0
68,96,36.6,1,34,0,0,108,74,17,2
74,92,36.7,0,22,4,5,122,76,15,1
99,98,37.1,0,88,0,0,128,96,17,1
74,94,36.8,0,45,3,4,126,77,13,1
119,88,38.0,0,21,2,2,131,84,24,2
67,95,36.3,0,72,1,1,120,80,15,1
115,90,36.8,0,82,3,4,163,70,18,1
131,82,37.4,0,33,3,5,154,78,22,2
73,95,37.0,0,40,0,0,111,60,16,0
72,97,36.6,0,63,1,2,109,68,14,0
67,94,36.8,0,27,1,2,108,82,16,1
142,85,39.2,0,58,0,0,170,71,15,2
67,98,36.8,0,81,1,0,109,74,14,0
83,97,36.8,0,89,0,1,120,82,13,0
141,91,38.8,0,81,0,0,151,80,18,2
73,97,36.9,0,48,1,0,109,81,17,0
141,86,39.0,0,52,0,0,129,84,24,2
113,95,38.0,0,23,1,0,127,68,21,1
107,92,36.9,0,76,2,3,120,63,20,1
77,97,37.1,0,49,1,1,99,66,13,0
118,86,37.8,1,73,1,2,118,83,20,2
135,87,38.6,0,29,0,0,127,78,21,2
103,95,37.6,0,88,0,0,122,89,19,1
73,95,36.6,0,73,1,1,105,77,14,0
63,98,36.9,0,83,0,0,114,76,19,0
71,93,36.4,0,77,0,1,125,77,14,1
79,96,37.0,0,90,2,2,143,75,14,1
90,92,37.2,0,54,0,0,137,91,19,1
99,92,37.5,0,56,1,2,130,86,19,1
93,89,37.5,0,67,1,0,143,84,21,2
72,97,36.6,0,25,1,0,121,85,17,0
71,96,36.6,1,90,1,0,110,67,19,2
77,99,37.2,0,76,0,0,110,72,15,0
105,97,37.7,0,60,2,3,141,87,21,1
80,97,37.0,0,39,0,0,118,71,13,0
73,99,36.3,0,78,0,0,123,81,15,1
134,85,38.6,0,82,1,0,141,75,23,2
75,97,36.4,0,60,0,0,120,74,16,0
140,86,37.5,0,39,0,0,150,73,23,1
145,85,38.3,0,65,1,2,169,84,22,2
70,98,36.4,0,36,1,0,129,72,16,0
129,83,39.7,0,31,0,0,143,89,24,2
143,88,38.5,0,80,5,6,129,91,22,2
113,89,36.1,0,25,1,1,123,84,18,2
98,94,37.5,0,66,2,3,131,81,19,1
64,95,37.1,0,43,0,0,125,74,13,0
75,99,36.7,0,46,0,1,116,66,16,0
136,93,37.1,0,42,1,0,165,76,23,2
79,97,37.0,0,44,0,1,116,77,16,0
77,94,36.6,0,49,0,0,103,61,13,1
111,95,36.8,0,33,2,4,126,70,19,1
73,98,36.9,0,34,0,0,109,79,14,0
69,93,36.7,0,57,1,1,110,69,14,1
76,97,36.7,1,38,2,3,118,68,15,2
73,97,37.1,1,87,0,0,110,78,14,2
102,91,37.4,0,36,2,5,131,77,19,1
131,89,37.9,0,82,0,1,149,73,26,2
69,97,36.5,0,51,0,1,127,64,15,0
68,98,36.9,0,76,1,0,119,73,15,0
67,94,36.8,0,84,1,1,122,77,14,1
109,92,36.8,0,38,0,0,115,76,16,1
142,88,38.7,0,54,1,1,160,67,31,2
68,98,37.2,0,38,0,0,128,71,14,0
86,96,37.4,0,64,0,1,109,84,16,0
108,96,37.6,0,46,3,6,134,81,19,1
65,97,36.4,0,80,0,0,109,82,14,0
86,96,36.9,0,33,1,1,119,72,15,0
73,97,36.7,0,90,1,0,128,85,13,0
66,97,36.5,0,56,1,0,121,68,14,0
78,97,36.7,0,61,0,0,122,58,14,0
56,96,36.5,0,64,0,1,108,78,14,0
104,92,37.6,0,88,2,2,134,72,17,1
127,90,37.0,0,23,0,0,161,70,25,2
134,84,37.8,0,48,3,5,161,84,27,2
63,96,36.6,0,39,2,4,97,63,14,0
71,98,37.3,0,38,0,0,126,73,13,0
102,91,38.1,0,88,0,0,135,73,16,1
106,99,38.0,0,67,0,0,141,72,20,1
81,94,36.6,0,37,1,1,125,81,13,1
58,94,37.3,0,53,0,0,104,79,15,1
64,96,36.2,0,41,1,2,125,81,17,1
144,85,38.4,0,60,2,3,151,91,28,2
144,83,39.3,0,72,0,0,130,96,25,2
78,93,36.9,0,76,2,3,122,69,13,1
70,98,37.4,0,29,1,0,119,71,18,0
82,94,36.4,0,27,2,2,110,75,14,1
79,95,36.6,0,74,0,2,119,75,15,0
110,92,38.1,0,21,2,2,128,86,17,1
78,96,36.7,0,84,1,2,129,95,13,0
134,91,38.4,0,81,0,0,165,85,28,2
76,99,36.7,0,69,1,2,118,67,14,0
69,99,36.8,0,82,0,0,91,75,16,1
63,97,36.9,0,46,0,0,115,81,15,0
108,99,37.3,0,35,1,2,155,76,18,1
56,96,36.4,0,29,1,0,114,73,16,1
139,92,39.0,1,86,2,2,150,79,24,2
67,95,36.7,0,57,3,4,113,83,13,0
91,92,37.8,0,75,0,0,128,79,17,1
136,88,39.1,0,82,1,1,139,87,21,2
63,96,36.8,0,52,0,0,119,79,13,0
74,98,36.6,0,31,1,1,123,80,18,0
132,91,38.4,0,23,2,3,143,88,27,2
72,95,36.8,0,89,1,1,115,85,16,0
59,96,36.3,0,65,0,0,124,80,14,1
76,96,36.2,0,25,2,2,114,66,14,1
86,95,38.0,0,90,0,1,118,69,19,1
116,85,38.9,0,44,1,2,157,90,21,2
102,93,37.4,0,62,0,0,129,77,19,1
79,94,36.6,0,87,2,1,112,76,12,1
140,88,37.9,0,37,0,0,168,77,24,2
118,92,38.5,0,57,1,0,116,74,15,1
103,96,37.2,0,45,0,0,119,82,19,1
63,94,36.3,0,36,1,0,127,70,15,1
114,85,38.9,0,35,0,1,131,94,24,2
68,92,36.5,0,27,1,0,114,76,12,1
76,99,36.3,0,73,0,0,122,67,14,1
120,92,37.0,0,20,2,2,115,71,18,1
113,95,36.8,0,64,1,1,129,79,19,1
105,89,37.6,0,86,1,2,141,74,16,2
96,91,37.6,1,87,0,0,141,72,19,2
71,97,37.0,0,19,0,0,107,78,14,0
158,92,39.3,0,72,1,1,147,94,19,2
74,96,36.7,0,57,0,0,122,80,16,0
125,95,37.7,0,50,1,0,112,82,19,2
105,93,38.6,0,84,0,0,147,60,22,1
74,97,36.5,0,46,0,0,126,69,15,0
78,96,36.7,0,56,0,0,116,77,17,0
75,95,36.8,0,83,0,0,100,87,14,0
73,98,36.7,0,73,2,2,119,71,15,2
108,97,37.2,0,77,1,1,135,77,19,1
72,99,36.6,0,67,1,2,113,78,15,0
65,98,36.4,0,44,1,1,124,70,14,0
64,93,36.9,0,81,2,3,119,74,13,1
71,97,36.7,0,60,1,2,119,72,16,0
128,88,40.3,0,56,1,0,151,91,23,2
71,97,37.4,0,46,2,3,130,81,16,0
110,92,37.0,0,22,0,0,128,79,18,1
105,92,36.9,0,30,1,0,125,76,24,1
110,98,36.8,0,72,1,1,134,82,19,1
135,84,38.0,0,46,0,0,137,79,25,2
139,89,38.3,0,49,0,0,123,98,25,2
116,92,37.5,0,53,0,0,137,90,22,1
142,86,39.6,0,41,2,2,133,90,25,2
69,96,37.2,0,80,0,0,102,84,15,0
105,94,37.7,0,39,0,0,118,70,17,1
68,95,37.2,0,20,0,0,125,68,14,0
120,96,37.3,0,75,3,3,131,72,21,1
70,97,36.9,0,89,0,0,121,79,16,0
113,95,37.9,0,76,0,0,140,78,19,1
72,96,37.5,0,54,0,0,140,77,15,1
73,99,36.7,0,26,0,0,118,70,13,0
103,95,38.2,0,47,2,4,120,81,18,1
74,96,37.2,0,89,0,0,120,71,14,0
66,94,36.9,0,20,1,0,120,75,17,1
66,97,36.6,0,38,1,0,124,67,13,0
76,98,36.8,0,71,1,4,116,77,13,0
148,94,39.0,0,76,0,0,162,73,25,2
104,96,37.3,0,28,3,4,130,83,20,1
141,92,39.0,0,39,2,2,130,94,19,2
141,96,38.6,0,45,1,2,160,85,22,0
61,95,36.1,0,24,0,1,116,81,17,1
69,95,37.0,0,72,0,0,101,76,13,0
77,97,36.7,0,22,1,0,115,77,14,0
101,96,37.0,0,87,0,0,135,80,18,1
73,97,36.7,0,60,0,0,108,74,13,0
92,89,37.4,0,87,1,0,122,72,22,2
92,93,37.7,0,45,0,0,136,71,20,1
83,98,36.4,0,19,1,3,135,75,12,0
70,95,36.7,0,43,1,2,134,78,14,0
71,97,37.3,0,66,1,1,107,73,18,0
70,93,36.5,0,47,1,2,113,74,15,1
65,96,36.8,0,42,1,1,128,74,14,0
139,95,39.5,1,88,0,0,130,71,23,2
96,90,37.5,0,43,0,0,124,84,19,1
138,88,38.1,0,33,0,0,129,81,24,2
113,93,36.4,0,56,0,0,115,79,17,1
83,98,36.6,0,85,2,3,121,86,14,1
105,97,37.8,0,88,1,1,147,73,18,1
85,97,36.3,0,62,0,0,118,74,16,1
155,82,37.2,0,66,1,3,145,81,27,2
142,86,39.6,0,87,1,2,142,80,21,2
69,97,36.7,0,75,1,1,109,75,18,0
119,95,37.2,0,49,0,0,136,79,20,1
100,94,37.7,1,55,2,2,123,76,20,2
66,95,37.0,0,51,0,0,126,78,13,0
148,86,40.0,0,75,0,0,160,100,19,2
70,95,36.7,0,21,1,2,115,73,14,0
101,91,38.1,0,52,0,0,109,83,17,1
113,92,36.9,0,47,1,1,126,87,21,1
81,96,36.9,0,87,1,1,116,79,14,0
68,95,36.9,0,42,0,1,103,72,12,0
106,91,37.6,0,44,0,0,117,82,20,1
82,93,36.6,0,52,1,1,123,81,15,1
104,96,37.4,0,71,0,0,137,80,21,1
78,97,36.7,0,70,1,0,115,80,13,0
74,95,37.0,0,66,0,0,129,78,14,0
80,97,36.7,0,58,1,0,108,76,17,0
69,96,36.8,0,57,2,2,111,71,16,0
73,98,36.9,0,57,0,0,110,71,16,0
109,94,38.1,0,75,0,0,145,79,18,1
141,88,38.9,0,72,0,0,150,91,27,2
142,82,38.9,0,77,1,0,165,84,29,2
65,96,36.8,0,37,2,3,124,70,14,0
71,97,36.3,0,86,0,0,122,76,12,1
145,86,38.2,0,47,1,0,150,71,27,2
96,92,36.7,0,47,0,0,124,81,22,1
73,95,36.6,0,50,2,2,125,72,11,0
105,93,37.5,0,49,0,0,130,63,17,1
73,94,36.9,0,82,1,2,113,83,14,1
83,97,35.8,0,64,0,0,131,78,13,1
72,97,36.6,0,67,0,0,112,67,16,0
70,96,36.9,0,39,0,0,107,77,14,0
74,97,36.5,0,29,0,0,132,66,16,0
155,81,38.4,0,76,2,3,144,82,25,2
59,96,36.4,0,81,0,0,112,74,15,0
107,93,38.0,0,42,0,0,112,87,19,1
110,89,36.6,0,87,1,1,138,81,20,2
133,83,39.1,0,54,1,1,124,80,24,2
64,96,36.6,0,38,0,0,106,76,15,0
72,94,36.6,0,34,0,0,124,74,14,1
127,89,38.2,0,57,2,1,151,72,28,2
74,100,36.9,0,74,1,0,120,71,12,0
62,96,36.3,0,28,1,0,116,68,15,1
71,97,36.6,0,36,1,2,109,75,16,0
68,97,36.5,0,80,0,0,106,88,16,0
98,96,36.8,0,47,0,0,145,79,23,1
130,84,39.1,0,67,1,1,134,85,21,2
74,97,37.0,0,61,1,0,110,77,13,0
123,85,38.1,0,69,1,1,150,82,24,2
65,97,36.7,0,78,0,0,127,83,15,0
73,97,36.3,0,90,0,0,130,78,11,1
71,92,36.9,0,85,1,3,140,76,12,1
143,89,38.7,0,30,0,1,154,87,17,2
80,93,36.2,0,65,1,0,104,78,13,1
104,91,37.3,0,57,0,0,144,77,19,1
120,89,36.9,0,84,1,2,131,89,21,2
72,93,37.3,0,64,1,3,104,73,18,1
72,94,36.6,0,48,2,3,118,74,14,1
72,96,36.9,0,74,1,3,108,65,14,0
95,93,37.4,0,35,0,0,131,77,19,2
101,94,37.8,0,29,0,0,137,94,18,1
71,95,37.0,0,64,0,0,109,83,14,0
136,88,38.9,0,46,0,0,147,83,28,2
107,92,37.4,0,56,0,0,138,73,23,1
73,94,36.7,0,69,2,3,122,67,14,1
73,100,36.9,0,31,0,0,117,63,15,0
73,98,36.2,0,30,1,0,102,68,13,1
96,100,37.1,0,63,1,2,124,85,22,1
106,97,37.3,0,46,3,3,140,73,21,1
95,90,37.6,0,43,2,4,131,88,20,1
78,97,36.4,0,58,0,0,107,70,16,0
69,95,36.5,0,39,1,0,118,74,13,2
151,88,39.4,0,50,1,0,138,76,23,2
127,86,38.4,0,22,0,0,143,85,20,1
139,79,38.8,0,70,1,0,140,80,24,2
77,96,36.3,0,28,1,3,125,70,14,1
66,94,36.6,0,79,0,0,113,78,13,1
137,85,37.8,0,31,0,0,136,93,26,2
94,90,37.2,0,54,0,0,149,85,17,1
74,95,36.7,0,79,0,0,113,85,14,0
112,93,37.4,0,67,1,3,116,80,18,1
74,97,37.2,0,78,1,1,116,79,12,0
77,96,36.5,0,59,0,0,118,76,16,0
69,96,37.0,0,58,0,1,112,68,14,0
72,96,36.7,0,71,1,1,106,78,16,0
102,90,37.0,0,30,4,4,129,71,17,1
102,91,37.8,0,62,1,0,146,71,19,1
127,83,39.9,0,39,0,0,132,91,26,2
80,97,36.9,0,32,3,4,105,66,16,0
79,100,36.0,0,73,1,3,129,73,10,1
112,95,36.5,0,18,0,1,131,85,20,1
139,92,38.8,0,42,0,0,172,109,23,2
105,93,37.8,0,89,1,2,134,78,18,1
72,98,36.4,0,39,0,0,97,82,14,0
71,96,36.3,0,78,2,4,113,82,13,1
115,92,36.7,0,29,0,0,113,76,19,1
104,94,37.3,0,69,0,0,153,93,16,1
68,95,36.6,0,41,0,0,130,74,14,0
136,90,38.7,0,62,1,0,131,84,25,2
98,94,37.9,0,26,0,0,124,83,20,1
121,83,37.8,0,57,1,2,136,63,26,2
135,88,38.6,0,68,1,1,159,88,23,2
72,97,36.5,0,86,1,2,124,77,16,0
91,94,37.3,0,30,0,0,131,85,17,0
141,87,39.1,0,78,1,1,160,80,25,2
71,98,36.3,0,22,0,0,112,74,14,1
73,97,36.7,0,36,2,3,125,79,15,0
75,97,36.5,0,67,1,0,118,66,13,0
79,98,36.3,0,62,0,0,127,79,17,1
73,96,36.5,0,84,1,1,129,90,14,0
72,95,36.8,0,25,0,0,124,79,15,0
85,93,37.4,0,88,1,1,125,73,12,1
70,96,36.9,0,29,0,0,117,79,12,0
66,95,35.9,0,67,0,0,117,74,15,1
76,96,36.7,0,45,0,0,107,64,12,0
108,96,37.3,0,24,0,0,119,79,15,1
114,95,37.9,0,51,1,3,142,84,17,1
146,83,38.2,0,85,2,3,136,79,23,2
85,93,37.2,0,88,1,3,102,80,12,1
105,96,37.7,0,52,0,0,135,76,21,1
165,82,38.3,0,55,3,4,146,74,22,2
91,91,36.8,0,29,0,0,135,85,15,1
78,95,36.8,0,79,1,2,117,78,12,0
67,94,36.3,0,66,0,0,126,67,15,1
115,96,37.1,0,50,1,2,152,76,20,1
123,87,39.5,0,28,1,2,160,88,28,2
110,96,37.2,0,20,0,1,140,76,20,1
68,95,37.1,0,56,0,0,122,65,13,0
66,97,36.9,0,71,0,0,116,70,15,0
124,84,37.6,0,80,0,1,131,85,30,2
77,100,37.0,0,50,1,1,112,74,16,0
81,99,36.2,0,62,0,0,103,76,14,1
65,95,37.3,0,43,1,1,115,67,14,0
102,98,37.4,0,72,1,2,137,88,20,1
105,94,37.4,0,62,0,0,126,86,16,1
122,95,38.9,0,74,0,0,147,81,26,1
102,91,37.9,1,73,0,1,157,73,21,2
73,94,36.7,0,65,0,0,109,70,16,1
82,95,36.6,0,41,1,0,103,83,13,0
61,98,36.9,0,86,0,0,125,62,13,0
97,95,37.0,0,19,1,1,144,73,20,1
77,96,36.8,0,60,0,0,120,65,17,0
70,96,37.1,0,28,1,0,116,66,14,0
71,96,36.5,0,51,2,1,136,69,14,0
125,88,37.6,0,77,1,1,132,84,22,2
73,92,37.0,0,41,3,5,120,69,18,1
74,96,36.2,0,51,2,1,120,79,11,1
101,96,37.7,0,34,1,1,128,87,18,1
135,86,38.8,0,25,0,0,137,75,29,2
75,95,36.9,0,41,0,0,129,75,17,0
139,91,38.6,0,35,2,2,126,90,25,2
141,91,39.5,0,76,0,1,136,79,21,2
137,87,38.2,0,78,2,2,132,82,21,2
125,82,39.4,0,65,0,1,132,78,30,2
57,98,36.7,0,50,2,3,118,80,14,0
133,88,38.3,0,90,1,1,133,78,24,2
78,96,36.7,0,71,3,5,123,80,13,1
119,97,37.3,0,66,3,4,125,75,16,1
112,94,37.6,0,44,0,0,139,80,22,1
83,96,36.4,0,55,2,3,101,79,15,0
100,95,37.9,0,63,2,3,135,72,17,1
69,94,36.4,0,40,0,2,122,75,14,1
110,93,37.2,0,52,0,0,132,87,20,1
71,95,36.8,0,57,1,2,132,71,16,0
76,96,36.3,0,68,0,0,121,84,14,1
125,84,37.7,0,85,1,2,159,88,24,2
145,87,38.7,0,69,0,0,144,93,22,2
73,95,36.6,0,31,2,2,123,79,12,0
65,93,36.3,0,22,0,0,107,74,14,1
140,92,38.2,0,72,0,0,117,92,26,2
61,96,36.8,0,33,1,1,128,69,14,0
62,94,36.4,0,78,0,0,134,92,16,1
71,94,36.7,0,19,0,0,125,90,15,1
79,88,36.9,0,64,0,1,134,79,16,2
99,91,36.8,0,90,2,2,147,66,19,1
72,93,37.2,0,43,1,0,107,79,16,1
70,97,36.5,0,25,2,2,127,82,14,0
132,82,38.5,0,23,0,1,150,79,23,2
69,98,36.5,0,63,0,0,110,86,16,0
131,87,37.9,0,53,0,0,133,78,24,2
79,95,36.3,0,23,0,1,125,80,15,1
97,91,37.1,0,75,1,3,138,85,18,1
141,89,39.4,0,43,1,1,140,81,26,2
83,96,36.5,0,38,0,0,96,72,12,0
76,94,36.3,0,38,3,4,111,67,14,1
73,98,36.8,0,49,0,0,115,76,15,0
108,93,37.3,0,20,1,1,132,91,14,1
99,93,38.2,0,32,1,1,156,80,17,1
104,89,36.4,0,70,2,3,128,92,17,2
103,92,38.4,0,63,0,0,105,79,22,1
104,94,37.8,0,18,0,0,128,87,18,1
77,98,36.8,0,27,1,2,116,79,13,0
65,99,37.0,0,50,0,0,125,72,14,0
139,86,39.7,0,79,3,5,161,75,23,2
68,97,36.8,0,59,0,0,114,80,16,0
79,97,36.9,0,18,2,5,125,70,13,0
129,86,37.7,0,26,0,0,162,79,27,2
147,91,39.0,0,50,0,0,139,75,24,2
130,85,39.1,0,38,0,0,152,81,23,2
67,94,36.6,0,39,2,2,124,83,16,1
106,96,38.0,0,60,1,1,133,66,16,1
109,91,38.3,0,56,0,0,140,66,19,1
79,97,36.5,0,47,1,0,112,78,14,0
140,82,38.0,0,48,2,3,153,68,25,2
73,96,36.8,0,90,0,0,118,75,14,0
139,88,38.8,0,85,1,2,145,65,30,2
62,95,37.0,0,32,1,1,126,76,15,0
142,91,39.3,0,50,1,1,145,89,23,2
108,91,36.9,0,84,0,0,119,88,17,1
132,93,38.4,0,23,0,0,136,92,25,2
137,85,37.8,0,56,0,2,160,84,28,2
154,90,37.9,0,79,0,0,173,73,27,2
103,95,37.4,0,31,3,4,136,89,19,1
138,89,39.7,0,43,0,0,155,85,27,2
99,89,37.1,0,39,2,2,136,77,16,2
99,91,36.8,0,71,2,3,144,80,17,1
147,95,39.2,0,51,0,0,128,82,25,2
96,97,37.0,0,78,0,0,124,80,18,1
103,96,37.9,0,61,0,0,118,93,18,1
143,91,38.3,0,70,0,0,149,92,28,2
63,94,37.2,0,27,0,0,102,71,13,1
106,94,37.0,1,66,1,2,123,74,17,2
83,89,37.9,0,37,1,1,134,87,23,2
70,93,37.2,0,45,0,0,106,77,13,1
98,95,38.2,0,23,0,0,139,93,17,1
148,91,37.9,0,34,0,0,140,78,23,2
75,97,37.3,0,87,0,0,112,73,15,0
71,97,37.2,0,70,0,0,119,84,14,0
120,87,38.9,0,75,1,2,140,80,18,2
61,96,36.7,0,61,1,0,134,68,15,0
71,95,36.8,0,30,1,1,112,80,14,0
137,83,39.7,0,77,2,2,156,79,23,2
79,97,36.3,0,18,1,3,110,76,16,1
102,92,37.8,0,73,0,0,133,89,21,1
112,91,37.4,0,37,2,3,119,74,21,1
114,95,37.8,0,72,0,0,109,73,17,1
130,94,38.3,0,54,2,3,141,84,19,2
107,94,38.8,0,58,2,3,115,76,19,1
84,96,37.1,1,80,2,2,101,74,15,2
75,95,36.6,0,33,0,0,109,67,15,0
110,92,37.6,0,83,1,1,117,65,21,1
71,99,36.8,0,70,0,0,111,70,15,0
117,84,37.7,0,60,1,1,150,82,20,2
63,97,36.7,0,64,1,2,131,80,14,0
101,91,36.8,0,39,0,0,146,80,17,1
114,88,36.4,0,20,2,3,125,82,21,2
80,94,37.2,0,86,1,1,135,80,22,1
151,90,37.5,0,41,0,0,161,84,28,2
65,95,36.5,0,46,3,2,108,64,14,0
80,97,36.9,0,49,2,3,111,73,14,0
93,93,37.1,0,43,1,2,151,80,19,1
144,94,37.4,0,57,1,1,156,83,23,2
79,96,36.2,0,84,2,4,124,74,17,1
113,95,37.9,0,23,1,2,141,72,19,1
91,91,37.6,0,43,1,0,151,75,19,1
74,96,36.9,0,78,3,3,117,73,13,1
151,82,38.5,0,19,1,2,149,75,22,2
78,96,36.4,0,45,3,4,112,66,15,0
71,95,37.3,0,85,2,3,98,72,14,1
77,96,36.5,0,73,0,0,116,68,14,0
65,98,36.8,0,29,1,1,128,70,14,0
71,95,36.8,0,57,1,2,141,77,14,1
75,96,36.9,0,64,2,1,131,75,13,0
134,89,38.1,0,49,1,2,125,92,24,2
72,94,36.7,0,69,0,0,98,78,14,1
72,96,36.9,0,62,1,1,126,73,16,0
81,97,36.9,0,43,2,2,123,67,16,0
101,99,37.3,0,31,2,4,138,69,18,1
71,96,36.8,0,79,0,0,120,74,15,0
82,98,36.1,0,87,0,0,128,75,14,1
73,98,36.9,0,25,2,2,130,72,16,2
113,80,39.0,0,49,0,0,144,79,23,2
75,95,36.5,0,53,1,0,122,79,14,0
68,95,36.9,0,62,0,0,119,77,15,0
93,91,37.6,0,31,2,2,145,89,17,1
65,95,36.6,0,56,0,0,103,79,14,0
68,94,37.0,0,44,4,5,114,71,16,1
98,93,37.7,0,52,1,0,115,83,19,1
108,97,37.4,0,43,0,0,135,82,21,1
122,96,37.9,0,61,0,0,153,86,17,1
78,95,36.6,0,66,2,2,111,66,16,0
73,94,37.6,0,35,0,0,111,78,14,1
139,96,38.4,0,31,3,5,117,72,23,2
116,94,37.1,0,46,0,1,136,74,19,1
129,86,39.6,0,78,0,0,144,83,24,2
74,94,37.1,0,69,1,3,123,69,17,1
120,90,37.3,0,33,0,0,132,83,19,1
98,95,37.1,0,18,0,0,113,78,19,1
100,90,37.4,0,31,2,2,155,71,16,1
113,87,37.2,0,55,1,0,137,79,18,2
73,96,36.9,0,35,1,2,119,82,15,0
101,89,38.3,0,65,3,3,134,88,18,2
77,97,36.9,0,76,2,1,112,74,17,1
65,97,37.0,0,62,0,0,114,73,15,0
95,94,38.0,0,35,1,1,128,83,17,1
60,96,36.3,1,78,2,3,122,77,15,2
93,92,37.2,0,66,0,1,121,81,17,1
115,91,37.6,1,90,2,4,128,78,17,2
100,92,37.5,0,89,1,0,134,80,17,1
79,97,36.8,0,60,0,0,113,73,17,0
84,96,36.7,0,41,0,0,116,78,15,0
73,96,36.4,0,18,1,0,105,83,15,0
152,79,38.8,0,70,0,0,146,82,26,2
110,87,37.5,0,18,2,2,126,73,24,2
98,93,37.6,0,30,0,1,121,81,16,1
142,79,37.6,0,23,0,0,159,76,26,0
81,92,36.5,0,78,2,2,125,76,13,1
98,92,37.6,0,43,1,1,134,81,21,0
144,87,39.1,0,83,0,0,147,100,26,2
75,98,36.6,0,53,1,1,119,64,16,0
124,84,38.7,0,37,1,0,132,80,21,2
73,95,36.1,0,85,0,0,124,79,12,0
64,95,36.9,0,53,0,1,142,62,15,1
124,88,37.2,0,79,0,0,144,71,15,2
72,98,36.6,0,54,0,0,109,73,14,0
66,97,36.5,0,65,1,2,108,78,13,0
64,96,36.9,0,22,1,1,124,73,14,0
90,93,37.9,0,61,2,1,147,85,16,1
64,95,36.2,0,36,2,1,119,72,12,1
74,95,36.4,0,26,1,0,124,78,16,0
80,96,37.7,0,47,0,0,130,88,22,1
99,97,37.5,0,62,1,1,128,77,17,1
146,86,38.6,0,28,1,0,149,88,20,2
69,93,36.4,0,69,0,2,97,81,16,1
76,98,36.6,0,26,1,0,118,77,13,0
108,95,37.4,0,60,1,0,132,77,19,1
120,95,37.6,0,52,0,0,139,71,21,1
77,96,36.5,0,36,0,0,103,68,16,0
65,95,36.6,0,30,0,0,112,78,14,0
95,91,37.0,0,44,1,1,112,70,21,1
118,93,37.7,0,18,2,2,127,82,15,1
107,94,38.0,0,73,2,2,139,86,23,1
73,96,36.3,0,68,0,0,94,65,17,1
66,97,36.9,0,59,1,2,126,74,17,0
66,98,36.5,0,46,0,0,122,69,15,0
103,94,38.1,0,60,0,0,129,75,16,1
70,98,36.6,0,22,1,1,134,73,15,0
101,96,37.4,0,53,1,1,121,87,18,1
112,87,38.3,0,45,2,3,154,90,22,2
102,88,37.3,0,18,0,0,159,81,17,2
77,97,37.2,0,66,2,4,92,65,16,1
77,94,37.2,0,41,2,1,123,76,12,1
78,96,36.8,0,81,0,1,105,71,12,0
111,94,37.8,0,63,1,1,148,70,19,1
71,93,36.7,0,52,1,1,134,88,17,1
89,94,37.4,0,75,0,0,143,68,21,1
120,75,37.8,0,32,3,3,143,86,25,2
100,96,37.4,0,80,0,1,141,81,18,1
94,94,36.6,0,19,3,6,124,82,18,1
97,89,37.3,0,76,2,1,128,73,20,2
93,96,38.0,0,45,1,1,131,83,16,1
81,95,37.1,0,59,1,2,114,67,16,0
78,96,36.5,0,89,2,2,115,76,14,1
103,94,37.4,0,28,1,2,128,75,23,1
95,95,36.2,0,36,1,0,145,82,18,1
152,86,38.7,0,71,0,0,151,80,20,2
102,90,37.4,0,30,3,4,136,74,21,1
70,99,36.1,0,49,0,0,136,74,13,1
139,88,40.4,0,24,1,0,140,83,17,2
103,92,37.9,0,78,0,0,140,83,20,1
66,97,36.5,0,62,1,0,121,74,15,0
118,93,36.9,0,48,4,4,120,75,22,1
71,95,36.6,0,36,3,5,105,76,12,0
57,96,37.1,0,31,0,0,110,70,13,1
99,94,37.4,0,26,1,2,141,80,16,1
127,85,38.3,0,31,1,0,121,68,20,2
118,88,37.5,0,74,1,1,120,88,18,2
107,91,36.8,0,86,1,2,109,91,18,1
71,95,36.9,0,43,0,1,107,74,15,0
124,92,38.2,0,47,0,0,129,93,24,1
141,93,38.2,0,88,0,0,130,93,19,2
117,92,37.2,0,26,0,0,145,89,19,1
143,91,38.2,0,44,0,0,160,75,24,2
66,96,37.2,0,32,0,0,121,70,16,0
152,85,38.9,0,68,4,6,157,92,21,2
72,96,36.6,0,24,1,0,140,72,13,1
82,93,36.9,0,74,1,0,112,73,18,1
70,97,36.9,0,57,2,1,111,67,16,0
103,95,36.8,0,84,1,2,123,86,17,1
105,100,37.3,0,38,1,0,109,80,22,1
89,92,36.8,0,30,0,0,108,78,16,1
106,94,36.4,0,47,1,3,113,74,19,1
76,96,36.3,0,39,0,1,123,71,14,1
69,94,36.5,0,29,1,0,121,67,14,1
63,97,36.7,0,20,0,0,124,73,18,0
134,91,37.4,0,82,1,1,138,93,26,2
98,97,37.9,0,47,1,1,139,79,18,1
72,97,37.0,0,28,2,3,109,79,14,0
67,96,36.7,0,54,0,1,118,70,14,0
67,95,36.8,0,45,1,2,113,80,14,0
78,98,37.2,0,35,0,0,125,75,14,0
106,97,37.6,0,40,1,1,141,88,19,1
85,98,36.3,0,23,0,0,114,69,16,1
66,100,36.2,0,24,0,0,118,70,14,1
106,95,36.9,0,71,1,1,125,98,15,1
102,96,38.1,0,80,0,0,144,90,21,1
72,98,37.1,0,42,1,2,136,67,17,0
69,92,37.0,0,25,0,0,124,69,16,1
70,97,36.3,0,45,1,0,108,77,15,1
139,80,38.8,1,80,2,0,149,86,24,2
57,97,36.3,0,55,1,1,118,73,13,1
67,94,36.6,0,25,2,4,119,67,15,1
104,94,37.4,0,72,1,1,108,96,18,1
85,94,36.8,0,58,0,0,109,66,14,1
80,97,37.0,0,64,2,2,122,76,15,0
92,93,37.9,0,38,0,0,117,73,20,1
116,95,37.6,0,47,1,2,160,74,20,1
63,98,36.7,0,52,0,0,120,90,15,0
81,97,36.8,0,75,0,0,95,79,14,0
102,96,37.2,0,71,1,3,138,70,20,1
70,96,36.6,0,51,0,0,133,83,14,0
109,95,37.8,0,55,3,5,122,79,14,1
110,93,36.3,0,46,1,0,144,79,18,1
67,98,36.9,0,54,0,1,129,67,14,0
106,94,37.1,0,76,0,0,141,87,18,1
62,99,36.9,0,32,0,0,122,71,14,0
60,97,37.0,0,26,0,1,109,77,14,0
146,93,39.6,0,39,2,1,148,105,24,2
70,94,36.9,0,82,1,1,125,76,16,1
129,88,38.5,0,65,1,1,137,90,25,2
67,96,36.5,0,41,0,0,105,81,15,0
92,94,37.8,0,53,1,1,134,75,15,1
68,97,36.5,0,62,1,0,116,67,15,2
111,92,37.3,0,36,1,0,137,92,18,1
72,98,36.8,0,80,0,2,128,67,14,0
98,96,38.2,0,83,2,3,141,91,19,1
76,98,36.9,0,49,0,0,122,68,11,0
96,95,37.4,0,61,0,0,135,81,20,1
96,97,37.8,0,80,0,1,131,74,20,1
97,95,36.7,0,31,0,0,133,79,21,1
100,95,37.2,0,89,0,0,136,75,18,1
63,97,36.8,0,38,1,1,108,69,14,0
61,96,36.6,0,30,0,0,122,81,15,0
73,97,36.1,0,81,1,1,124,70,12,1
106,90,37.0,0,74,1,1,122,78,19,1
75,95,36.6,0,48,0,0,112,73,15,0
81,95,36.9,0,23,2,2,121,70,13,0
77,95,36.4,0,90,1,3,126,65,15,0
77,96,37.4,0,74,0,0,105,70,14,0
81,94,36.5,0,67,2,3,104,68,14,1
68,98,37.0,0,24,2,4,110,69,17,0
104,90,37.5,0,42,3,4,128,89,19,1
131,87,38.7,0,37,0,0,138,80,21,2
77,94,37.5,0,35,1,0,130,69,14,1
68,99,36.8,0,48,1,1,120,72,14,0
114,93,37.8,0,77,0,0,134,84,19,1
100,91,36.9,0,64,0,0,145,72,21,1
105,93,36.6,0,36,0,0,124,77,21,1
72,98,37.1,0,46,1,2,127,80,13,0
117,92,37.3,0,73,2,2,168,81,15,1
72,98,36.7,0,52,1,2,109,73,15,0
97,92,37.2,0,46,0,0,131,78,19,1
71,96,37.0,0,21,1,2,101,83,14,0
69,98,37.1,0,86,1,0,112,79,12,0
103,95,38.4,0,85,1,1,129,75,20,1
76,97,37.1,0,27,0,1,102,71,19,0
74,94,36.3,0,63,0,1,110,68,16,1
76,97,37.1,0,33,1,0,111,70,14,0
71,96,36.0,0,70,2,3,116,76,16,1
107,99,36.9,0,50,2,3,144,92,24,1
119,85,38.7,0,85,0,0,136,76,22,2
80,97,36.4,0,70,0,0,94,78,14,1
132,83,39.1,0,57,3,4,159,86,25,2
98,95,37.4,0,27,1,3,124,72,20,1
152,87,38.0,0,23,1,0,157,92,22,2
61,97,36.8,0,30,0,0,93,76,12,1
126,95,38.3,0,88,2,2,156,69,17,2
105,85,38.0,0,53,0,0,132,67,18,2
149,82,39.8,0,26,0,0,154,79,23,2
115,91,37.8,0,77,1,0,104,61,17,1
83,99,36.8,0,50,0,1,106,71,16,0
76,94,37.1,0,90,1,1,127,67,17,1
98,96,37.3,0,31,0,0,127,76,19,1
81,99,36.5,0,39,2,3,95,76,12,0
61,94,36.3,0,75,2,2,115,70,15,1
77,95,36.6,0,22,1,0,139,85,13,0
125,96,38.6,0,51,2,3,131,87,17,2
158,91,40.2,0,46,0,0,164,84,29,2
104,94,37.1,0,66,0,0,126,80,16,1
64,97,36.6,0,68,0,0,120,78,15,0
129,85,39.2,0,90,1,1,154,90,19,2
113,91,36.8,0,21,1,0,128,72,19,1
109,95,37.4,0,46,0,0,131,69,21,1
76,98,37.0,0,68,0,0,111,81,14,0
74,97,37.1,0,72,1,1,118,76,13,0
129,84,38.9,0,23,0,0,177,82,24,2
71,99,36.6,0,36,1,0,125,80,17,0
69,97,36.5,0,70,1,3,123,65,13,0
97,95,36.6,0,69,0,0,116,72,21,1
107,95,37.4,0,85,2,5,121,94,21,1
142,100,38.8,0,86,0,0,162,95,21,2
76,95,36.5,0,83,1,3,132,67,15,0
141,84,39.5,0,49,1,0,142,94,27,2
107,98,37.7,0,39,0,0,149,58,21,1
147,86,37.8,0,70,1,2,159,84,24,2
68,96,36.8,0,69,2,1,117,70,11,0
110,94,37.1,0,38,1,3,136,71,18,1
74,94,36.5,0,79,0,0,121,66,16,1
73,96,36.6,0,43,1,1,103,67,15,0
76,94,36.7,0,74,1,2,86,77,16,1
97,94,38.0,0,78,0,2,101,76,16,1
70,93,37.0,0,86,1,1,117,71,16,1
92,91,37.8,0,67,1,1,112,61,18,1
135,94,39.2,0,60,1,0,145,98,22,2
106,92,37.6,0,42,0,0,113,94,20,1
69,95,36.9,0,60,1,1,136,67,15,0
137,89,38.2,0,72,0,0,166,102,23,2
66,96,36.5,0,18,1,1,115,70,17,0
145,86,38.6,0,43,0,0,143,101,19,2
100,97,37.6,0,31,0,0,124,69,19,1
79,96,36.5,0,54,2,2,118,78,17,0
105,87,36.8,0,89,0,0,137,72,20,2
131,91,38.3,0,32,0,0,157,80,24,2
106,91,36.8,0,53,1,1,165,55,19,1
111,97,37.6,0,63,1,3,137,78,16,1
72,96,37.2,0,58,0,0,116,79,16,0
76,94,37.3,0,69,1,2,111,68,15,1
119,83,39.2,0,43,0,0,148,81,19,2
71,96,36.3,0,86,0,0,113,77,15,1
75,94,36.2,0,38,0,0,122,72,18,1
64,99,36.8,0,61,0,0,125,77,15,0
68,95,36.7,0,23,1,3,113,62,15,0
83,96,36.9,0,63,2,3,95,78,16,0
129,88,38.7,0,63,2,5,136,82,30,2
134,87,37.6,0,47,0,0,133,88,22,2
77,97,37.0,0,81,1,3,124,75,14,0
141,85,39.1,0,31,1,0,139,86,27,2
72,96,36.2,0,24,1,2,104,73,14,1
137,96,37.8,0,67,1,1,146,81,20,2
65,96,36.7,0,21,0,0,101,77,12,0
83,98,36.5,0,75,0,1,139,76,16,0
77,98,36.6,0,89,2,1,121,78,14,1
71,95,36.9,0,52,2,1,115,69,13,0
107,91,38.6,0,78,0,1,164,91,26,1
67,97,36.6,0,38,0,0,110,78,14,0
82,97,37.2,0,39,1,1,110,69,13,0
126,91,38.6,0,60,2,2,143,71,23,2
74,98,36.4,0,79,0,0,133,73,17,0
104,92,37.5,0,73,0,0,121,80,20,1
151,93,39.1,0,56,1,1,131,79,25,2
91,93,37.0,0,61,0,1,118,66,19,1
77,96,36.8,0,86,2,3,98,78,14,1
136,92,37.2,0,31,1,1,124,83,22,2
82,98,37.1,0,61,1,0,127,75,15,0
101,93,38.4,0,37,2,2,126,69,17,1
143,92,37.4,0,36,1,0,146,78,27,2
76,97,36.8,0,85,0,0,108,77,14,0
108,92,37.9,0,83,0,0,143,81,18,1
111,90,37.4,0,68,0,1,145,78,16,1
99,97,37.9,0,25,1,1,137,81,16,1
67,97,36.7,0,44,0,0,117,68,12,0
117,94,37.4,0,60,0,0,133,74,19,1
74,98,36.5,0,69,0,0,117,65,17,0
70,97,36.6,0,48,1,0,113,70,14,0
96,98,38.6,0,49,1,2,136,83,17,1
66,97,36.9,0,32,0,0,132,83,15,0
84,96,36.5,0,71,1,0,112,76,16,0
59,99,36.0,0,27,0,0,116,76,17,1
71,97,36.2,0,21,1,1,111,82,12,1
74,95,36.7,0,60,1,1,120,77,11,0
102,90,36.6,0,79,1,1,127,81,16,1
71,97,37.1,0,73,1,0,110,75,15,0
74,98,36.5,0,78,0,0,130,77,16,0
74,95,36.6,0,18,0,1,109,75,14,0
151,82,39.2,0,51,4,6,137,82,26,2
80,96,36.6,0,32,2,3,129,83,16,0
137,89,38.1,0,86,3,3,143,86,21,2
75,98,37.0,0,23,1,0,116,78,13,0
92,96,37.0,0,52,0,0,139,74,22,1
70,95,36.8,0,42,0,0,108,81,15,0
140,92,38.6,0,89,0,0,135,88,24,2
138,83,38.6,0,72,0,0,146,77,25,2
74,96,36.8,0,86,2,1,115,71,13,1
75,97,36.9,0,83,0,0,103,84,12,0
66,96,36.8,0,62,1,2,129,71,14,0
68,93,36.3,0,68,2,0,126,78,13,1
72,98,36.4,0,68,1,0,117,70,13,0
107,91,37.7,0,48,2,2,139,87,17,1
71,96,36.4,0,62,0,0,108,70,14,0
81,95,36.5,0,76,2,2,104,82,12,1
139,84,38.5,0,77,1,1,157,78,24,2
129,81,38.8,0,21,1,1,163,87,24,2
72,97,36.5,0,45,0,0,105,78,15,0
84,97,36.7,0,70,1,0,122,79,15,0
92,93,37.9,1,25,1,1,124,66,21,2
94,92,37.9,0,53,0,0,129,89,19,1
133,85,38.1,0,45,0,0,128,78,24,2
74,96,36.4,0,57,0,0,111,74,17,0
98,94,37.7,0,43,0,0,131,71,18,1
91,92,37.4,0,67,1,1,119,79,17,1
133,92,38.8,0,37,1,1,127,86,26,2
78,96,36.8,0,85,1,0,131,75,13,0
73,98,36.5,0,36,2,1,112,84,15,0
78,94,36.6,0,65,2,3,109,74,14,1
78,99,36.8,0,35,2,0,107,76,15,0
87,99,37.1,0,32,1,2,139,88,17,0
61,97,36.7,0,23,1,2,114,76,12,0
73,96,37.2,0,22,0,0,131,80,16,0
75,99,36.1,0,64,0,0,119,79,14,1
109,94,37.9,0,39,0,0,141,82,21,1
104,93,37.6,0,56,2,4,106,86,17,1
131,92,39.3,0,50,0,0,134,83,19,2
73,94,36.6,0,56,1,2,127,82,14,1
65,96,36.7,0,28,2,1,108,73,14,1
109,91,38.2,0,58,0,0,139,79,17,1
109,93,37.0,0,51,1,2,137,81,16,1
133,82,39.4,0,66,1,2,129,87,24,2
90,88,37.3,0,43,1,0,141,79,18,2
112,92,37.2,0,18,0,2,115,70,17,1
134,92,38.3,0,27,2,4,159,85,22,2
130,89,39.0,0,56,2,2,138,91,20,2
60,95,36.8,0,52,0,0,104,80,17,0
68,96,36.5,0,19,1,1,103,77,13,0
164,86,37.7,0,86,0,0,156,85,17,2
61,97,37.4,0,38,0,0,129,62,16,0
67,96,36.2,0,51,0,0,102,69,14,1
94,92,36.7,0,38,1,4,138,77,17,2
76,98,37.4,0,29,0,1,124,80,11,0
104,94,37.3,1,74,3,5,149,86,18,2
105,92,37.2,0,28,0,0,138,68,18,1
76,95,36.6,0,42,2,2,110,82,15,0
134,80,37.4,0,72,0,0,123,82,27,2
69,100,36.5,0,74,0,0,105,65,16,0
136,87,37.9,0,64,1,2,159,79,19,2
66,97,36.4,0,43,1,0,103,83,17,0
128,88,38.8,0,56,1,1,132,75,23,2
72,96,36.6,0,35,0,2,101,76,14,0
72,97,36.7,0,29,1,0,128,74,16,0
74,96,36.6,0,59,2,2,105,71,16,0
69,97,36.8,0,83,0,0,127,78,14,0
98,95,37.3,0,44,1,2,129,84,20,1
93,93,36.7,0,36,1,1,140,81,23,1
125,85,38.5,0,57,3,5,133,87,23,2
124,83,39.4,0,51,0,0,141,79,18,2
147,93,38.5,0,90,0,0,130,93,28,2
99,93,38.2,0,88,1,1,129,87,19,0
70,98,37.1,0,57,0,2,116,72,16,0
95,94,37.4,0,33,0,0,124,82,19,1
90,95,37.5,0,62,0,0,120,84,20,0
66,95,37.0,0,83,1,0,119,76,14,0
105,91,38.0,0,54,2,1,152,80,20,1
138,87,38.9,0,87,1,2,136,89,19,2
95,89,37.6,0,90,0,1,125,58,20,2
103,91,38.4,0,83,1,2,125,53,19,1
116,82,38.0,0,62,0,0,117,88,22,2
64,97,36.5,0,46,2,4,109,75,16,0
90,91,37.8,0,72,0,0,142,88,20,1
108,97,38.1,0,53,2,2,127,75,16,1
83,98,36.7,0,45,0,1,118,76,14,0
68,97,37.0,0,84,0,0,110,66,14,0
70,97,36.8,0,79,0,0,100,72,15,0
138,89,38.5,0,65,0,0,144,91,22,2
109,95,36.8,0,64,0,0,139,93,17,1
91,93,38.8,0,67,2,4,126,76,17,1
127,83,38.5,0,40,0,0,148,85,27,2
82,95,36.9,0,67,0,0,112,78,12,0
97,93,37.6,0,53,1,2,145,82,20,1
66,98,36.8,0,25,0,0,102,68,15,0
122,89,39.1,0,29,1,1,146,83,27,2
137,83,38.6,0,39,1,1,156,78,26,2
102,91,37.2,0,26,0,0,142,87,20,1
112,88,36.7,0,36,1,0,136,87,17,2
140,95,38.1,0,73,0,0,122,74,27,2
94,95,37.5,0,33,0,0,143,75,14,1
114,95,37.7,0,27,0,1,124,76,19,1
108,93,37.6,0,34,0,0,150,84,17,1
71,95,36.7,0,88,3,4,106,72,11,1
72,95,36.8,0,28,0,0,111,75,13,0
74,99,37.0,0,55,0,1,128,79,17,0
76,95,37.0,0,21,0,0,129,59,12,0
75,97,36.8,0,30,1,1,129,75,16,0
93,95,36.9,0,79,0,0,132,69,18,0
136,82,38.0,0,67,0,1,171,67,23,2
101,92,38.6,0,26,1,1,131,73,21,1
71,96,36.3,0,40,2,1,110,79,14,1
109,90,38.4,0,20,1,2,128,70,21,1
136,87,39.7,0,48,1,1,144,95,24,2
85,95,37.1,0,44,1,2,96,77,17,0
72,96,36.7,0,77,0,0,107,61,13,0
71,96,36.0,0,88,1,2,107,76,16,1
104,94,37.8,0,80,0,0,132,65,21,1
83,98,37.2,0,20,2,4,118,81,15,0
132,92,38.4,0,34,1,0,103,85,27,2
112,90,38.0,0,86,3,3,120,81,19,1
103,95,36.8,0,31,1,2,104,89,23,1
99,91,37.6,0,81,0,0,144,82,23,1
68,96,36.9,0,37,3,5,111,80,13,0
76,95,36.9,0,54,0,0,126,66,15,0
131,88,37.8,0,45,2,1,127,91,18,2
149,84,38.6,0,36,0,0,139,86,27,2
59,94,36.6,0,47,1,1,120,68,13,1
76,96,36.1,0,20,0,0,123,78,14,1
57,98,37.1,0,59,0,0,122,78,16,0
109,91,37.0,0,24,1,1,137,84,17,1
70,98,37.4,0,76,0,0,100,79,15,0
102,94,36.6,0,62,2,2,130,80,18,1
137,80,39.2,0,66,1,2,119,80,23,2
81,95,36.9,0,84,1,0,115,72,15,2
72,95,36.8,0,18,3,4,119,87,14,0
68,95,36.3,0,25,1,1,116,70,17,1
61,98,36.3,0,54,0,0,116,73,14,1
135,89,37.5,0,42,2,2,155,97,26,2
136,93,39.8,0,56,0,0,138,80,24,2
123,84,39.1,1,85,2,1,121,85,26,2
134,85,38.3,0,86,1,0,153,91,19,2
99,96,37.3,0,69,1,1,137,85,19,1
78,97,36.3,0,73,0,0,120,75,14,1
76,97,37.0,0,84,2,1,101,77,15,1
69,95,36.8,0,26,0,0,116,78,14,0
77,96,36.8,0,26,1,1,114,63,15,0
147,85,39.5,0,59,1,0,136,81,25,2
121,86,38.0,0,36,0,0,112,82,19,2
147,94,38.8,0,28,0,0,140,94,25,2
70,97,36.7,0,36,0,1,119,80,16,0
72,97,36.8,0,75,0,0,127,66,16,0
137,85,38.5,0,37,0,0,143,77,25,2
101,91,37.1,0,35,0,0,127,92,17,1
111,88,37.2,0,39,2,3,146,84,22,2
88,93,38.7,0,70,0,0,121,82,17,1
133,84,38.9,0,61,0,0,139,81,30,2
107,90,37.9,0,28,2,3,136,84,18,1
61,96,36.9,0,37,2,2,110,78,16,0
106,96,37.8,0,33,0,0,145,84,19,1
79,97,36.8,0,33,2,1,131,83,15,0
134,85,38.9,0,77,1,1,153,85,25,2
74,95,36.4,0,63,0,1,115,72,12,0
105,92,36.9,0,38,0,1,140,83,16,1
70,96,36.6,0,30,0,0,117,79,15,0
133,83,37.8,0,51,0,0,158,82,20,2
126,89,38.0,0,49,1,0,140,89,22,2
97,94,37.5,0,28,1,0,132,88,18,1
72,95,36.7,0,50,0,0,129,79,14,0
70,96,36.8,0,64,0,0,114,70,16,0
128,90,38.9,0,83,0,0,141,87,21,2
67,98,36.9,0,55,1,0,104,70,17,0
72,95,36.7,0,63,0,0,117,74,15,0
145,88,39.4,0,79,1,1,150,84,20,2
72,95,37.1,0,24,2,1,121,71,11,0
74,95,36.9,0,75,1,2,109,76,15,0
79,96,36.4,0,37,0,0,120,70,14,0
92,93,37.2,0,87,0,0,123,77,21,1
66,97,36.3,0,43,0,0,104,67,12,1
103,92,37.5,0,47,2,2,121,82,21,1
117,88,38.2,0,24,2,2,136,84,23,2
77,95,36.1,0,84,1,3,133,72,14,1
76,97,36.9,0,44,0,0,130,76,14,0
147,91,36.6,0,25,0,0,116,71,22,2
106,98,36.4,0,49,0,0,126,68,17,1
64,97,37.0,0,19,2,2,138,61,13,0
86,95,36.7,0,65,1,2,119,73,14,0
124,84,37.7,0,51,1,3,142,80,24,2
67,97,36.5,1,88,0,0,120,77,16,2
76,96,36.7,0,31,2,2,121,76,12,0
114,92,38.1,0,57,2,2,128,84,18,1
110,91,38.2,0,79,1,3,141,74,21,1
113,94,37.5,0,57,0,0,125,69,18,1
132,86,38.3,0,84,0,0,132,84,18,2
71,94,36.6,0,84,1,1,111,76,14,1
99,92,37.4,0,50,0,0,129,76,17,1
108,92,36.7,0,78,1,0,131,70,18,1
149,94,40.1,0,71,1,0,139,82,26,2
94,94,37.5,0,57,1,0,130,73,18,1
96,92,36.6,0,40,0,0,144,79,17,1
74,95,37.4,0,22,1,0,121,78,14,0
75,94,37.0,0,35,2,2,130,63,13,1
108,93,36.0,0,40,1,2,125,83,21,1
74,96,36.5,0,54,1,2,115,80,15,0
108,92,37.6,0,74,0,0,140,81,20,1
65,98,36.6,0,35,0,0,121,76,12,0
72,97,36.9,0,89,1,1,115,72,14,0
99,91,37.4,0,78,0,0,138,77,16,1
126,93,37.5,0,83,1,1,121,77,21,2
103,89,36.7,0,70,0,0,141,70,20,2
86,95,37.3,0,58,3,4,132,84,15,0
78,95,36.8,0,31,0,1,108,69,12,0
145,89,38.3,0,37,1,0,139,81,20,2
143,86,38.5,0,26,0,0,136,87,27,2
109,94,36.8,0,53,2,3,141,76,20,1
73,96,36.4,0,57,1,0,133,74,17,0
77,94,37.1,0,49,1,0,111,73,13,1
67,96,35.8,0,34,1,2,110,85,15,1
110,98,37.2,0,57,1,2,126,84,16,1
106,92,37.5,0,69,0,0,121,84,18,1
69,95,36.7,0,70,0,1,118,80,16,0
68,97,36.8,0,20,1,0,106,82,13,0
115,85,38.6,0,42,0,0,139,93,23,2
92,95,37.1,0,27,2,1,132,79,15,0
71,97,36.1,0,41,1,0,119,80,14,1
69,97,37.0,0,36,0,0,127,75,15,0
149,93,38.7,0,58,0,0,123,92,17,2
83,99,36.7,0,84,0,0,106,61,14,0
88,94,37.1,0,83,1,2,103,71,17,1
58,100,36.9,0,19,0,0,129,70,12,0
80,98,37.0,0,28,0,0,132,92,17,0
135,85,37.6,0,40,0,0,144,75,25,2
76,97,36.5,0,54,0,0,114,63,12,0
140,88,38.3,0,65,0,0,144,86,23,2
66,97,36.7,0,19,0,0,112,67,15,0
97,94,37.0,0,86,0,0,133,68,18,1
88,95,38.1,0,70,0,0,146,74,18,1
65,99,37.1,0,39,1,1,128,81,12,0
77,98,36.7,0,67,0,0,128,83,12,0
113,95,37.4,0,24,1,2,127,83,20,1
75,96,36.3,1,47,1,2,117,69,13,2
70,95,37.7,0,34,0,0,115,77,13,0
78,96,35.9,0,55,1,1,128,72,14,1
60,98,36.5,0,87,0,1,117,74,12,0
67,92,36.8,0,55,1,1,121,76,15,1
62,99,37.2,0,73,0,0,130,71,17,0
132,83,37.8,0,35,0,0,156,79,30,2
92,93,37.6,0,18,0,0,121,87,16,1
102,91,37.2,0,32,0,0,129,66,19,1
110,96,36.9,0,31,0,0,100,65,18,1
83,89,38.1,0,67,1,2,128,95,19,2
101,95,37.3,0,19,1,1,120,76,20,1
105,94,37.1,0,84,1,0,121,89,19,1
73,97,36.5,0,19,2,4,120,73,14,0
68,100,36.3,0,40,1,3,122,78,15,1
119,94,37.2,0,66,1,0,131,72,20,1
101,92,37.9,0,88,2,2,134,69,14,1
117,91,37.4,0,54,2,2,121,81,16,1
146,86,39.3,0,20,0,1,129,80,21,2
71,96,36.7,0,43,3,3,104,74,16,0
116,91,37.5,0,21,0,0,150,88,19,1
76,95,36.4,0,21,0,1,126,81,18,0
97,95,37.3,0,29,0,0,134,74,18,1
133,85,39.0,0,76,2,3,162,86,23,2
107,91,37.0,0,79,0,1,135,76,18,1
74,98,36.7,0,77,1,1,112,76,17,0
102,96,36.8,0,87,1,1,134,69,16,1
65,96,37.2,0,63,0,0,131,71,17,0
62,97,36.8,0,49,0,0,95,62,15,0
121,92,37.1,0,51,1,2,133,90,18,1
76,98,36.7,0,76,1,1,129,82,15,0
105,94,37.0,0,30,1,2,120,66,21,1
84,98,37.0,0,68,1,0,117,80,15,0
107,93,37.8,0,73,0,0,164,89,16,1
74,95,37.1,0,43,0,0,123,82,14,0
68,99,36.7,0,82,0,0,124,76,13,0
73,95,36.6,0,67,0,0,115,82,15,0
72,94,36.4,0,59,3,5,106,80,15,1
67,97,36.5,1,58,1,0,117,73,14,2
139,91,38.7,0,62,0,0,159,67,23,2
78,98,36.5,0,36,1,1,128,78,13,0
74,97,36.7,0,68,0,0,125,73,13,0
136,84,37.1,0,39,0,0,136,76,27,2
75,96,36.7,0,25,0,0,91,77,14,1
65,95,37.1,0,23,0,0,119,72,18,0
87,91,37.3,0,48,2,1,121,96,18,1
57,95,37.1,0,85,1,2,111,66,12,0
147,92,38.2,0,33,1,1,170,90,24,2
135,90,39.0,0,86,1,1,126,102,24,0
107,91,37.1,0,36,1,0,132,79,14,1
92,88,37.6,0,24,0,0,140,80,21,2
97,96,38.0,0,31,1,0,117,82,22,1
110,87,36.5,0,75,0,0,117,80,19,2
87,93,36.9,0,47,0,0,112,68,15,1
61,96,36.4,0,54,1,1,111,86,14,0
103,90,36.7,0,30,2,4,123,79,21,1
81,95,36.5,0,88,0,0,113,73,15,0
105,96,36.4,0,67,0,0,113,79,18,1
127,93,38.9,0,50,0,0,135,97,27,2
72,96,36.4,0,35,0,0,125,74,14,1
128,88,38.4,0,33,2,3,175,82,19,2
75,97,36.7,0,24,0,0,118,68,15,0
115,93,36.9,0,86,1,1,129,79,21,1
97,96,38.1,0,43,1,0,149,76,21,1
139,90,38.6,0,70,0,0,147,92,20,2
77,94,36.9,0,79,1,2,123,69,14,1
76,95,36.3,0,68,0,0,125,80,13,1
134,92,37.4,0,44,1,2,126,98,24,2
80,97,37.1,0,32,1,1,108,87,14,0
146,86,38.7,0,27,0,0,131,86,20,2
109,94,38.3,0,23,1,3,133,70,17,1
108,90,36.7,0,27,0,0,133,85,22,1
108,94,37.0,0,43,0,0,113,75,18,1
107,91,38.8,0,22,0,0,142,95,16,1
107,96,38.3,0,59,2,2,122,82,16,1
84,99,36.7,0,78,0,0,99,79,12,0
159,93,37.1,0,25,1,3,159,90,24,2
68,97,36.5,0,77,0,0,116,77,14,0
67,96,36.9,0,22,2,2,123,75,15,0
75,95,36.6,0,69,2,1,106,69,16,0
84,97,36.5,0,84,0,0,120,70,13,0
72,97,36.2,0,59,1,2,102,79,17,1
81,96,36.4,0,84,0,0,110,79,13,0
72,99,36.8,0,71,1,1,123,86,15,0
72,97,36.3,0,31,0,0,112,65,13,1
108,95,38.0,0,40,1,0,123,66,18,2
78,94,37.0,0,88,0,0,128,74,16,1
80,96,37.2,0,60,0,0,107,83,16,0
72,95,36.5,0,31,0,0,116,64,15,0
134,82,38.3,0,65,0,0,173,94,25,2
94,93,38.0,0,22,1,1,160,69,22,1
81,98,36.6,0,39,0,0,110,78,13,0
77,96,36.8,0,34,0,0,118,80,15,0
153,90,39.1,0,60,1,1,150,80,25,2
127,90,37.8,0,68,0,0,147,86,21,2
95,97,37.2,0,65,1,1,134,68,20,1
63,97,36.6,0,62,0,0,128,75,18,0
98,95,37.9,0,61,2,3,139,75,20,1
126,93,36.6,0,71,2,3,135,83,19,2
95,92,37.7,0,74,0,0,138,70,15,1
157,87,37.8,0,74,1,2,128,80,28,2
145,93,38.1,0,20,0,0,146,93,17,2
72,96,36.6,0,70,1,1,117,77,12,0
70,99,36.8,0,57,1,1,123,81,15,0
105,94,38.1,0,60,1,0,132,78,22,1
66,97,36.5,0,63,0,0,131,78,14,0
68,95,37.1,0,56,1,3,94,75,13,1
84,98,37.1,0,74,1,1,117,72,15,0
110,96,37.5,0,39,1,0,125,81,20,1
73,97,36.8,0,67,1,0,118,73,14,0
120,97,36.9,1,87,1,0,126,81,20,2
144,92,38.7,0,76,1,2,153,103,21,2
146,86,39.8,0,46,1,2,158,84,26,2
66,96,36.9,0,37,2,2,123,73,11,0
145,86,38.0,0,81,3,3,166,77,24,2
63,95,37.3,0,18,0,1,118,68,13,0
95,94,37.5,0,85,1,1,141,69,19,1
68,98,35.8,0,89,0,0,143,71,16,1
104,89,36.3,0,24,2,2,133,67,18,2
149,95,39.2,0,53,1,1,138,94,21,2
71,95,36.7,0,72,1,1,123,70,13,0
144,84,39.0,0,44,2,3,136,91,23,2
80,97,36.6,0,46,1,0,115,72,16,0
64,97,36.5,0,49,1,3,121,79,14,0
92,95,37.6,0,70,0,0,118,88,21,0
71,96,36.4,0,24,0,0,115,72,14,0
96,96,36.5,0,77,0,0,140,85,18,1
73,95,36.6,0,50,0,0,129,72,16,0
78,97,36.6,0,76,0,0,118,82,16,0
71,98,37.1,0,64,0,1,117,67,14,0
61,95,36.7,0,26,0,1,123,73,13,0
96,91,38.0,0,51,0,0,133,84,18,1
103,95,36.7,0,61,1,0,132,79,13,1
112,100,37.3,0,37,0,0,143,89,19,1
109,94,37.2,0,42,1,1,118,80,21,1
63,97,36.4,0,38,1,0,109,80,15,0
120,92,36.9,0,76,3,4,119,83,17,1
72,97,36.7,0,81,0,0,124,71,13,0
97,91,37.6,0,67,1,0,126,79,23,1
102,100,37.4,0,67,1,1,125,75,18,1
109,93,37.5,0,59,0,1,155,83,19,1
68,97,36.6,0,35,2,1,123,65,14,0
112,92,37.8,0,85,2,2,140,89,19,1
69,93,36.7,0,43,4,6,107,82,15,1
101,92,37.3,0,45,1,3,129,86,20,1
139,86,39.5,0,23,0,1,149,83,22,2
65,95,36.7,0,71,0,0,112,76,15,0
85,98,36.8,0,51,1,1,130,83,14,0
144,81,38.5,0,44,0,0,131,84,23,2
74,96,36.7,0,54,0,0,115,63,14,0
70,97,36.6,0,50,1,1,113,71,16,0
100,92,37.0,0,90,2,4,136,71,19,2
76,97,37.0,0,84,2,1,122,79,15,1
145,85,38.1,0,58,1,0,170,77,22,2
141,91,37.6,0,38,1,0,164,87,21,2
82,96,36.4,0,56,0,0,115,73,16,0
80,98,36.8,0,54,0,0,135,73,14,0
83,97,37.1,0,75,1,0,106,69,15,0
117,94,37.9,0,82,0,1,134,75,18,1
113,96,37.6,0,90,1,0,126,70,16,1
111,94,36.3,0,18,0,1,117,76,20,1
125,93,39.3,0,60,1,0,161,75,22,2
131,88,39.5,0,26,1,0,139,89,25,2
79,94,36.5,0,57,0,0,95,72,13,1
105,96,37.9,0,47,1,1,147,81,16,1
79,96,37.1,0,51,1,2,96,68,15,0
135,89,38.1,0,48,2,2,154,93,25,2
129,94,39.3,0,22,1,0,163,80,22,2
84,95,36.0,0,59,1,2,123,74,14,1
62,95,36.4,0,41,0,0,113,80,15,0
69,95,36.7,0,28,1,0,112,88,14,0
85,98,36.8,0,82,2,2,117,67,17,1
95,98,37.3,0,19,1,0,146,81,17,1
135,85,39.8,0,72,0,0,136,84,24,2
73,95,36.2,0,75,2,3,115,83,16,1
79,96,36.8,0,29,0,0,122,74,15,0
78,95,37.2,0,26,1,1,134,58,16,0
117,94,38.1,0,88,0,1,134,76,16,1
74,96,36.7,0,67,1,1,136,72,15,0
73,96,36.5,0,30,1,1,127,69,15,0
104,94,36.9,0,21,0,0,144,78,22,1
105,90,37.9,0,76,0,0,144,76,18,2
109,93,37.3,0,54,1,1,132,100,14,1
83,98,37.1,0,62,0,0,111,86,16,0
97,96,37.4,0,65,0,0,134,87,19,1
69,96,37.1,0,44,0,1,115,72,13,0
107,91,36.9,0,37,1,2,134,74,17,1
110,90,37.5,0,54,1,0,110,78,17,1
62,96,36.9,0,59,2,3,94,64,16,1
72,97,36.5,0,41,1,3,140,66,15,1
72,99,36.2,0,39,1,0,115,76,17,1
129,81,37.4,0,86,1,2,143,95,28,2
120,96,38.0,0,54,1,0,132,80,20,1
105,100,36.4,0,20,0,0,142,87,20,1
73,96,36.8,0,83,1,1,116,80,13,0
77,97,36.3,1,55,0,1,107,76,15,2
76,98,36.9,0,37,0,0,113,78,15,0
75,99,36.5,0,77,0,0,134,75,15,0
105,98,38.7,0,72,1,2,117,95,17,1
65,97,36.6,0,22,0,0,127,78,15,0
81,98,36.6,0,35,0,0,119,82,13,0
73,94,36.9,0,46,0,0,129,72,14,1
64,96,36.4,0,52,3,4,102,73,15,0
93,97,38.6,0,64,0,0,146,78,19,1
72,98,36.2,0,54,1,1,121,71,18,1
108,91,37.6,0,79,2,3,125,85,17,1
100,95,38.1,0,24,1,0,126,75,18,1
111,89,37.3,0,58,0,0,111,64,18,2
94,88,37.1,0,72,0,1,115,79,18,2
107,95,37.1,0,30,1,1,130,68,17,1
107,94,37.8,0,71,0,1,146,79,21,1
67,97,36.9,0,67,1,0,126,78,15,0
120,85,37.2,0,44,2,2,168,103,17,2
75,97,36.6,0,53,1,3,131,89,16,0
68,98,36.5,0,35,0,0,127,71,13,0
105,94,37.3,0,46,1,0,114,81,19,1
134,90,38.5,0,57,0,0,137,86,24,2
137,81,39.4,0,70,1,0,134,99,26,2
134,82,38.9,0,25,0,2,143,81,27,2
74,98,37.1,0,24,2,2,116,72,14,0
128,94,39.6,0,45,2,2,134,95,23,2
140,87,38.2,0,49,1,0,139,81,21,2
98,92,36.9,0,72,1,1,159,74,20,1
101,92,36.7,0,24,3,4,113,72,17,1
70,96,36.7,0,50,1,0,117,71,13,0
114,90,37.5,0,52,1,1,131,68,19,1
141,82,37.8,0,45,2,4,160,83,24,2
106,92,37.1,0,82,1,1,121,87,17,1
80,99,36.7,0,77,1,2,116,76,15,0
147,86,38.2,0,76,0,1,136,91,22,2
77,96,37.3,0,85,0,0,137,74,17,0
93,95,35.9,0,57,1,1,128,82,20,1
105,91,37.5,0,62,2,1,117,74,19,1
66,96,36.6,0,23,2,1,116,67,15,0
76,94,36.9,0,32,0,0,122,74,14,1
120,95,38.0,0,62,1,1,136,76,18,1
80,96,36.7,0,40,0,0,105,74,13,0
99,94,37.1,0,79,2,4,110,88,20,1
67,97,36.4,0,70,1,1,115,67,15,0
71,97,36.3,0,47,1,2,111,66,16,1
79,96,36.5,0,78,1,2,137,68,14,0
111,95,37.6,0,76,1,1,122,79,21,1
135,87,38.5,0,84,2,3,148,82,26,2
100,91,37.5,0,81,0,0,154,85,19,1
121,93,37.1,0,82,1,1,124,69,16,1
102,96,37.6,0,82,0,0,140,75,21,1
73,95,37.0,0,23,0,0,128,89,14,0
67,98,36.9,0,24,1,2,132,74,16,0
114,95,37.1,0,70,1,2,143,80,18,1
80,97,36.5,0,39,2,3,131,76,15,0
130,78,37.7,0,65,1,1,163,74,24,2
76,96,36.7,0,28,0,2,115,85,15,0
77,96,36.8,0,31,2,2,118,78,15,0
100,91,37.7,0,35,2,4,150,67,21,1
104,95,37.9,1,73,1,1,118,76,15,2
103,93,36.8,0,56,1,0,123,81,21,1
78,98,36.2,0,37,0,0,120,79,14,1
80,94,36.9,0,82,0,0,113,72,16,1
76,96,36.7,0,71,2,2,139,74,16,1
108,94,37.6,0,85,0,0,126,84,19,1
95,98,37.7,0,19,0,0,133,78,19,1
71,97,36.5,0,56,2,4,126,83,14,0
67,95,36.8,0,59,0,0,130,65,19,0
71,96,36.5,0,70,3,3,119,74,13,1
91,95,38.1,0,32,1,2,131,70,16,1
136,84,37.1,0,81,0,0,158,87,24,2
67,93,36.7,0,29,0,2,117,77,16,1
115,95,38.0,0,22,1,2,129,84,21,1
74,97,36.6,0,87,2,1,122,70,14,1
79,94,36.8,0,79,2,1,115,76,15,1
104,92,37.2,0,47,0,0,135,76,18,1
64,96,36.5,0,57,2,3,134,77,12,0
71,97,36.8,0,42,0,0,128,84,14,0
137,84,39.9,0,70,0,0,110,91,26,2
128,92,37.9,0,58,2,3,139,83,26,2
81,96,37.1,0,83,0,0,126,77,18,0
74,95,36.9,0,27,0,0,114,77,14,0
126,88,39.3,0,35,1,2,136,83,25,2
92,94,36.4,0,53,1,1,100,75,16,1
156,82,38.8,0,35,2,3,135,83,26,2
76,97,36.7,0,65,1,1,108,80,14,0
104,91,38.1,0,45,1,1,121,79,18,1
72,98,36.6,0,69,0,0,96,74,12,0
73,98,36.8,0,34,1,2,135,72,16,0
68,97,37.0,0,89,0,0,127,66,16,0
63,97,36.7,0,21,1,0,122,63,13,0
72,97,36.4,0,47,1,1,129,70,14,0
152,84,38.2,0,71,0,0,158,91,26,2
59,97,36.1,0,22,0,0,122,71,14,1
67,96,36.6,0,42,2,1,123,76,15,0
102,92,37.4,0,68,1,1,152,76,21,1
69,99,36.9,0,35,1,1,105,74,16,0
71,99,37.1,0,82,0,1,121,73,17,0
75,95,37.1,0,50,0,0,119,70,17,0
97,92,37.2,0,40,1,0,137,83,15,1
67,96,37.3,0,84,0,0,129,74,16,0
155,87,38.6,0,82,1,2,120,81,20,2
70,94,36.3,0,44,0,0,117,87,14,1
78,96,37.0,0,65,0,0,123,77,15,0
134,79,37.4,0,84,1,0,148,86,20,2
73,96,36.7,0,86,2,2,118,70,13,1
144,82,38.9,0,59,1,0,141,96,27,2
106,95,37.6,0,76,3,4,130,64,13,1
75,99,36.7,0,39,1,1,116,79,15,0
71,96,36.5,0,53,1,2,131,61,14,0
150,86,39.2,0,56,0,0,141,88,22,2
68,100,36.6,0,25,0,0,120,75,15,0
143,76,38.8,0,28,2,4,141,88,23,2
65,98,36.9,0,62,0,1,110,71,15,0
69,98,36.6,0,21,0,0,124,84,14,0
104,93,37.8,0,52,0,0,121,85,20,0
66,97,36.9,0,62,0,0,107,82,16,0
116,98,36.5,1,78,0,1,101,85,20,2
109,93,37.8,0,58,4,6,122,78,18,1
136,87,39.4,0,40,0,0,170,89,18,2
101,94,37.4,0,47,2,1,121,82,18,1
101,97,37.9,0,84,0,0,143,96,14,1
73,97,36.5,0,70,0,0,120,83,14,0
74,97,36.7,0,53,0,0,124,68,13,0
64,99,37.1,0,69,0,0,114,75,14,0
70,99,37.1,0,20,1,1,107,75,16,0
126,82,39.0,0,37,2,2,117,82,24,2
136,89,39.2,0,65,1,1,152,87,20,2
80,94,37.0,0,72,2,2,130,78,14,1
141,86,39.2,0,61,0,0,186,72,23,2
99,92,38.0,0,51,0,1,133,81,18,1
76,96,37.0,0,37,1,1,107,81,13,0
81,95,36.8,0,54,3,3,112,71,14,0
76,96,36.9,0,75,2,4,135,77,13,1
76,95,37.3,0,45,0,0,138,64,13,0
68,99,36.6,0,36,0,0,135,66,13,0
111,92,37.1,1,18,0,0,123,62,18,2
80,95,36.4,0,66,0,0,121,58,14,0
105,92,36.4,0,65,2,4,116,79,19,1
66,96,36.9,0,87,3,5,136,79,14,2
77,96,36.9,0,90,1,3,124,73,16,0
73,98,36.8,0,72,1,0,109,69,12,0
67,95,36.5,0,77,0,1,136,69,14,0
156,82,39.9,0,25,0,0,152,92,22,2
81,95,36.7,0,47,0,1,120,78,16,0
97,96,38.9,0,57,1,0,115,79,21,1
112,97,36.9,0,69,1,3,127,79,19,1
83,97,37.0,0,54,0,0,122,74,12,0
69,95,36.9,0,50,0,0,114,84,17,0
139,85,39.6,0,39,0,0,129,77,27,2
71,98,36.7,0,49,1,1,120,74,17,0
72,95,36.5,0,20,1,1,104,82,16,0
142,79,37.9,0,72,2,2,126,76,20,2
109,95,37.3,0,71,0,2,141,74,19,1
64,99,37.2,0,47,0,0,120,85,14,0
67,96,36.3,0,44,0,1,100,76,16,1
77,97,36.3,0,27,0,0,122,83,14,1
62,99,37.0,0,39,1,2,104,65,13,0
71,95,36.8,0,84,0,1,113,70,16,0
72,95,36.9,0,70,0,0,109,76,14,0
111,92,38.1,0,89,2,4,129,79,22,1
78,98,37.1,0,57,0,0,115,79,14,0
162,84,38.2,0,53,0,1,133,95,27,2
114,92,37.4,0,56,0,0,130,61,19,1
114,100,37.0,0,52,1,2,124,77,18,1
97,94,37.3,0,55,1,3,126,84,20,1
71,97,36.5,0,71,1,1,121,71,13,0
70,95,37.0,0,37,1,1,118,69,13,0
108,94,38.5,0,27,0,0,114,91,21,1
99,94,37.3,0,29,1,1,133,73,18,1
61,97,36.6,0,43,1,2,126,80,15,0
99,96,37.6,0,25,0,0,132,79,18,1
128,87,38.1,0,52,3,3,119,91,26,2
98,92,37.3,0,60,0,0,131,76,18,1
93,94,37.7,0,64,0,0,140,81,20,1
135,95,38.8,0,46,1,2,161,76,23,2
110,92,37.3,0,87,3,4,138,72,18,1
75,96,37.1,0,53,1,2,127,74,16,0
117,94,36.5,0,36,2,3,133,85,21,1
109,93,37.0,0,66,0,1,128,77,19,1
76,97,36.4,0,69,0,0,130,72,18,0
79,98,36.6,0,61,1,0,117,76,15,0
61,97,36.7,0,48,1,1,104,73,16,0
130,86,38.5,0,59,0,0,154,88,24,2
73,97,36.5,0,77,1,0,106,80,16,0
72,96,36.1,0,71,1,1,112,84,16,1
62,95,36.5,0,85,2,2,110,81,16,1
88,97,38.0,0,48,0,0,142,67,20,1
66,96,37.1,0,56,0,1,123,71,15,0
138,88,38.2,0,78,0,0,133,77,24,2
97,92,37.6,0,47,1,1,127,74,20,1
70,98,37.2,0,73,0,0,120,79,15,0
139,91,37.7,0,36,0,0,131,88,26,2
69,99,36.8,0,22,0,1,108,75,11,0
67,95,36.8,0,47,1,1,134,78,13,0
101,97,37.4,0,27,0,1,120,63,18,1
117,98,36.9,0,35,1,1,130,80,18,1
134,85,39.4,0,56,0,0,140,87,26,2
64,97,36.6,0,19,1,1,116,74,16,0
133,90,38.6,0,86,0,0,168,75,19,2
77,95,36.5,0,71,0,0,120,75,16,0
73,91,38.7,0,49,0,0,125,69,15,1
137,86,37.8,0,23,0,0,120,82,24,2
75,95,36.6,0,18,3,3,123,88,13,0
70,96,37.0,0,79,0,0,125,69,14,0
145,83,38.5,0,63,2,2,147,107,24,2
78,96,37.0,0,69,2,3,114,68,12,0
111,95,37.6,1,78,0,0,119,67,18,2
139,88,38.7,0,66,1,0,152,71,24,2
107,95,37.0,0,50,0,0,133,75,21,1
136,91,38.7,0,41,1,2,142,101,21,2
100,94,37.2,0,29,0,0,141,90,19,1
69,95,36.9,0,23,0,1,114,82,14,0
64,96,36.8,0,32,0,1,124,67,14,0
71,93,36.4,0,90,3,4,119,69,16,1
66,98,36.5,0,36,0,0,132,70,14,0
63,99,36.7,0,35,2,4,121,84,13,0
66,95,36.8,0,21,2,2,124,78,13,0
134,87,39.6,0,69,0,0,118,84,21,2
112,93,37.0,0,35,3,5,111,79,17,1
69,98,37.3,0,43,1,1,126,80,14,0
125,89,39.2,0,58,1,1,142,75,25,2
66,95,36.4,0,31,2,4,106,62,15,0
136,88,38.0,0,40,0,0,144,85,23,2
105,97,37.4,0,44,1,0,146,83,16,1
133,90,38.8,0,70,1,0,158,78,24,2
73,94,36.5,0,88,1,2,95,82,12,1
63,95,36.9,0,87,2,2,118,72,11,1
99,94,37.3,0,29,0,0,121,90,18,1
91,94,37.8,0,46,1,2,129,86,18,1
103,90,37.4,0,90,1,0,132,82,15,1
141,86,39.9,0,76,1,1,131,88,19,2
113,100,36.6,0,48,0,0,149,88,20,1
74,94,36.3,0,63,3,4,118,68,13,1
99,100,36.3,0,63,1,0,138,77,19,1
76,97,37.0,0,23,1,4,126,82,14,0
136,90,37.8,0,74,0,1,133,98,25,2
113,90,37.5,0,53,0,1,129,72,20,1
109,97,37.5,0,77,0,0,149,68,18,1
118,90,37.4,1,38,1,1,108,73,21,2
109,96,37.5,0,84,1,0,141,68,21,1
75,95,36.4,0,63,2,3,118,79,16,0
63,96,36.5,0,73,1,2,89,68,14,1
125,90,39.5,0,36,0,0,130,85,19,2
106,99,36.7,0,89,0,0,118,71,17,1
115,89,37.8,0,33,0,0,130,84,16,2
96,92,37.5,0,22,2,2,123,71,18,1
106,96,36.7,0,46,0,0,132,76,19,1
66,97,36.3,0,83,0,0,114,81,16,1
109,97,37.1,0,69,3,5,135,75,18,1
134,87,39.5,0,31,0,1,139,87,25,2
72,94,36.8,0,54,1,1,115,70,15,1
117,92,37.1,0,89,2,3,122,92,16,1
157,89,38.6,0,77,0,0,162,86,24,2
101,91,37.5,0,48,0,0,128,87,19,1
62,96,37.2,0,23,1,0,117,78,13,0
71,97,36.8,0,49,1,2,107,78,14,0
64,95,37.6,0,51,1,0,111,79,14,0
65,97,36.1,0,40,1,0,120,83,16,1
73,94,37.1,0,27,3,5,125,80,15,1
100,96,38.0,0,65,0,0,116,86,20,1
82,93,37.8,0,35,0,2,136,83,23,1
117,92,38.3,0,34,1,0,140,74,20,1
139,89,39.5,0,47,0,0,144,80,30,2
103,89,36.5,0,45,2,4,132,77,17,2
105,91,37.2,0,38,0,0,140,72,19,1
114,94,37.6,0,60,0,0,129,75,16,1
139,85,37.6,0,61,2,1,153,88,20,2
96,95,37.1,0,86,1,1,128,68,14,1
79,93,36.9,0,85,4,4,126,80,13,1
135,84,38.5,0,88,0,0,196,82,19,2
97,95,38.0,0,77,0,0,137,74,16,1
71,93,36.5,0,83,1,0,144,77,17,1
81,91,37.3,0,79,2,3,115,79,16,1
94,93,37.6,0,60,1,0,124,90,19,1
142,81,38.5,0,43,4,4,178,87,23,2
69,97,37.1,0,40,1,1,128,74,18,0
144,92,37.7,0,58,1,1,136,93,23,2
79,96,36.0,0,53,2,2,110,73,17,1
134,91,39.0,0,87,2,3,146,100,25,2
80,95,36.9,0,89,2,2,115,73,13,1
80,98,37.0,0,46,0,0,127,77,13,0
153,88,37.6,0,35,3,2,158,94,20,2
103,93,38.2,0,44,1,1,132,73,19,1
83,95,36.4,0,30,2,2,125,79,15,0
60,98,36.6,0,61,0,0,100,76,12,0
64,94,36.1,0,88,1,1,110,76,13,1
107,96,37.4,0,73,0,0,138,73,18,1
91,96,38.4,0,18,0,0,140,67,17,1
94,90,37.7,0,52,0,0,114,80,21,1
82,98,36.6,0,78,2,3,112,67,14,1
60,95,36.7,0,30,1,2,117,65,14,0
76,93,36.5,0,86,1,0,131,79,14,1
68,95,36.9,0,75,1,2,127,69,13,0
88,97,36.5,1,90,0,0,127,80,15,2
133,80,38.6,0,64,1,1,152,72,29,2
105,91,37.4,0,50,1,1,131,68,17,2
73,94,36.5,0,32,0,1,110,87,15,1
73,99,36.2,0,26,1,1,126,64,10,1
103,93,38.0,0,84,1,0,131,78,18,1
110,91,37.4,0,77,0,0,141,84,17,1
58,96,36.4,0,43,1,1,106,67,15,0
78,96,36.6,0,75,1,1,111,81,15,0
110,94,37.9,0,81,1,2,134,78,18,1
73,94,37.0,0,41,2,3,108,79,15,1
101,92,37.4,0,48,2,2,122,72,19,1
143,91,38.7,0,51,0,1,165,79,21,2
130,88,38.2,0,35,0,1,140,79,24,2
70,98,36.7,0,68,0,1,107,79,13,0
134,91,39.0,0,78,0,0,140,73,26,2
122,87,38.6,0,81,0,0,156,90,26,2
71,97,37.2,0,43,0,0,110,76,12,0
110,99,38.2,0,47,0,0,113,86,18,1
68,99,36.8,0,54,0,0,133,80,16,0
112,95,37.0,0,44,2,3,148,79,17,1
82,92,37.1,0,85,1,1,121,66,11,1
101,92,37.4,0,27,0,0,140,86,17,1
77,96,36.5,0,49,1,1,122,75,11,0
146,87,38.1,0,31,1,3,133,70,20,2
80,97,36.6,0,88,0,0,100,78,14,0
105,94,36.7,0,53,1,1,126,89,14,1
126,90,39.2,0,56,0,0,138,103,23,2
69,96,37.2,0,42,1,2,110,81,13,0
117,93,36.9,0,73,0,0,127,79,18,1
82,95,36.4,0,58,1,1,102,74,16,0
71,94,36.4,0,23,2,3,133,75,12,1
68,97,36.5,0,63,1,1,118,68,15,0
75,95,36.5,0,72,0,2,127,84,15,0
72,99,36.5,1,33,0,1,114,81,14,2
104,87,37.6,0,40,3,6,117,86,22,2
71,96,36.7,0,26,1,0,122,71,13,0
100,93,37.4,0,45,3,4,135,83,19,1
83,95,36.8,0,77,1,0,111,84,15,0
140,89,39.8,0,40,1,0,151,101,25,2
68,98,36.5,0,43,1,2,109,75,13,0
73,97,36.5,0,70,0,0,105,77,12,0
101,97,37.5,0,74,1,2,137,81,15,1
80,96,36.9,0,63,0,0,101,69,15,0
127,87,39.7,0,53,1,1,135,84,25,2
105,94,36.9,0,59,0,0,131,83,19,1
80,92,36.5,0,34,4,5,119,71,13,1
70,97,36.6,0,33,1,2,112,71,16,0
130,88,38.4,0,67,0,0,142,90,27,2
71,99,36.8,0,33,1,2,114,77,13,0
75,98,36.2,0,42,0,0,115,75,18,1
71,94,37.3,0,43,1,2,109,75,15,1
107,90,37.3,0,34,2,1,144,78,20,1
109,92,38.4,0,67,1,2,128,77,18,1
68,94,37.4,0,86,1,3,104,83,13,1
110,88,37.4,0,76,1,2,123,71,18,2
71,94,36.7,0,70,0,0,119,75,17,1
92,95,37.1,0,48,0,0,107,79,22,1
102,91,38.4,0,70,2,1,126,88,19,1
94,96,37.8,1,59,0,0,123,77,20,2
63,96,36.1,0,22,2,2,119,67,16,1
68,98,37.0,0,56,0,0,117,76,12,0
135,81,39.2,0,38,2,0,163,75,23,2
118,94,37.5,0,73,1,2,143,86,22,1
111,98,38.4,0,55,0,1,144,83,18,1
123,91,38.0,0,89,2,3,124,85,22,1
70,95,36.7,0,36,1,2,114,79,15,0
96,96,36.1,0,43,0,0,144,70,16,2
107,94,38.0,0,73,0,0,125,87,20,1
78,98,36.8,0,40,0,0,107,67,15,0
92,94,37.4,0,32,0,0,145,80,19,1
63,94,36.6,0,18,0,1,111,64,14,1
124,90,38.9,0,90,0,0,122,81,27,1
125,86,38.6,0,31,0,2,144,75,22,2
131,86,38.3,0,59,0,0,138,91,26,2
98,91,38.0,0,54,0,1,146,87,17,1
75,98,37.0,0,45,0,0,112,74,15,0
76,92,36.8,0,57,2,3,110,76,14,1
76,94,36.7,0,65,1,1,117,69,14,1
106,92,37.2,0,69,2,1,130,74,15,1
108,95,36.3,0,90,0,0,133,71,16,1
86,95,37.0,0,59,1,2,128,71,15,0
74,99,37.1,0,87,0,1,124,67,17,0
77,97,36.8,0,29,0,0,142,71,14,1
76,94,37.0,0,18,1,0,110,80,15,1
69,94,36.7,0,66,3,5,124,76,14,1
111,89,37.7,0,58,0,1,137,80,16,2
109,96,37.2,0,35,1,2,147,78,20,1
132,91,38.8,0,24,1,2,155,74,19,2
134,85,38.4,0,74,2,2,119,87,22,2
74,95,36.7,0,56,3,5,113,59,15,0
68,95,36.6,0,28,0,1,114,84,13,0
102,93,36.7,0,20,3,5,132,69,20,1
74,95,37.0,0,89,1,1,120,70,17,0
111,95,36.6,0,19,1,0,127,84,17,1
155,83,38.4,1,76,0,0,131,89,19,2
74,94,36.4,0,27,3,2,110,77,13,1
135,91,39.2,0,62,1,1,153,74,32,2
70,96,36.9,0,23,0,0,117,69,15,0
60,94,36.4,0,23,0,0,111,69,14,1
74,96,36.6,0,57,2,3,127,84,14,0
115,93,37.6,0,40,1,0,143,84,15,1
76,96,36.8,0,85,1,1,128,70,16,0
60,96,37.2,0,22,2,4,119,75,16,0
69,99,36.7,0,31,1,2,116,65,15,0
114,93,38.9,0,26,0,0,130,94,23,1
94,93,37.5,0,72,1,0,137,77,16,1
111,97,37.1,0,26,0,0,131,90,19,1
96,94,37.7,0,47,1,2,132,76,16,1
68,95,36.7,0,29,0,0,108,80,17,0
144,86,39.6,0,77,0,0,127,67,25,2
68,95,36.4,0,33,2,3,118,81,15,0
78,100,36.9,0,37,1,2,123,78,16,0
92,88,37.6,1,64,2,4,134,70,17,2
63,95,36.5,0,24,1,0,103,73,10,0
125,95,36.5,0,75,1,1,122,88,16,2
70,97,37.1,0,47,1,1,129,64,16,0
128,85,40.1,0,61,1,0,179,103,30,2
105,93,37.1,0,88,1,1,144,76,21,1
109,94,36.3,1,49,1,1,131,90,16,2
67,97,36.3,0,32,2,2,125,58,14,1
151,94,38.4,0,21,1,2,152,77,26,2
70,95,37.5,0,56,1,2,107,70,13,0
110,93,37.0,0,24,1,2,127,89,18,1
74,98,36.4,0,77,1,0,114,80,13,0
84,98,36.5,0,22,1,2,132,68,16,0
77,96,36.6,0,31,1,0,125,79,14,0
75,96,36.7,0,30,1,2,116,72,14,0
111,97,36.9,0,90,1,0,148,69,19,1
70,99,36.7,0,78,1,0,142,80,15,1
66,97,36.7,0,25,0,0,121,65,13,0
70,95,36.7,0,42,0,0,134,66,16,0
67,95,36.8,0,65,1,1,120,85,15,0
100,93,38.2,0,38,0,0,132,88,17,1
71,95,36.2,0,27,1,1,132,63,15,1
84,95,36.2,0,86,0,1,124,77,15,1
69,97,36.9,0,34,2,1,104,68,16,0
137,85,38.7,0,19,0,0,153,87,19,2
63,95,36.4,0,29,1,1,122,80,16,0
75,98,36.6,0,22,0,0,118,71,16,0
102,94,38.5,0,30,1,1,139,79,17,1
78,97,36.9,0,56,0,0,108,71,14,0
129,89,38.1,0,24,2,3,146,88,25,2
73,94,37.0,0,63,0,0,127,77,13,1
97,88,37.6,0,66,1,0,133,82,16,2
71,100,36.4,0,31,1,0,121,84,15,0
106,96,37.0,0,32,2,3,122,85,18,1
58,96,37.1,0,20,2,3,118,70,15,0
75,96,36.9,0,49,0,0,113,71,13,0
70,98,37.1,0,69,0,0,114,79,16,0
67,97,36.5,0,23,1,1,100,62,14,0
143,85,39.4,0,37,0,0,140,81,19,2
103,94,37.1,0,84,0,1,129,75,18,1
102,93,36.9,0,36,1,2,135,76,19,1
100,93,36.9,0,75,0,0,141,84,17,1
106,90,37.6,0,29,0,0,133,85,23,1
143,78,38.3,0,48,2,3,140,87,22,2
77,95,36.4,0,64,1,2,115,70,15,0
91,92,37.1,0,19,1,0,129,92,19,1
81,95,36.9,0,77,0,0,114,76,17,0
89,91,37.4,0,35,1,0,125,86,16,1
102,92,37.7,0,64,0,0,129,87,17,1
110,94,37.8,0,37,2,4,132,72,18,1
67,93,36.5,0,57,2,4,105,80,14,1
100,98,37.5,0,22,0,0,124,74,16,1
72,95,36.3,0,47,1,1,123,74,14,1
110,96,37.0,0,30,0,0,136,86,19,1
106,96,37.8,0,75,4,6,140,84,18,1
154,84,39.3,0,42,1,0,137,71,22,0
145,87,37.8,0,68,1,1,138,77,23,2
111,94,37.4,0,46,0,0,143,69,18,1
77,97,36.2,0,23,1,1,112,66,14,1
77,96,36.3,0,44,0,0,120,69,15,1
152,88,39.0,1,57,3,5,168,77,24,2
99,95,38.3,0,86,3,4,133,82,21,1
108,92,37.3,0,62,1,1,131,68,19,1
76,97,36.7,0,43,2,3,119,79,11,0
75,96,36.7,0,32,1,1,115,65,14,2
76,99,37.0,0,61,2,4,122,79,15,0
103,95,37.7,0,87,1,1,169,82,21,1
73,95,36.7,0,48,0,1,125,80,15,0
77,95,36.7,0,71,1,1,94,82,14,1
109,92,37.3,0,59,0,0,137,67,19,1
130,81,38.2,0,87,1,0,145,78,27,2
79,94,36.2,0,80,2,0,109,66,15,1
74,98,36.2,0,41,1,1,116,62,15,1
80,94,36.9,0,90,2,2,115,87,13,1
64,95,36.8,0,45,2,3,119,75,15,0
70,96,36.6,0,70,1,1,132,69,15,0
68,97,36.5,0,43,1,2,126,85,18,0
96,96,37.6,0,45,0,0,120,84,20,1
107,96,37.8,0,41,1,1,129,83,18,1
133,98,38.8,0,65,1,1,137,86,26,2
74,97,36.7,0,76,0,0,112,79,13,0
110,92,37.4,0,84,0,0,150,76,20,1
67,98,36.6,0,71,0,0,114,73,13,0
83,98,36.1,0,34,0,0,117,70,12,1
79,98,36.6,0,38,0,0,128,67,14,0
105,96,37.6,0,51,1,0,148,80,18,1
77,98,36.5,0,45,0,0,120,79,14,0
60,93,36.3,0,19,3,6,120,77,16,1
62,100,36.1,0,18,0,2,115,70,12,1
105,97,37.4,0,48,0,0,141,79,16,1
128,84,37.7,0,50,0,1,160,77,29,2
110,96,37.3,0,53,0,0,137,67,21,1
66,98,36.8,0,70,0,0,109,71,16,0
105,91,38.2,0,37,2,2,128,75,21,1
69,93,36.3,0,75,1,1,119,78,16,1
66,100,37.0,0,31,0,2,129,67,15,0
102,92,36.9,0,78,1,0,127,81,20,1
80,95,36.8,0,55,2,2,107,78,12,0
105,97,38.1,0,25,0,0,127,92,18,1
106,97,37.9,0,72,0,0,150,78,21,1
100,92,37.9,0,47,0,0,122,79,18,1
62,96,37.1,0,75,0,1,105,73,13,0
81,93,36.8,0,32,0,0,117,67,14,1
105,92,36.5,0,28,0,0,146,84,21,1
80,96,36.8,0,71,1,0,107,71,14,0
67,95,36.4,0,23,2,3,123,57,15,0
86,94,36.2,0,90,1,0,114,72,15,1
135,77,38.8,0,38,0,2,133,87,26,2
125,86,37.3,0,28,1,1,138,93,27,2
72,93,36.5,0,20,0,0,117,68,16,1
105,87,37.8,0,75,0,0,115,69,20,2
73,95,36.6,0,67,1,1,114,80,12,0
112,96,38.1,0,40,0,0,133,84,17,1
83,96,36.6,0,50,0,0,121,76,15,0
102,94,37.2,0,73,2,3,124,75,20,1
134,87,38.0,0,84,0,0,162,80,27,2
101,93,37.1,0,43,2,0,136,73,15,1
102,87,37.7,0,43,1,1,145,72,14,2
145,88,37.8,0,81,2,2,150,90,22,2
98,91,36.9,0,49,0,0,115,81,15,1
114,95,37.4,0,32,0,0,151,83,19,1
72,96,36.8,0,43,0,0,99,89,16,0
79,94,36.8,0,88,1,1,116,68,15,1
70,98,36.4,0,84,1,2,137,77,15,0
67,96,37.1,0,63,0,0,120,78,13,0
79,93,36.5,0,79,2,2,114,70,15,1
85,96,36.7,0,57,1,0,117,75,16,0
95,96,37.7,0,49,0,0,118,67,21,1
103,93,37.5,0,60,0,0,141,76,17,1
80,95,36.5,0,81,1,2,113,77,16,0
68,98,36.6,0,57,0,0,122,81,16,0
69,96,37.1,0,83,0,0,114,73,14,0
76,99,36.5,0,45,0,0,114,75,14,0
73,97,36.9,0,38,2,2,122,76,16,0
72,94,36.7,0,74,0,0,122,71,13,1
71,98,36.9,0,56,2,1,118,76,14,0
102,95,37.7,0,46,1,2,126,75,20,1
85,95,36.0,0,75,0,0,139,72,16,1
61,96,36.9,0,54,1,3,114,64,15,0
135,88,39.1,0,20,1,2,131,73,21,2
91,92,37.0,0,83,0,0,116,77,19,1
88,95,36.9,0,42,2,0,130,84,22,1
108,92,38.4,0,55,1,2,132,80,22,1
102,93,37.2,0,20,0,1,136,84,22,1
59,98,36.7,0,79,1,0,111,82,17,0
73,98,36.4,0,35,0,0,114,78,15,0
74,95,37.5,0,26,0,0,94,74,13,0
146,90,39.6,0,31,1,0,112,70,25,2
70,98,37.4,0,65,0,1,116,80,15,0
66,96,36.9,0,57,0,1,124,73,12,0
69,96,36.9,0,84,0,0,113,73,14,0
117,81,38.8,0,49,2,3,144,79,20,2
148,86,37.0,0,65,1,1,173,91,23,2
115,95,37.0,0,24,0,0,119,76,19,1
67,97,36.8,0,75,1,0,114,67,14,0
124,95,38.6,0,71,0,0,133,79,27,1
113,89,38.0,0,50,0,1,145,79,17,2
78,96,36.9,0,83,0,0,110,90,12,0
99,92,38.1,0,25,1,0,125,78,20,1
58,100,36.5,0,44,0,1,114,74,13,0
75,95,37.0,0,90,1,1,123,77,16,0
92,91,37.1,0,74,1,0,136,73,18,1
128,100,38.1,0,81,1,3,143,67,16,2
127,89,39.1,0,77,3,2,135,88,26,2
69,95,36.7,0,28,1,0,130,77,12,0
73,95,36.6,0,40,1,0,120,67,13,0
103,95,38.0,0,20,1,0,120,68,16,1
74,97,36.3,0,42,0,1,110,75,15,1
139,89,39.3,0,64,0,1,142,84,20,2
107,97,37.0,0,27,1,2,144,79,19,1
64,94,36.9,0,68,0,0,139,76,13,1
64,96,36.7,0,19,0,0,117,72,14,0
108,94,37.4,0,68,0,0,139,79,21,1
94,99,37.2,0,74,0,0,144,81,21,1
72,98,37.3,0,87,2,3,118,64,14,1
86,100,36.8,0,73,0,0,115,77,16,0
80,98,37.0,0,82,2,2,117,77,18,1
102,90,37.3,0,80,1,0,131,79,19,1
98,93,37.3,0,22,0,0,117,81,17,1
101,90,35.9,0,22,2,3,136,85,18,1
94,93,37.8,0,66,1,2,137,83,18,1
78,98,36.5,1,80,0,0,119,76,15,2
116,92,38.1,0,29,0,0,130,78,23,1
76,96,36.7,0,82,1,0,115,66,11,0
71,93,36.9,0,66,1,1,122,81,14,1
113,98,37.8,0,31,1,0,128,71,19,2
71,97,36.5,0,19,1,1,139,75,15,0
148,89,38.6,0,35,0,0,135,86,23,2
74,96,36.6,0,56,0,0,113,71,14,0
64,96,36.1,0,50,0,0,127,77,17,1
74,94,36.3,0,36,1,1,124,82,14,1
94,95,37.9,0,74,0,0,136,74,18,0
133,83,39.4,0,84,0,0,153,91,24,2
78,96,36.3,0,51,0,0,115,77,17,1
61,93,37.2,0,77,0,0,131,71,16,1
138,91,39.5,0,60,0,0,153,75,24,2
62,96,36.7,0,59,0,0,114,80,16,0
72,97,37.0,0,71,0,0,118,70,16,0
64,95,37.1,0,27,0,0,104,76,15,0
108,99,37.7,0,76,0,0,136,76,20,1
79,99,36.5,0,26,1,0,107,78,15,0
91,93,37.1,0,65,0,0,129,86,22,1
96,89,36.5,0,62,2,2,150,67,20,2
78,94,36.6,0,58,1,0,97,80,15,1
70,96,36.7,0,27,1,1,136,73,15,0
100,92,37.5,0,38,2,4,110,78,19,1
76,96,36.5,0,64,1,1,145,80,16,1
73,96,37.0,0,51,1,2,122,68,16,0
70,94,36.1,0,40,2,3,136,72,15,1
77,98,36.7,0,35,0,0,110,76,13,0
109,91,37.4,0,68,0,0,149,81,18,1
89,94,36.7,0,33,0,0,139,73,22,1
159,87,39.6,0,83,0,0,124,82,23,2
72,99,37.0,0,58,0,0,129,79,15,0
79,97,37.1,0,76,0,0,111,73,18,0
100,92,38.1,0,83,0,0,131,87,18,1
118,84,39.8,0,66,2,1,165,77,27,2
67,96,36.8,0,28,0,0,111,77,13,0
75,95,36.3,0,54,0,1,132,72,16,1
83,93,36.9,0,69,2,4,101,75,12,1
71,93,36.7,0,39,0,0,112,74,16,1
79,95,36.9,0,29,1,0,121,76,13,0
112,93,36.4,0,49,0,0,157,74,19,1
78,97,36.2,0,39,0,0,110,74,14,1
69,100,36.8,0,36,0,0,131,77,16,0
65,96,37.0,0,80,2,3,101,64,18,1
113,96,37.0,0,28,1,2,145,77,19,1
69,98,36.4,0,24,0,0,125,66,16,0
69,96,37.2,0,72,0,2,132,80,13,0
130,86,39.8,0,44,0,0,143,83,16,2
62,97,36.3,0,33,0,0,123,75,14,1
133,84,38.2,0,66,0,0,116,77,19,2
118,91,37.5,0,55,1,0,137,90,18,1
122,91,37.6,0,61,1,0,137,72,14,1
142,82,36.5,0,76,0,0,139,87,24,2
69,97,36.7,0,87,0,2,103,77,14,0
67,96,36.8,0,61,1,2,113,71,16,0
108,96,36.8,0,56,2,3,130,68,17,1
79,97,36.7,1,24,0,0,119,78,14,2
75,95,36.7,0,67,1,2,115,79,14,0
70,97,37.0,0,41,1,2,118,81,16,0
69,93,36.6,0,64,2,1,117,83,15,1
77,96,36.8,0,85,1,0,90,72,14,1
147,86,38.9,0,76,0,0,141,85,24,2
78,97,37.0,0,84,2,2,116,66,17,1
109,92,37.4,0,38,0,0,127,69,16,1
94,92,37.3,0,35,0,1,131,80,19,1
118,90,37.6,0,21,3,4,124,76,16,1
96,93,37.9,0,61,1,0,118,87,17,1
81,99,36.6,0,32,0,0,136,76,13,0
68,96,36.7,0,51,2,2,133,70,13,0
65,96,37.0,0,38,0,0,125,68,12,0
52,98,36.6,0,21,0,0,92,75,13,1
80,95,36.3,0,58,0,0,131,67,13,1
137,85,38.1,0,69,0,1,158,88,21,2
78,96,36.9,0,69,0,1,110,78,13,0
103,93,37.7,0,34,0,0,120,82,16,1
95,92,38.0,0,49,1,1,120,82,18,1
86,94,36.5,0,24,0,0,111,84,13,1
114,94,38.1,0,66,1,0,122,63,22,1
78,94,36.7,0,75,0,0,128,75,14,1
130,86,40.6,0,79,1,0,157,86,15,2
104,94,36.9,0,26,0,0,137,87,19,1
73,98,36.2,0,51,0,0,110,83,15,1
98,93,37.4,0,57,2,2,133,76,16,1
70,100,36.2,0,76,1,2,122,71,15,1
157,83,38.6,1,89,0,0,119,87,29,2
102,94,38.6,0,24,0,0,137,78,20,1
98,93,37.1,0,35,0,0,115,72,21,1
97,97,38.5,0,33,1,1,138,77,21,1
101,89,38.3,0,86,1,3,134,89,19,2
98,89,37.5,0,23,2,2,137,71,15,2
82,95,36.7,0,25,3,3,128,73,13,0
149,82,39.1,0,83,0,0,133,93,19,2
90,93,37.3,0,89,0,0,154,69,19,1
105,93,37.7,0,20,0,0,115,94,21,1
70,95,37.0,0,39,2,2,115,86,12,0
75,95,37.3,0,43,3,4,120,86,17,0
74,98,36.5,0,76,1,0,119,89,16,0
159,87,38.8,0,76,0,1,149,95,27,2
73,95,36.9,0,69,0,0,107,80,14,0
80,96,36.5,0,67,0,0,124,72,15,0
130,87,39.6,0,55,2,3,142,77,21,2
110,92,37.1,0,90,0,1,114,81,16,1
95,94,38.3,0,43,0,0,127,72,19,1
62,99,36.8,0,59,0,1,117,83,15,0
105,97,37.5,0,55,1,2,130,76,17,1
73,95,36.4,0,50,0,0,113,78,17,0
73,98,36.6,0,27,0,0,107,67,13,0
90,93,36.9,0,68,1,3,125,81,22,1
157,85,37.7,0,60,1,2,147,75,25,2
61,97,36.6,0,60,1,0,111,71,12,0
60,96,37.0,0,38,1,2,115,77,15,0
63,95,36.5,0,72,0,0,104,68,15,0
70,96,36.5,0,76,2,4,114,72,16,1
76,97,36.7,0,22,0,0,119,91,14,0
101,93,36.9,0,35,0,0,120,73,21,1
68,97,37.0,1,56,0,0,106,71,16,2
75,99,36.8,0,89,2,1,120,78,14,1
75,100,36.7,0,88,0,0,104,67,14,0
109,97,37.8,0,37,1,1,127,82,19,1
143,84,38.0,0,48,2,3,147,87,27,2
60,98,36.6,0,24,1,1,104,65,14,0
67,96,37.2,0,18,1,1,117,70,16,0
108,93,38.0,0,41,0,0,151,77,19,1
77,94,36.4,0,24,3,5,125,72,16,1
66,97,36.7,0,51,1,2,121,82,13,2
104,91,37.0,0,68,2,3,126,84,19,1
72,95,36.8,0,72,1,2,113,80,16,0
66,96,36.8,0,20,2,3,110,74,13,0
70,96,36.4,0,49,1,4,120,70,12,0
107,95,37.2,0,64,0,0,104,78,22,1
62,97,36.8,1,24,2,2,109,74,15,2
146,90,36.9,0,80,0,1,179,85,26,2
68,96,37.2,0,31,1,0,123,67,14,0
91,97,36.4,0,45,1,1,122,75,13,0
79,94,37.0,0,44,0,0,100,81,14,1
74,97,37.0,0,35,3,3,107,84,13,0
106,96,37.1,0,38,2,2,125,81,18,1
125,91,38.2,0,63,1,1,150,86,24,2
104,91,37.4,0,50,1,2,147,86,19,1
133,85,38.9,0,39,0,0,141,83,20,2
107,95,37.3,0,88,0,0,119,78,18,1
109,88,37.5,0,74,0,0,134,84,20,2
122,91,38.2,0,40,2,5,135,80,18,1
71,96,36.8,0,61,0,0,116,76,14,0
80,97,36.6,0,47,0,0,129,74,14,0
107,91,38.0,0,55,1,2,133,84,19,1
72,97,36.9,0,64,0,0,122,63,15,0
67,95,36.1,0,52,0,0,112,79,15,1
79,95,36.4,0,88,1,2,121,74,14,0
98,94,36.9,0,26,2,2,134,91,21,1
73,96,37.1,0,67,3,5,121,79,14,0
120,96,37.6,0,42,0,0,143,69,19,0
72,94,36.8,0,56,0,0,130,73,15,1
101,93,36.6,0,47,0,0,138,83,20,1
89,95,37.6,0,21,2,2,135,85,17,0
65,97,36.4,0,21,0,2,106,69,14,0
84,96,36.8,0,37,3,5,105,73,15,0
70,97,36.7,0,54,2,1,131,66,16,0
119,91,37.3,1,72,2,2,142,92,25,2
83,96,36.4,0,55,1,1,108,73,14,0
68,99,36.7,0,84,0,0,108,73,13,0
72,93,36.8,0,21,1,2,98,78,13,1
125,94,38.4,0,47,0,0,134,78,24,2
65,94,36.8,0,25,0,0,130,71,15,1
148,90,38.1,0,26,0,0,181,98,20,2
77,95,36.5,0,59,2,3,119,72,15,0
80,96,36.8,0,45,1,2,115,76,12,0
95,91,37.5,0,55,2,5,134,82,18,1
72,98,36.7,0,39,1,1,125,70,17,0
69,96,36.7,0,26,2,3,111,66,13,0
98,95,37.9,0,64,0,0,130,88,21,1
117,100,36.3,0,70,1,0,129,70,21,1
102,94,37.2,0,57,2,4,143,83,17,1
127,88,40.1,0,60,2,2,157,90,26,2
75,98,36.8,0,38,1,0,128,89,12,0
77,97,36.9,0,57,1,1,116,62,13,0
80,96,36.7,0,74,0,0,130,80,16,0
73,97,36.9,0,80,1,1,105,83,13,0
73,97,36.4,0,85,0,0,96,75,18,0
73,96,36.9,0,29,0,0,117,76,13,0
75,96,37.0,0,30,1,2,108,78,15,0
68,97,36.8,0,65,1,1,123,63,15,0
128,82,38.9,0,87,1,2,125,86,24,0
157,87,38.7,0,19,0,2,172,97,24,2
69,99,36.6,0,54,1,1,127,79,16,0
99,89,37.3,0,80,0,0,117,74,19,2
98,96,36.9,0,62,0,0,138,93,18,1
72,97,37.0,0,56,1,1,127,72,13,0
71,95,36.6,0,30,2,1,111,71,14,0
132,87,38.6,0,81,1,3,153,93,26,2
104,94,37.6,0,36,2,4,139,92,17,1
69,96,36.2,1,23,1,0,120,81,15,2
64,95,36.8,0,45,0,0,127,70,15,0
75,97,36.7,0,30,0,0,114,76,16,0
100,95,37.5,0,87,0,0,132,78,19,1
74,97,36.3,0,33,0,0,115,74,15,1
108,88,37.8,0,29,0,0,131,70,21,2
85,92,36.5,0,26,1,0,143,73,15,1
119,86,38.2,0,77,0,0,135,82,25,2
105,94,37.4,0,85,0,0,120,67,17,1
106,93,38.3,0,81,0,0,122,76,16,1
93,94,38.4,0,88,0,0,135,81,18,1
72,95,36.3,0,39,2,0,127,76,13,1
113,98,38.4,0,41,1,2,128,87,19,1
67,98,36.5,0,89,0,0,137,73,16,1
69,98,36.4,0,43,0,0,119,69,15,0
101,95,36.4,0,49,0,0,120,85,16,1
64,97,36.9,0,24,1,1,116,64,16,0
79,98,36.6,0,29,1,0,114,75,13,0
70,100,36.9,0,36,1,2,105,74,16,0
144,90,38.4,0,82,0,0,109,77,20,2
110,93,37.0,0,34,1,0,131,77,20,1
104,91,37.6,0,88,2,2,134,75,16,1
110,96,37.8,0,80,1,1,123,83,22,1
101,91,36.8,0,33,3,5,131,77,16,1
79,97,36.7,0,59,1,1,118,75,13,0
103,93,37.5,0,85,1,1,145,89,19,1
75,96,36.7,0,37,0,0,107,77,14,0
83,96,36.9,0,67,3,4,144,61,13,1
78,95,36.7,0,35,1,1,100,76,13,0
106,93,37.4,0,61,0,0,134,84,18,1
86,96,36.5,0,89,1,1,116,69,12,0
95,94,37.6,0,78,1,3,136,77,20,1
107,96,36.9,0,46,2,2,117,75,23,1
105,95,38.1,0,71,0,0,120,67,23,1
112,92,37.7,0,58,1,2,146,90,16,1
66,95,36.8,0,74,0,0,116,64,14,0
67,98,36.6,0,31,0,0,114,86,12,0
101,93,37.8,0,28,1,2,129,75,19,1
75,96,36.3,0,34,0,0,129,84,14,1
116,91,37.4,0,73,1,2,118,89,21,1
68,94,36.7,0,47,1,2,112,68,16,1
61,96,36.7,0,54,0,0,109,70,13,1
71,95,36.5,0,38,0,0,135,63,16,2
98,96,36.6,0,73,1,1,117,77,19,1
79,97,36.9,0,26,1,4,122,73,14,0
73,95,36.7,0,36,0,0,124,78,14,0
75,96,37.0,0,50,3,7,128,75,13,0
131,80,39.7,0,44,1,1,145,61,22,2
68,99,36.6,0,69,1,2,122,74,16,0
105,92,37.0,0,69,2,2,147,68,20,1
112,92,37.3,0,52,3,3,144,73,19,1
74,94,36.5,0,58,0,0,129,75,12,1
69,96,36.7,0,54,0,0,134,88,16,0
99,94,37.2,0,19,0,0,108,93,18,1
105,99,37.9,0,24,1,1,150,77,19,1
75,96,36.6,0,58,2,2,114,80,15,0
78,97,36.4,0,80,1,0,129,69,16,0
66,98,37.0,0,73,1,0,96,82,11,0
74,96,36.4,0,21,0,1,111,83,12,0
78,93,36.9,0,43,2,3,117,72,16,1
102,91,37.6,0,47,0,0,139,85,16,1
72,93,36.5,0,81,1,0,108,67,15,1
71,97,36.8,0,76,1,0,129,82,15,0
95,96,38.1,0,49,0,0,142,87,19,1
81,96,37.0,0,88,0,0,113,68,16,0
146,84,39.3,0,53,0,0,147,76,25,2
107,92,37.5,0,27,1,2,128,89,22,1
70,98,36.6,0,28,0,0,119,63,15,0
80,96,36.6,0,85,3,3,117,59,13,1
139,86,39.5,0,80,0,0,135,94,26,2
70,97,36.6,0,24,0,0,127,66,15,0
132,91,38.2,1,40,2,3,141,66,31,2
71,98,36.4,0,43,1,1,128,74,12,0
72,97,37.0,1,33,3,6,120,77,15,2
114,90,36.4,0,76,1,0,140,76,20,1
108,91,37.9,0,76,1,1,125,75,18,0
79,96,36.8,0,82,2,1,103,80,13,1
146,87,38.2,0,79,1,1,134,92,19,2
148,84,38.2,1,81,3,4,134,80,23,2
69,99,36.8,0,48,0,0,99,76,13,0
127,90,39.3,0,18,0,0,125,91,24,2
137,84,39.1,0,73,3,4,154,82,27,2
82,91,37.7,0,42,0,0,128,84,19,1
79,95,37.1,0,75,0,0,107,81,15,0
60,97,36.9,0,79,0,0,132,68,15,0
73,98,36.5,0,41,1,1,107,74,13,0
67,97,36.8,0,51,1,0,119,72,15,0
129,82,37.8,0,76,0,0,152,83,20,2
64,98,36.6,0,87,0,0,127,73,15,0
74,95,37.4,0,57,0,0,117,72,15,0
114,97,37.1,0,23,2,3,166,77,15,1
84,98,36.6,0,30,1,0,129,72,14,0
80,98,36.6,0,50,1,2,100,77,13,0
147,89,38.0,0,19,1,0,140,83,27,2
69,100,36.9,0,70,0,0,113,74,12,0
92,92,37.0,0,37,1,0,126,65,15,1
105,94,37.4,0,75,0,0,118,85,14,1
71,96,36.8,1,37,1,0,123,72,15,2
71,98,37.0,0,72,1,1,113,73,14,0
139,84,37.2,0,53,1,0,171,73,26,2
80,94,36.4,0,54,1,0,107,69,15,1
79,100,37.1,0,66,0,0,114,79,17,0
67,97,36.1,0,43,0,0,121,77,13,1
76,94,36.9,0,25,2,4,114,75,12,1
80,96,36.6,0,57,1,0,112,74,15,0
102,98,37.5,0,39,0,0,132,90,19,1
81,92,38.1,0,58,0,0,119,91,18,1
76,97,36.9,0,53,0,0,102,77,13,0
76,98,36.7,0,34,0,0,120,71,14,0
151,89,39.1,0,85,1,4,133,90,24,2
61,96,36.8,0,42,0,2,107,85,14,0
78,96,36.8,0,41,2,2,106,63,16,0
62,95,36.5,0,73,1,1,107,77,11,0
73,97,37.1,0,24,0,0,102,71,13,0
75,97,36.5,0,47,0,0,122,70,15,0
161,88,38.7,0,33,1,2,119,92,28,2
73,96,36.4,0,69,0,0,108,69,14,0
103,94,37.8,0,66,2,1,122,76,17,1
71,98,36.4,0,58,1,0,113,73,15,0
75,97,36.8,0,60,1,2,108,82,13,0
88,95,37.2,0,77,0,0,109,71,18,0
88,87,38.0,0,19,0,0,131,78,18,2
107,91,38.1,0,38,0,0,120,76,20,1
111,96,37.8,0,61,0,0,136,77,18,1
101,91,37.0,0,83,1,0,128,80,15,1
87,95,36.7,0,30,1,2,119,61,15,0
138,92,38.7,0,63,0,0,142,88,25,2
69,96,36.3,0,69,2,1,112,78,18,1
79,97,36.5,0,19,1,2,124,74,12,0
67,97,36.7,0,87,0,0,105,80,12,0
80,97,36.2,0,85,0,0,119,70,15,1
90,92,36.5,0,50,2,4,131,78,19,1
108,94,37.3,0,69,2,3,139,79,17,1
75,97,37.1,0,45,1,2,129,62,15,0
62,99,36.4,0,19,0,0,113,86,16,0
113,94,37.2,0,34,0,0,144,77,17,1
129,93,37.8,0,30,0,0,160,86,21,2
75,94,36.8,0,67,0,0,108,78,13,2
106,97,36.9,0,87,1,2,145,80,19,1
71,96,36.6,0,32,1,1,112,82,17,0
70,99,36.7,0,87,0,1,109,63,15,0
67,100,36.8,0,54,1,0,138,79,11,0
149,90,37.4,0,42,2,0,164,83,27,2
106,92,37.3,0,62,0,0,130,78,17,1
100,95,38.5,0,23,0,0,134,93,20,1
71,96,36.7,0,32,0,0,106,68,15,0
112,95,37.1,0,61,2,0,124,87,17,1
61,96,36.6,1,71,0,1,129,66,16,2
72,97,36.7,0,18,1,3,109,69,15,0
102,93,37.9,0,60,0,1,123,93,21,1
80,96,37.0,0,65,1,1,112,73,13,0
73,97,36.9,0,76,0,0,126,63,12,0
109,91,37.1,0,86,0,0,154,91,18,1
88,97,36.9,0,32,0,0,143,74,17,1
95,96,37.6,0,73,0,0,146,79,21,1
142,89,39.5,0,69,1,0,128,87,23,2
63,98,36.7,0,36,0,0,129,74,14,0
124,94,36.9,0,56,1,0,106,65,20,1
69,96,37.0,0,25,1,2,123,70,15,0
115,91,36.9,0,32,4,5,140,74,24,1
95,94,37.3,0,26,1,2,159,81,18,1
78,95,36.6,1,58,2,2,99,70,17,2
65,96,36.6,0,44,0,0,137,78,15,0
67,96,36.5,0,78,0,0,121,83,13,0
136,92,39.1,0,65,2,3,162,77,23,2
61,99,36.8,0,48,0,0,128,85,13,0
130,89,37.1,0,26,4,7,137,92,26,2
60,98,37.1,0,25,0,0,113,66,15,0
111,93,36.7,0,72,3,2,130,89,16,1
78,97,36.6,0,65,1,1,101,81,16,0
77,97,36.9,0,64,0,0,132,77,13,0
108,94,37.2,0,18,2,3,134,85,19,1
69,97,36.5,0,29,0,1,122,65,15,0
101,95,37.7,0,55,2,2,122,71,18,1
113,96,37.1,0,70,1,0,134,80,19,1
74,95,36.4,0,20,2,2,140,68,15,1
67,96,36.7,0,34,1,2,112,77,11,0
80,95,36.7,0,37,2,3,130,73,17,0
111,93,37.0,0,43,0,0,115,87,19,1
106,93,37.1,0,63,2,2,132,85,21,1
73,96,36.5,0,68,1,0,128,70,15,0
78,96,35.9,0,46,2,4,121,78,14,1
65,99,36.8,0,77,0,1,132,77,13,0
99,92,36.9,0,88,2,2,111,82,21,1
75,97,36.5,0,89,0,0,104,81,14,0
67,94,36.4,0,26,3,5,116,68,15,1
117,93,37.1,0,61,0,0,153,74,20,1
68,95,36.8,0,45,1,2,111,63,17,0
69,95,36.6,0,65,1,0,121,74,14,0
71,95,36.3,0,46,0,0,114,73,13,1
138,85,38.3,0,71,1,0,141,82,22,2
75,99,36.4,0,36,0,0,128,72,15,0
118,93,37.8,0,24,1,1,134,70,18,1
76,98,36.7,0,67,1,1,111,65,12,0
79,93,36.8,0,74,3,4,115,72,14,1
69,96,37.1,0,83,0,1,125,76,15,0
63,98,37.1,0,60,0,0,127,79,13,0
73,96,36.4,0,67,0,0,133,79,16,0
78,96,36.4,0,78,0,1,117,75,15,0
101,92,37.6,0,64,0,0,134,72,17,1
69,99,36.6,0,42,0,1,130,66,15,0
75,98,36.7,0,28,0,0,118,75,12,0
84,95,36.9,0,32,0,1,118,82,13,0
135,93,38.3,0,52,0,0,142,83,24,2
84,96,36.5,0,85,1,0,120,70,15,0
75,96,36.6,0,23,1,0,106,87,15,0
67,97,36.9,0,34,0,0,112,66,15,0
69,99,36.9,0,27,0,0,123,69,14,0
127,89,37.8,0,37,1,2,129,79,20,2
126,89,39.3,0,33,0,0,138,90,25,2
129,84,37.5,0,19,1,1,152,92,26,2
69,92,36.7,0,32,0,1,122,71,18,1
127,90,39.3,0,46,1,1,102,83,22,1
74,96,36.9,0,58,0,0,118,79,13,0
96,93,37.4,0,25,0,2,133,81,19,1
77,97,36.6,1,59,2,2,112,69,12,2
66,96,36.4,1,85,0,0,123,86,14,2
94,96,37.5,0,70,0,0,126,80,19,0
132,97,38.7,0,83,1,1,157,84,24,1
89,91,37.2,0,28,0,0,124,73,20,0
97,90,37.1,0,86,2,3,132,84,20,1
60,94,37.1,0,66,3,4,130,79,13,1
66,96,36.5,0,22,3,4,131,84,13,0
104,92,38.0,0,23,0,0,149,72,16,1
101,95,37.9,0,32,1,0,122,82,17,1
134,86,37.8,0,60,2,2,165,92,21,2
78,98,36.4,0,66,0,0,120,76,13,0
75,98,37.3,0,33,0,0,96,79,15,0
104,92,37.4,0,44,1,1,164,81,19,1
103,93,36.6,0,68,1,1,124,78,20,1
117,87,38.0,0,90,1,0,133,76,19,2
65,100,36.2,0,21,2,3,119,74,12,1
74,97,35.7,0,52,1,0,102,73,16,1
102,95,37.3,0,45,0,0,141,80,15,1
116,91,37.1,0,54,0,0,122,65,19,1
97,98,37.8,0,53,0,0,141,65,17,1
83,96,36.6,0,49,1,0,108,85,16,0
136,85,38.6,0,65,2,3,145,99,21,2
109,95,37.7,0,48,0,0,117,83,16,1
106,89,37.1,0,28,0,0,139,76,21,2
102,95,37.4,0,41,1,1,111,78,17,1
66,96,36.7,0,40,1,1,114,71,16,0
77,96,36.7,0,34,2,1,112,80,15,0
80,97,36.8,0,89,0,0,131,61,14,0
146,89,39.0,0,35,0,0,141,81,24,2
132,89,39.1,0,59,0,0,151,78,28,2
70,98,36.8,0,66,0,1,105,78,14,0
114,91,36.8,0,83,1,1,139,84,19,1
113,91,38.2,0,82,2,4,143,75,27,1
76,96,37.2,0,59,2,3,126,79,14,0
65,96,36.8,0,58,0,0,111,79,15,0
99,93,38.4,0,59,2,2,125,80,15,1
80,94,36.9,0,28,2,3,129,76,13,1
78,95,37.0,0,86,1,1,120,71,13,2
72,95,37.0,0,50,0,0,100,78,17,0
71,95,35.9,0,32,1,2,105,70,14,1
92,96,36.8,0,20,0,0,131,82,19,0
78,97,36.8,0,75,1,2,123,77,14,0
103,94,37.2,0,41,1,1,141,77,18,1
88,88,37.0,0,60,0,0,144,76,21,2
73,98,36.8,0,79,1,2,100,80,14,0
64,96,37.1,0,78,1,1,117,78,12,0
97,92,37.0,0,34,0,1,150,73,20,1
70,99,36.9,0,76,0,0,121,82,14,0
97,96,38.0,0,20,0,0,159,78,22,1
68,96,36.8,0,64,1,1,125,92,15,0
135,85,39.9,0,51,1,1,153,80,23,2
83,94,37.1,0,77,0,0,112,71,14,1
65,96,37.1,0,71,0,0,130,81,15,0
64,98,36.1,0,43,0,0,114,71,19,1
77,96,36.6,0,43,1,0,142,77,15,1
104,92,38.6,0,50,0,0,128,79,20,1
74,97,36.8,0,33,1,0,127,76,14,0
101,93,37.9,0,82,1,1,128,66,17,1
89,97,37.0,0,86,3,3,129,67,15,1
78,93,36.7,0,65,0,0,110,69,14,1
97,97,37.4,1,81,0,1,118,69,20,2
76,94,36.8,0,57,2,3,104,80,18,1
136,86,38.7,0,51,0,0,141,98,24,2
99,94,38.2,0,24,2,3,134,87,19,1
100,94,37.5,0,70,0,0,136,71,19,1
112,96,37.3,0,30,0,0,95,65,22,1
70,98,36.5,0,63,0,0,117,77,17,0
74,94,36.1,0,67,2,2,114,73,14,1
70,95,36.7,0,68,0,1,114,82,11,0
148,85,40.3,0,86,2,4,151,77,22,2
82,97,37.3,0,39,0,0,107,77,16,0
70,96,36.5,1,54,1,0,116,76,15,2
63,96,36.9,0,61,0,0,140,68,15,1
58,96,36.4,0,68,1,1,112,83,16,0
100,93,37.8,0,54,2,2,142,85,19,1
113,87,38.3,0,28,0,0,158,83,19,2
94,95,37.2,0,77,0,0,126,78,16,1
67,96,36.9,0,56,1,1,112,60,14,0
68,99,36.8,0,87,0,0,114,67,12,0
105,100,37.5,0,69,0,0,130,77,25,1
87,96,36.2,0,77,2,2,119,84,13,1
128,80,38.9,0,50,0,0,132,95,26,2
65,97,36.1,0,52,1,1,108,81,12,1
74,95,37.1,0,29,0,0,142,68,15,0
143,97,38.3,0,31,1,0,126,83,27,2
104,91,36.9,0,59,3,4,136,74,21,1
109,92,37.5,0,84,1,1,123,87,22,1
92,95,37.4,0,18,0,0,125,80,14,0
79,94,36.7,0,35,2,3,114,70,14,1
70,96,36.8,0,43,2,4,126,74,16,0
71,94,36.7,0,66,2,3,132,73,15,1
106,91,37.2,0,56,1,0,118,85,21,1
95,93,37.7,0,28,0,0,138,85,17,1
117,86,39.3,0,50,0,0,142,90,25,2
76,96,36.4,0,73,1,2,120,75,12,0
114,86,36.6,0,64,1,0,125,84,17,2
83,95,37.2,0,45,1,1,108,87,16,0
92,100,37.9,0,80,0,0,117,78,19,0
108,93,36.8,0,43,1,0,131,73,21,1
71,97,37.0,0,85,3,2,107,74,14,1
74,96,36.6,0,73,2,5,104,67,14,1
73,96,36.6,0,32,3,4,111,65,15,0
69,94,36.4,0,21,4,7,132,72,15,1
70,97,37.1,0,34,0,0,140,72,16,1
144,89,38.2,0,74,0,0,150,74,24,2
124,87,37.7,0,27,1,1,145,107,19,2
112,90,38.1,0,67,1,1,119,75,18,1
71,96,36.2,0,30,2,2,109,74,14,1
123,86,39.2,0,68,0,0,126,76,22,2
112,93,37.3,0,48,2,2,137,75,20,1
81,95,36.7,0,22,0,1,127,76,13,0
69,95,36.4,0,24,0,0,108,68,14,0
152,95,37.8,0,87,0,0,135,90,22,2
103,92,36.7,0,25,0,2,135,90,19,1
95,89,38.1,0,77,0,0,135,76,16,2
117,93,38.2,0,82,1,0,151,98,20,1
113,89,37.0,0,38,0,0,135,84,18,2
65,95,36.5,0,19,1,2,124,69,15,0
113,89,38.6,0,63,2,3,147,80,18,2
71,96,36.6,0,39,0,0,132,80,13,0
146,84,39.2,0,76,0,0,147,86,31,2
81,97,36.8,0,28,0,1,127,62,14,0
99,94,37.8,0,29,1,0,135,78,19,1
137,90,37.9,0,31,0,0,165,86,22,2
115,94,36.2,0,59,2,3,142,71,19,1
113,96,37.3,0,89,1,1,130,82,20,1
56,97,36.4,0,65,2,1,106,72,15,0
133,91,38.1,0,74,0,0,132,78,19,2
74,96,36.5,0,61,2,2,98,75,17,0
80,96,36.7,0,73,0,2,132,88,13,0
58,95,36.7,0,83,2,4,124,71,17,1
73,96,36.7,0,29,0,2,129,88,12,0
75,97,36.7,0,41,1,0,111,68,16,0
104,93,37.6,0,41,1,2,134,77,19,1
71,97,36.7,0,43,0,1,115,75,14,0
103,92,37.8,0,81,0,0,147,75,15,1
67,97,36.4,0,18,1,2,126,67,13,0
69,98,36.6,0,54,2,2,116,58,13,0
134,83,37.7,0,73,0,0,141,63,23,2
72,94,36.4,0,29,2,3,123,69,15,1
125,95,37.3,0,75,1,1,135,93,17,2
66,97,36.8,0,18,1,1,109,64,15,0
66,95,36.5,0,49,0,1,129,72,16,0
112,89,37.6,0,55,1,2,136,73,22,2
150,85,38.5,0,49,2,1,139,81,22,2
66,96,36.6,0,73,0,0,115,65,13,0
70,96,37.4,0,33,0,1,145,80,17,1
67,95,36.6,0,41,1,1,119,83,12,0
132,86,38.5,0,20,0,1,143,88,24,2
102,95,36.9,0,76,1,3,121,85,19,1
86,94,36.4,0,79,1,1,114,78,15,1
126,88,38.7,0,23,1,1,146,104,18,2
134,93,37.8,0,20,0,0,141,89,25,2
71,96,37.3,0,49,0,1,120,69,14,0
77,95,37.1,0,27,1,0,110,73,14,0
60,95,37.0,0,54,0,1,114,79,15,0
129,94,37.1,0,75,3,3,133,65,16,2
110,88,36.8,0,60,2,3,134,78,21,2
117,92,37.9,0,86,0,0,120,75,17,1
67,93,37.5,0,39,1,0,115,82,13,1
82,98,37.3,0,74,1,0,114,69,15,0
80,97,37.2,0,63,1,1,105,79,15,0
104,92,37.6,0,87,2,4,122,64,21,1
75,95,36.6,0,66,0,0,125,80,17,0
64,98,37.1,0,87,0,0,118,76,12,0
132,91,37.8,0,66,0,0,119,70,20,2
142,84,37.2,0,53,1,0,163,74,25,2
101,90,37.5,0,47,1,0,116,85,19,1
66,96,36.5,0,68,2,2,111,69,13,0
73,95,36.7,0,55,0,0,131,78,12,0
69,95,36.6,0,25,0,0,112,66,15,0
134,78,38.6,0,33,0,0,135,87,25,2
66,97,36.3,0,29,0,2,118,70,15,1
75,96,36.4,0,74,0,0,125,80,14,0
98,94,37.2,0,82,0,0,143,82,16,1
77,93,36.8,0,32,2,2,121,70,13,2
65,95,36.5,0,52,0,0,115,61,16,0
70,96,36.5,0,40,0,1,116,75,13,0
69,98,37.1,0,27,1,2,115,82,13,0
99,91,37.9,0,26,2,0,140,70,18,1
103,99,37.6,0,61,1,0,133,70,18,1
65,96,37.2,0,45,0,0,125,71,13,0
111,89,38.3,0,77,3,4,149,80,18,2
118,92,37.8,0,20,0,0,144,84,16,1
148,86,38.7,0,35,4,6,149,86,25,2
71,97,36.9,0,25,1,0,118,77,13,0
67,97,36.5,0,31,2,2,118,76,13,0
74,92,36.9,0,24,2,1,104,70,13,1
70,100,37.0,0,85,0,0,136,73,16,0
72,98,36.9,0,26,0,0,125,73,15,0
72,97,36.3,0,71,0,0,124,81,15,1
70,97,36.7,0,79,1,0,116,73,16,0
67,98,36.7,0,59,0,0,116,81,15,0
103,95,37.7,0,37,0,0,139,84,22,1
106,92,37.0,0,66,1,4,123,87,20,1
108,95,37.5,0,29,1,3,133,90,16,1
151,93,37.8,0,54,0,0,136,76,22,2
64,96,36.9,0,66,1,0,127,66,16,0
81,99,37.0,0,34,0,0,136,82,14,0
100,96,37.0,0,88,0,1,131,83,16,1
136,91,38.5,0,87,0,1,142,76,22,2
139,87,39.3,0,24,0,0,137,86,21,2
104,91,37.7,0,31,1,0,139,75,18,1
140,87,38.2,0,69,0,1,148,84,27,2
78,97,36.6,0,84,1,0,118,72,15,0
66,94,36.4,0,78,1,2,132,72,15,1
69,96,36.7,0,69,2,2,131,72,14,0
69,95,36.7,0,36,1,1,131,75,13,0
68,97,36.9,0,39,0,0,133,66,14,0
73,97,36.9,0,21,0,0,113,75,13,0
69,97,36.3,0,82,0,0,132,66,18,1
76,98,36.8,0,37,1,2,112,67,14,0
100,96,37.4,0,52,0,0,136,80,16,1
96,96,36.3,0,27,1,2,100,75,15,1
81,98,37.0,0,35,0,0,106,82,16,0
73,95,37.1,0,30,5,7,111,82,14,0
151,87,39.3,0,74,1,2,137,79,22,2
77,95,36.5,0,59,0,0,119,72,16,0
78,97,36.4,0,84,1,1,134,76,14,0
78,95,36.7,0,90,1,0,110,64,15,0
107,98,37.1,0,53,0,0,128,66,21,1
120,88,38.3,0,59,0,0,134,78,27,2
73,96,37.3,0,45,0,0,124,73,17,0
72,94,36.5,0,28,0,0,123,68,12,1
128,86,38.3,0,37,1,2,134,93,25,2
65,94,36.8,0,35,2,2,129,77,16,1
75,96,36.1,0,39,1,1,111,77,14,1
77,94,37.0,0,18,2,3,123,78,13,1
72,98,36.8,0,51,1,2,112,70,16,0
77,97,37.0,0,71,1,1,113,78,13,0
132,88,38.5,0,36,0,0,166,78,24,2
77,93,36.8,0,34,0,0,123,78,15,1
148,82,38.1,0,44,2,3,148,81,25,2
72,95,36.3,0,40,1,2,119,71,14,1
77,94,36.4,0,27,1,0,114,86,11,1
116,96,37.1,0,49,0,0,136,88,19,1
80,100,36.8,0,71,1,0,129,74,16,0
135,89,37.5,0,64,1,0,168,82,22,2
68,98,36.7,0,54,0,0,124,65,15,0
72,97,36.6,0,76,1,0,133,72,15,0
109,94,37.0,0,32,0,0,140,81,20,1
154,86,39.7,0,82,0,0,144,84,26,2
107,95,37.1,0,36,0,0,138,85,21,0
71,95,36.6,0,34,2,2,125,76,13,0
76,96,36.7,0,69,0,1,120,84,15,0
67,95,36.4,0,45,1,1,108,74,15,0
74,96,36.6,0,68,2,0,103,76,14,0
69,98,36.9,0,48,1,1,116,78,15,0
110,94,37.5,0,46,2,2,136,82,19,1
150,84,39.8,0,36,0,0,131,80,24,2
71,97,36.4,0,32,2,2,131,83,19,0
92,91,38.0,0,23,0,0,154,75,18,1
63,94,36.4,0,61,0,0,117,73,18,1
70,99,36.8,0,22,2,4,123,79,13,0
71,97,37.3,0,76,3,3,105,71,14,1
113,93,38.1,0,30,1,2,130,81,21,1
136,86,38.9,0,61,1,3,158,78,25,2
70,95,36.7,0,33,4,7,130,82,15,0
142,88,39.4,0,84,1,1,171,77,29,2
119,95,37.3,0,62,2,3,125,80,22,1
77,96,36.7,0,56,2,1,133,77,15,0
146,89,38.3,0,38,0,0,158,90,22,2
68,94,36.9,0,70,1,1,130,70,14,1
79,97,36.4,0,46,1,1,131,73,14,0
67,99,36.7,0,59,1,1,113,87,16,0
99,94,37.2,0,37,0,0,141,79,17,1
108,93,37.5,0,69,2,1,138,72,18,1
69,97,36.6,0,20,0,0,108,90,16,0
66,94,36.5,0,30,2,3,109,65,16,1
82,94,37.0,0,60,2,2,130,72,14,1
78,98,36.9,0,27,0,0,116,72,11,0
73,95,37.0,0,57,0,0,129,70,16,0
77,98,36.6,0,86,0,0,110,72,16,0
118,90,39.2,0,26,1,2,135,80,21,2
61,95,37.3,0,69,0,1,125,61,13,0
69,93,36.8,0,85,2,4,104,71,16,1
133,82,39.6,0,66,2,2,184,79,28,2
90,91,37.5,0,85,0,0,138,82,20,1
90,96,36.8,0,41,0,0,136,77,21,0
110,92,37.7,0,35,0,0,122,79,18,1
100,88,37.3,0,39,0,1,120,77,22,2
96,89,36.9,0,75,2,1,155,76,19,2
76,99,36.6,0,42,0,1,122,71,15,0
139,85,38.0,0,38,0,1,134,85,26,2
68,99,36.7,0,80,0,0,121,79,14,0
74,96,36.1,0,58,1,0,103,71,17,1
74,97,36.7,0,74,0,0,124,78,15,0
129,81,39.3,0,38,1,1,151,73,27,2
93,94,36.8,0,24,0,0,138,84,20,1
135,80,37.6,0,55,0,0,120,77,23,2
102,91,38.1,0,35,0,0,123,80,18,1
66,98,36.9,0,47,0,1,134,67,16,0
79,98,36.8,0,57,1,0,111,65,16,1
133,83,38.0,0,46,0,0,106,85,24,2
96,92,37.0,0,33,2,2,127,74,21,1
89,93,38.2,0,88,3,2,129,76,20,1
90,90,37.4,0,31,0,0,137,80,15,1
95,92,37.6,0,37,0,0,140,75,15,0
105,93,37.6,0,84,1,0,127,75,19,1
63,98,36.8,0,27,0,0,106,83,14,0
72,96,36.5,0,46,3,5,115,75,14,0
76,99,36.5,0,66,0,0,120,81,16,0
143,87,39.2,0,49,2,2,135,84,24,2
78,94,37.0,0,42,1,1,112,64,15,1
64,94,36.0,0,60,0,0,110,66,15,1
66,95,36.4,0,72,0,0,120,72,16,0
83,94,36.2,0,67,1,0,117,66,15,1
88,95,36.9,0,48,0,0,141,90,18,1
107,92,38.2,0,47,1,2,121,78,20,1
120,82,37.6,0,28,0,0,143,70,20,2
141,87,37.8,0,22,1,1,141,85,22,2
139,83,37.4,0,58,0,0,133,101,20,1
108,93,38.0,0,45,1,2,130,78,19,1
102,94,37.4,0,84,1,1,108,81,22,1
67,97,37.2,0,65,1,1,119,73,17,0
128,87,39.0,0,85,0,1,152,89,27,2
111,94,37.0,0,27,3,4,117,69,17,1
81,97,37.1,0,44,1,1,107,82,15,0
85,96,36.1,0,60,3,3,123,72,12,1
70,96,36.8,0,44,0,0,134,67,13,0
74,98,36.1,0,25,1,2,127,70,13,1
72,95,36.5,0,87,2,1,126,69,14,1
149,88,38.1,0,88,0,0,120,75,20,2
104,89,38.1,0,74,2,2,105,79,22,2
127,89,39.0,0,59,0,0,130,86,24,2
71,93,36.7,0,89,1,1,118,62,14,1
113,92,38.6,0,87,0,0,134,76,22,1
69,97,36.6,0,24,0,0,119,70,14,0
77,96,36.6,0,82,1,0,139,82,14,0
98,95,37.4,0,29,2,2,130,68,19,1
100,92,37.8,0,65,1,0,149,84,14,1
117,92,37.2,0,25,1,1,137,90,16,1
121,90,37.9,1,72,0,0,125,79,19,2
68,97,37.0,0,33,2,2,115,77,14,0
78,99,36.7,0,45,0,0,125,64,17,1
76,95,36.0,0,78,0,0,110,73,15,1
116,95,37.1,0,20,0,0,146,79,14,1
115,97,37.8,0,41,0,0,122,86,21,1
105,91,37.1,0,83,1,1,134,72,19,1
74,95,37.1,0,64,2,2,131,81,16,0
80,97,37.0,0,53,0,1,118,69,14,0
70,98,36.7,0,28,0,0,103,73,14,0
61,95,37.1,0,33,1,0,119,77,14,0
78,96,36.6,0,25,1,1,125,64,12,0
128,88,38.8,0,90,1,2,119,88,22,2
105,98,36.8,0,26,2,2,125,73,23,1
101,94,37.4,0,24,1,0,131,72,20,1
139,88,39.2,0,57,0,0,162,83,17,2
74,96,36.7,0,67,0,1,120,71,14,0
70,96,36.6,0,30,0,1,133,67,12,0
100,98,37.7,0,67,1,0,133,86,20,1
121,95,37.0,0,72,1,0,134,73,19,1
72,95,37.1,0,66,0,1,115,75,14,0
75,95,37.1,0,83,1,0,124,87,15,0
70,96,37.1,0,41,0,0,113,72,14,0
66,96,37.2,0,64,2,1,95,65,18,0
68,93,36.8,0,45,2,2,106,74,17,1
66,97,36.8,0,26,0,0,119,86,16,0
109,94,37.2,0,52,0,0,131,77,18,1
73,98,36.6,0,31,0,0,114,70,12,0
104,93,37.6,0,51,0,0,155,74,20,0
78,96,36.8,0,36,0,0,119,72,14,0
110,92,37.8,0,57,0,0,105,65,20,1
76,97,36.1,0,63,2,3,132,83,13,1
99,95,36.4,0,73,2,4,130,74,17,1
75,96,36.9,0,31,0,0,116,78,14,0
69,94,36.9,0,62,0,0,123,76,13,1
67,94,36.8,0,59,2,3,113,74,14,1
107,92,37.9,0,39,1,2,140,72,16,1
144,91,38.8,0,83,0,0,152,70,19,2
110,98,36.9,0,46,1,0,130,83,18,1
73,97,36.5,0,22,2,2,105,71,15,0
138,92,38.3,0,64,0,0,152,83,24,2
102,95,37.1,0,32,2,2,148,90,15,1
96,95,38.1,0,57,0,0,165,69,20,1
149,86,36.7,0,63,1,0,133,87,22,1
144,87,37.2,0,51,0,1,153,87,20,2
131,91,37.6,0,76,2,1,145,92,27,2
68,96,36.3,0,68,1,2,117,64,13,1
78,93,37.3,0,26,2,3,130,75,16,1
68,97,37.3,0,31,2,1,132,81,12,0
70,95,36.8,0,83,1,1,113,67,17,0
78,99,36.2,0,23,0,0,128,75,14,1
138,80,38.0,1,79,2,4,151,74,18,2
76,95,36.7,0,60,3,6,112,83,17,0
104,94,36.6,0,28,1,2,135,82,23,1
108,91,37.9,0,73,0,0,129,81,18,0
115,91,36.9,0,72,1,0,121,78,19,1
63,94,36.7,0,75,2,3,114,76,14,1
119,95,37.6,0,74,0,0,132,71,15,1
106,93,37.3,0,51,0,0,128,88,21,1
69,98,36.5,0,35,1,2,127,77,14,0
76,94,36.6,0,72,1,1,129,80,16,1
78,95,36.5,0,51,3,3,116,87,15,0
73,97,36.5,0,73,1,1,111,69,17,0
101,94,37.7,0,30,2,5,136,83,19,1
106,99,37.0,0,30,0,0,144,73,20,1
90,99,36.7,0,71,0,0,138,78,14,0
95,93,36.7,0,83,0,0,137,87,15,1
75,94,37.0,0,54,3,3,112,79,14,1
88,95,38.1,0,88,1,3,137,71,21,1
123,94,39.1,0,80,0,0,126,71,27,2
73,97,36.7,0,53,1,1,106,70,14,0
74,95,36.4,0,30,0,1,113,68,12,0
128,79,39.6,0,25,1,0,147,86,29,2
144,93,37.3,0,73,1,2,124,74,26,2
93,97,37.5,0,50,1,0,124,78,19,0
73,94,36.8,0,26,1,0,121,74,15,1
67,97,36.2,0,81,0,1,119,69,11,1
142,90,37.9,0,60,1,1,149,70,25,2
98,91,37.6,0,41,2,3,152,83,16,1
82,97,36.7,0,66,1,1,109,69,14,0
144,82,38.9,0,23,1,1,148,92,24,2
74,96,37.1,0,80,0,0,125,62,14,0
94,91,37.4,0,25,0,0,159,81,19,1
124,88,39.4,0,60,0,0,148,88,24,2
69,97,36.9,0,42,1,1,105,68,15,0
71,96,36.6,0,34,0,0,107,85,14,0
76,96,36.5,0,73,0,0,111,62,16,0
59,100,37.0,0,23,0,0,125,67,12,0
85,97,36.4,0,72,1,3,104,71,14,0
111,95,37.2,0,48,2,2,126,79,21,1
82,97,37.2,0,84,0,1,104,72,16,0
74,97,36.4,0,39,1,1,117,75,19,0
66,96,36.6,0,32,0,1,97,71,13,0
75,97,36.5,0,88,1,1,117,71,15,0
63,98,36.5,0,54,0,0,119,71,11,0
77,95,37.4,0,80,2,2,131,78,15,1
82,97,36.8,0,23,1,2,118,63,15,0
125,88,39.0,0,22,1,1,139,81,20,2
75,97,36.8,0,52,1,2,107,69,13,0
89,98,37.6,0,46,2,2,127,67,20,0
71,97,36.4,0,18,1,0,120,82,15,0
112,91,37.5,0,64,0,0,103,93,18,1
122,87,37.4,0,41,2,3,148,92,29,2
62,93,37.2,0,37,0,0,113,64,13,1
106,90,38.1,0,73,1,0,123,81,18,1
77,95,36.7,1,82,1,0,115,71,14,2
110,94,37.8,0,56,1,1,125,98,14,1
108,91,37.7,0,59,2,3,132,76,17,1
69,97,36.5,0,51,0,0,117,85,15,0
75,95,36.9,0,66,0,0,120,71,12,0
72,96,37.1,0,31,2,2,117,83,14,0
109,91,37.6,0,27,2,3,108,85,17,1
69,96,36.6,0,52,1,2,121,75,19,0
109,87,37.6,0,19,0,1,120,88,19,2
79,96,37.5,0,41,3,4,105,76,18,0
75,96,36.7,0,69,0,0,122,75,15,0
102,96,37.7,0,79,0,0,154,83,21,1
78,97,37.2,0,61,1,0,103,72,14,0
164,84,39.2,0,63,0,0,120,56,25,2
69,94,36.0,0,35,0,1,109,71,14,1
68,96,36.8,0,80,2,3,126,89,16,1
90,97,36.3,0,25,1,2,122,70,13,1
153,91,38.5,0,43,2,2,131,79,22,2
78,95,36.9,0,76,0,0,106,70,17,0
97,93,37.4,1,84,1,0,124,81,18,2
138,87,38.9,0,89,0,0,129,77,22,2
108,91,37.2,0,78,0,0,146,79,17,1
70,94,36.6,0,63,2,2,117,73,17,1
109,92,38.1,0,45,0,1,125,89,18,1
73,97,36.6,0,21,0,0,118,78,11,0
73,96,36.3,0,56,0,0,131,74,14,1
93,95,37.9,0,39,0,1,135,86,18,0
131,90,38.5,0,52,0,0,151,88,22,2
102,92,37.1,0,33,2,2,134,66,17,1
64,95,36.8,0,19,0,0,114,71,15,0
67,97,36.8,0,74,1,1,110,76,17,0
68,98,36.2,0,66,1,1,126,64,14,1
76,99,37.4,0,67,0,0,107,73,12,0
65,100,36.7,0,86,0,0,101,77,13,0
109,93,37.9,0,41,1,0,146,70,19,1
113,91,37.7,0,76,1,1,132,83,19,1
84,97,36.9,0,78,2,4,123,74,17,1
64,98,36.8,0,27,0,0,131,84,16,0
116,94,37.4,0,19,1,1,112,72,21,1
154,82,39.5,0,21,2,3,156,73,22,2
157,85,39.4,0,83,4,4,134,80,24,2
135,87,38.7,0,45,1,1,131,88,27,2
74,98,36.9,0,41,0,0,103,77,15,1
126,90,39.1,0,18,2,2,140,94,20,2
137,87,38.6,0,83,0,0,150,90,23,2
68,96,36.5,0,45,2,3,107,72,13,0
101,90,37.7,0,42,0,2,127,62,18,1
117,94,37.3,0,68,1,0,137,68,15,1
63,98,36.6,0,51,0,0,137,83,17,0
74,97,36.7,0,26,1,1,106,78,14,0
103,90,38.8,0,55,0,0,115,73,19,1
69,97,36.7,0,62,1,1,130,76,15,0
75,95,36.3,0,51,1,1,112,67,13,1
72,94,36.4,0,76,0,1,98,84,10,1
115,92,38.6,0,24,1,1,127,80,24,1
142,97,39.2,0,39,0,0,150,95,22,2
121,82,39.3,0,89,0,0,143,71,20,2
111,93,38.0,0,18,0,0,131,88,17,1
71,95,36.5,0,67,2,2,118,64,14,0
129,87,39.0,0,43,0,0,172,85,19,2
115,95,37.6,0,84,1,0,124,69,19,1
63,96,36.5,0,54,0,0,115,84,16,0
145,85,39.0,0,40,2,3,125,92,24,2
138,88,37.9,0,46,2,3,146,75,28,1
66,95,37.1,0,27,0,1,127,80,12,0
63,95,37.1,0,61,1,0,93,84,15,1
101,90,37.5,0,75,0,0,114,68,21,1
98,96,37.5,0,83,1,2,128,74,19,1
68,95,36.4,0,58,0,0,124,75,15,0
68,97,36.5,0,22,0,0,123,72,15,0
72,100,36.7,0,26,1,0,117,67,16,0
78,97,36.5,0,90,0,0,125,70,14,0
99,92,37.8,0,47,0,0,120,87,18,1
146,87,39.2,0,81,2,2,151,87,20,2
128,88,39.2,0,31,0,0,121,83,25,2
82,95,37.1,0,20,0,0,125,87,16,0
70,96,36.6,0,19,0,0,109,83,15,0
79,96,36.4,0,58,1,2,112,63,15,0
76,98,36.9,0,20,1,1,101,73,15,0
79,96,36.4,0,65,0,0,117,80,16,0
134,82,38.6,0,90,2,3,145,87,25,2
105,90,37.1,0,55,2,2,165,72,17,1
103,95,37.7,0,79,1,0,140,88,21,1
74,96,36.5,0,83,0,1,115,81,15,0
137,93,39.4,0,83,0,0,144,91,19,2
73,97,36.9,0,50,1,1,85,72,15,1
104,93,37.9,0,37,0,0,115,77,20,1
90,98,36.9,0,90,1,2,124,68,17,0
103,93,37.4,0,51,0,0,132,88,21,1
70,98,36.7,0,61,0,0,118,76,15,0
126,88,38.6,0,49,1,1,167,87,25,2
139,82,38.3,0,63,0,0,165,85,23,2
108,90,37.3,0,83,0,0,128,70,19,1
81,97,36.8,0,68,1,1,124,82,15,0
100,94,37.0,0,54,0,0,134,76,18,1
97,94,37.3,0,33,0,0,141,81,24,1
148,87,38.3,0,73,2,4,154,74,25,2
76,100,36.8,0,38,1,2,140,75,13,1
61,97,36.7,0,67,1,1,128,71,15,0
135,90,38.0,0,19,0,0,155,71,23,2
82,96,36.1,0,68,2,1,102,70,14,1
126,86,38.9,0,47,0,0,159,79,23,2
105,92,38.0,0,89,1,0,125,82,18,1
70,97,36.7,0,79,0,1,118,79,16,0
76,95,37.2,0,49,0,0,123,79,17,0
72,95,36.2,0,37,1,2,121,72,14,1
95,92,36.8,0,49,1,2,127,94,20,1
67,97,36.8,0,58,0,0,111,75,13,0
107,99,37.7,0,46,2,3,114,89,15,1
125,87,37.6,0,67,0,0,164,90,18,2
110,93,37.6,0,28,0,0,124,86,18,1
67,97,36.5,0,48,0,0,118,64,15,0
103,92,37.1,0,24,2,3,135,76,21,1
83,97,36.8,0,82,2,3,115,69,12,1
81,98,36.5,0,67,1,2,119,65,13,0
145,86,38.6,1,88,0,0,150,72,22,2
77,96,36.6,1,85,0,0,134,73,16,2
79,97,37.0,0,56,1,4,112,83,15,0
144,89,38.4,0,32,0,0,153,80,17,2
71,97,36.5,0,59,0,0,108,79,16,0
137,86,38.1,0,58,0,0,180,83,28,2
73,95,36.5,0,74,0,0,117,71,15,0
59,97,36.2,0,50,2,2,117,71,16,1
140,83,38.8,0,36,1,1,139,80,21,2
68,96,36.8,0,35,2,2,128,80,16,0
62,96,36.6,0,37,1,1,98,80,16,0
78,93,37.0,0,22,1,0,128,76,16,1
74,96,36.9,0,41,3,3,125,74,16,0
74,95,36.5,0,60,3,4,114,82,13,0
75,94,36.7,1,76,1,1,118,75,12,2
133,81,38.7,0,84,0,0,131,76,22,2
106,92,37.1,0,48,2,3,117,82,19,1
71,97,36.3,0,44,1,2,138,76,13,1
101,95,36.8,0,66,1,1,153,78,17,1
67,97,36.2,0,41,1,2,120,72,16,1
65,97,36.5,0,64,0,0,125,70,15,0
70,97,36.1,0,36,0,0,110,83,16,1
66,97,36.6,1,40,2,3,118,81,15,1
74,96,36.6,0,77,1,1,129,73,16,0
106,91,37.4,0,28,1,0,131,85,22,1
111,94,37.5,0,45,1,0,108,86,18,1
54,96,36.5,0,23,0,0,131,75,15,0
133,89,38.2,0,63,1,2,131,71,31,2
75,95,36.3,0,75,2,3,133,78,13,1
77,94,36.8,0,75,2,3,98,67,14,1
75,98,36.7,0,68,1,0,118,81,14,0
77,92,36.6,0,88,1,0,101,76,15,1
71,98,37.0,0,29,0,0,120,73,13,0
71,96,36.5,0,33,2,4,121,63,13,0
80,97,36.5,0,20,2,2,126,72,15,0
82,95,36.4,0,24,0,0,123,85,16,0
134,86,38.5,1,75,0,2,156,85,25,2
92,92,38.2,0,77,1,1,111,70,15,1
69,95,36.8,0,68,1,1,118,80,14,0
80,95,36.9,0,26,1,3,105,78,14,0
72,96,37.0,0,38,0,0,123,85,16,0
66,98,36.1,0,27,1,2,108,71,13,1
79,95,36.7,0,31,1,1,110,76,15,1
94,97,37.2,0,72,1,2,100,65,17,0
70,95,36.6,0,54,1,1,137,74,16,0
74,96,36.5,0,23,1,0,119,71,13,0
71,98,36.7,0,65,0,0,119,78,12,0
102,100,36.5,0,52,0,0,122,78,18,1
79,98,36.9,1,70,1,1,130,76,14,2
70,98,37.0,0,44,1,2,124,76,14,0
144,82,38.3,1,86,2,3,131,92,26,2
115,95,37.3,0,51,1,1,145,59,21,1
154,85,37.1,0,86,3,4,134,96,27,2
140,85,37.7,0,78,2,4,131,87,23,2
75,93,37.0,0,73,0,0,142,79,12,1
122,88,39.3,0,47,0,0,143,77,27,2
73,97,37.0,0,28,0,0,135,66,14,0
138,90,39.1,0,57,2,1,170,103,20,2
106,92,37.7,0,57,2,3,123,74,20,1
64,95,36.9,0,42,1,2,105,75,17,0
74,100,36.6,0,56,1,1,121,78,15,0
71,96,36.6,0,63,0,0,112,70,13,0
82,95,36.0,0,33,1,2,98,79,17,1
100,95,37.4,0,74,0,0,124,76,16,1
128,86,38.1,0,42,2,1,135,98,26,2
105,97,37.0,0,81,1,1,134,72,15,1
57,95,36.3,0,19,0,0,118,89,13,1
127,93,39.5,0,40,0,0,146,87,20,2
70,94,36.6,0,65,0,0,118,75,15,1
109,95,37.0,1,80,1,2,130,86,19,2
147,81,38.1,0,63,1,0,150,81,24,2
76,96,36.5,0,78,2,0,112,74,14,1
69,98,36.6,0,34,0,0,118,78,16,0
113,93,37.5,0,80,0,0,131,72,20,1
73,98,36.8,0,61,0,0,127,70,14,0
140,86,38.5,0,59,1,0,157,84,26,2
117,94,38.2,0,26,1,2,104,78,21,1
83,95,36.7,0,25,2,2,112,72,12,0
99,94,37.4,0,67,0,1,138,86,14,1
72,95,36.9,0,39,2,4,108,79,13,0
124,83,38.5,0,36,0,0,126,72,20,2
68,97,36.8,0,41,0,0,125,73,15,0
98,89,37.9,1,80,4,6,139,69,15,2
67,97,36.3,0,35,0,2,137,80,15,1
76,98,36.2,0,69,0,0,97,73,12,1
64,94,36.7,0,62,2,4,110,70,12,1
105,88,36.0,0,86,2,2,129,74,22,2
70,97,36.9,0,24,2,2,121,82,14,0
96,99,37.6,0,49,0,2,137,81,21,1
101,97,38.3,0,41,1,2,131,76,18,1
72,94,37.0,0,46,1,1,145,87,17,1
138,89,39.5,0,19,1,3,140,81,24,2
136,89,38.1,0,47,1,1,133,88,24,2
120,95,37.3,0,61,3,3,117,80,14,1
63,99,36.4,0,20,0,0,126,78,13,0
132,85,39.0,0,31,0,0,134,90,25,2
114,97,38.4,0,69,0,0,124,69,18,1
103,96,37.2,0,66,1,2,136,69,21,1
124,90,38.7,0,50,1,1,150,85,27,1
137,90,39.7,0,39,1,2,146,93,22,2
106,97,35.8,0,85,1,0,124,73,19,1
77,96,36.5,0,41,0,0,115,66,17,0
149,90,38.6,0,59,1,1,138,93,24,2
75,96,36.9,0,57,0,0,109,72,14,0
77,97,36.7,0,49,1,1,105,65,16,0
108,93,37.2,0,56,2,2,118,68,20,1
69,95,37.2,0,87,1,0,101,76,14,0
105,90,37.7,0,40,1,0,127,88,19,1
66,99,36.9,0,63,0,0,104,65,11,0
70,98,37.1,0,20,1,3,125,79,13,0
76,97,36.7,0,62,0,0,114,70,14,0
121,88,38.2,0,43,1,1,167,88,23,2
72,97,36.5,0,27,0,0,118,77,13,0
154,84,37.9,0,22,0,0,156,76,24,2
67,95,36.2,0,48,1,1,115,83,14,1
97,93,36.7,0,20,1,0,124,77,18,1
132,92,39.0,0,64,1,0,156,74,17,2
129,90,38.1,0,40,0,0,152,91,23,2
67,96,37.1,0,25,0,0,122,68,12,0
142,85,40.6,0,71,1,0,176,68,21,2
113,92,37.1,0,67,0,0,123,90,19,1
67,97,36.7,0,37,0,1,112,82,18,0
73,96,36.8,0,24,3,4,114,86,16,0
73,99,36.5,0,19,3,4,121,70,13,0
91,93,37.8,0,69,1,1,114,80,16,1
100,94,38.2,0,60,1,1,113,78,19,1
69,98,36.8,0,32,0,0,120,72,12,0
107,95,38.1,0,61,0,0,155,84,20,1
155,92,38.4,0,84,1,1,134,85,23,2
85,91,37.1,0,21,2,0,148,83,17,1
81,95,36.6,0,33,1,1,116,69,16,0
68,99,36.9,1,70,1,0,131,75,15,2
68,97,36.3,0,24,0,0,133,71,14,1
71,97,36.4,0,30,0,0,126,89,15,2
109,86,38.7,0,29,3,3,127,88,28,2
67,97,36.5,0,38,0,0,103,83,13,0
126,87,38.1,0,56,2,3,138,89,21,2
71,95,37.0,0,79,0,1,110,62,14,0
61,96,36.3,0,20,2,1,111,74,14,1
123,97,37.6,0,70,0,0,125,81,21,1
104,91,37.7,0,89,2,5,107,77,21,1
55,94,36.8,0,41,0,0,116,77,16,1
69,94,36.4,0,85,1,2,133,85,13,1
132,96,39.5,1,51,0,0,154,71,24,2
107,99,37.5,0,61,1,2,143,80,20,1
72,98,36.6,0,19,2,3,126,67,14,0
66,97,36.7,0,35,0,1,113,68,15,0
66,97,37.0,0,29,1,0,125,80,15,0
159,81,38.9,0,54,2,3,130,71,24,2
102,93,36.5,0,52,2,2,117,75,17,1
71,97,36.9,0,44,1,2,126,72,13,0
117,89,37.0,0,44,0,0,119,81,20,2
83,93,36.4,0,90,3,4,115,78,12,1
110,97,37.4,0,31,0,0,123,83,20,1
131,90,38.8,0,36,0,0,142,68,20,2
109,94,36.9,0,33,0,1,145,97,20,2
102,96,37.7,0,50,0,0,140,76,16,1
72,93,36.7,0,56,0,0,119,69,16,1
140,87,39.6,0,77,0,0,181,75,26,2
138,92,39.0,0,76,1,0,151,103,20,2
94,93,37.1,1,88,0,0,134,67,19,2
66,94,36.6,0,36,3,4,117,74,16,1
72,99,36.4,0,87,0,0,117,78,15,0
130,90,38.6,0,20,1,0,177,84,22,2
66,96,36.8,0,33,0,0,115,72,15,0
106,94,37.9,1,23,1,0,129,91,19,2
104,96,37.6,0,65,1,1,138,78,20,1
134,88,37.8,0,87,0,0,133,81,24,2
60,96,36.9,0,74,0,0,108,74,13,0
66,96,36.4,0,22,1,2,130,64,15,0
134,87,39.2,0,80,2,3,153,68,24,2
65,96,36.5,0,70,1,1,126,68,15,0
69,96,36.4,0,35,0,0,102,68,13,0
103,95,37.7,0,77,1,2,143,89,20,1
103,91,36.5,0,25,1,2,152,83,22,1
113,88,37.8,0,33,0,1,126,82,17,2
132,84,39.5,0,30,2,3,140,84,24,2
75,95,36.7,1,85,0,0,115,72,13,2
73,94,36.5,0,54,1,2,126,80,16,0
132,86,36.8,0,28,0,0,135,84,22,2
74,97,36.9,0,90,0,0,133,82,15,0
100,97,36.8,0,57,1,1,140,74,18,1
109,93,37.3,0,88,0,0,121,83,19,1
119,88,36.8,0,38,1,3,114,85,24,2
72,93,36.9,0,87,1,2,115,74,14,1
70,97,36.3,0,63,0,0,117,77,15,1
69,100,36.6,0,30,0,1,123,75,16,0
109,94,37.7,0,85,1,1,131,73,19,1
118,82,38.8,0,35,0,0,155,76,28,2
113,93,37.3,0,88,1,1,130,68,21,1
64,96,36.9,0,31,1,1,123,73,15,0
108,92,37.5,0,74,2,1,130,83,22,1
63,98,36.6,0,42,0,0,112,70,17,0
107,91,37.1,0,55,2,1,134,91,18,1
69,95,37.1,0,42,1,0,121,77,16,0
103,93,37.6,0,49,1,1,122,87,17,1
121,92,37.1,0,25,1,2,130,74,17,1
98,90,37.1,0,34,0,1,123,74,20,1
70,96,36.4,0,24,0,0,122,72,13,0
96,91,37.1,0,84,0,0,138,75,20,1
95,98,37.2,0,74,0,0,134,77,20,1
108,89,37.4,0,89,3,5,128,73,19,2
70,95,36.8,0,59,3,5,118,77,15,0
80,96,36.6,0,64,2,2,120,75,14,0
71,98,37.4,0,87,0,0,99,67,15,0
101,91,36.4,0,18,1,0,157,91,16,1
72,98,37.2,0,42,0,0,110,74,14,0
71,95,36.7,1,82,3,4,112,83,11,2
71,99,36.7,0,28,0,0,124,82,15,0
129,83,38.8,0,80,1,3,164,75,22,2
73,96,36.5,0,79,0,0,123,62,13,0
68,95,36.7,0,51,1,2,108,80,14,0
87,94,37.1,0,33,0,0,138,61,17,1
108,92,38.4,0,59,2,1,146,74,19,1
134,89,38.3,0,31,1,0,146,95,22,2
72,97,36.9,0,48,1,0,125,71,16,0
69,94,36.6,0,28,1,1,123,79,15,1
131,86,39.2,0,65,1,2,141,89,24,2
73,96,36.4,0,76,1,2,119,74,14,1
71,96,36.8,0,57,2,3,102,76,16,0
76,97,36.9,0,22,1,2,147,72,14,1
116,87,38.4,0,24,1,1,130,79,23,2
66,96,36.6,0,25,0,0,121,69,14,0
146,93,38.7,0,34,1,0,142,88,17,2
80,94,36.5,0,35,1,2,110,74,15,1
66,97,37.0,0,35,0,0,101,73,15,0
68,98,36.5,0,72,0,0,131,82,12,0
63,93,36.1,0,43,1,1,123,74,15,1
138,88,39.3,0,75,1,4,169,89,22,2
75,96,36.9,0,88,0,0,115,72,15,0
148,84,37.6,0,62,1,2,129,72,22,2
99,94,37.1,0,58,1,1,107,83,20,1
60,98,36.6,0,27,1,1,105,75,14,0
98,93,37.3,0,45,1,2,113,74,22,1
131,85,39.0,0,51,0,1,150,82,27,2
147,90,37.7,0,77,1,0,128,82,30,2
134,85,38.5,0,47,1,2,159,79,21,2
108,95,38.4,0,75,0,0,138,72,17,1
70,98,37.0,0,51,2,3,116,79,15,0
112,95,38.0,0,57,1,0,123,75,17,1
149,81,38.1,0,43,0,0,142,78,21,2
74,95,36.8,0,39,4,3,118,78,14,0
110,97,37.5,0,88,0,0,114,96,18,1
150,82,37.6,0,38,2,3,127,81,25,2
75,97,36.7,0,21,1,3,123,75,13,0
69,96,36.5,0,29,0,0,104,79,15,0
146,91,37.2,0,67,0,0,123,88,24,2
132,84,37.4,0,19,3,3,176,82,27,2
75,94,37.0,0,85,1,1,109,74,13,1
147,86,38.4,0,70,2,4,150,98,21,2
79,95,36.3,0,27,0,0,131,79,16,1
66,98,36.7,0,18,1,1,120,60,13,0
63,97,36.5,0,84,1,2,143,75,16,1
105,95,36.9,0,53,0,0,137,80,17,1
59,98,36.4,0,56,1,0,100,81,13,0
135,88,37.8,0,21,0,0,162,83,21,2
73,96,36.5,0,18,0,1,113,77,13,0
150,86,38.4,0,69,0,0,156,79,25,2
96,91,37.3,0,85,0,0,100,76,18,1
87,91,37.5,0,41,0,1,142,75,20,1
68,95,36.8,0,54,0,0,106,81,14,0
108,93,37.4,0,23,1,1,144,75,16,1
66,95,36.8,0,88,0,0,101,80,18,0
125,88,39.2,0,64,0,0,146,78,20,2
69,100,36.5,0,61,0,0,101,77,15,0
67,97,37.0,0,53,1,3,134,75,13,0
72,96,36.7,0,45,1,1,110,87,13,0
97,95,38.0,0,74,0,0,135,69,18,1
78,94,36.2,0,74,1,0,117,74,17,1
111,92,37.4,0,45,1,2,139,70,17,1
101,91,37.9,0,56,1,3,115,81,22,1
114,94,38.0,1,77,1,1,122,93,21,2
112,88,38.5,1,86,1,0,129,74,17,2
76,94,36.4,0,50,0,0,114,69,13,1
77,100,36.7,0,64,2,3,128,75,13,0
100,90,37.1,0,51,0,1,161,76,20,1
107,91,37.5,0,81,1,2,160,78,18,1
64,95,37.2,0,71,1,0,119,74,12,0
71,98,36.8,0,22,0,0,120,71,15,0
69,98,36.9,0,39,0,1,124,82,13,0
146,90,38.8,0,18,2,1,130,81,27,2
81,98,36.6,0,32,0,0,117,76,16,0
83,97,36.9,0,42,0,0,102,84,13,0
77,96,36.8,0,38,0,0,118,76,13,0
127,92,38.1,0,66,6,7,145,74,23,2
83,99,36.7,0,59,2,2,102,73,17,0
70,98,37.0,0,49,1,2,123,71,15,0
75,94,36.4,0,64,1,1,123,83,16,1
68,100,36.7,0,44,1,1,116,83,14,0
135,88,38.5,0,51,0,1,119,86,22,2
72,96,37.0,0,84,0,0,108,80,12,0
66,95,36.5,0,41,0,0,105,82,15,0
121,94,38.3,0,37,1,1,150,89,28,1
103,90,36.5,0,60,0,0,132,72,21,1
134,90,39.7,0,27,0,0,128,85,24,2
68,95,36.5,0,59,0,1,119,70,13,0
69,94,36.4,0,40,1,1,118,77,14,1
97,91,37.5,0,72,0,0,142,78,18,1
73,97,36.7,0,60,3,6,124,71,14,0
109,91,37.5,0,47,0,0,143,69,18,1
125,95,36.9,0,82,1,1,119,81,19,2
107,91,37.6,0,82,1,1,163,73,17,1
76,94,36.0,0,84,2,0,115,79,15,1
63,96,36.5,1,89,2,1,131,69,13,2
71,98,37.6,0,18,0,0,108,74,10,0
102,91,38.1,0,49,1,1,143,73,19,1
62,97,37.1,0,79,1,1,118,80,16,0
72,98,36.3,0,58,0,0,104,82,16,1
104,93,37.5,0,25,1,1,131,77,21,1
71,94,36.3,0,83,2,4,118,69,14,1
70,99,36.7,0,39,1,3,117,80,15,0
128,84,38.6,0,41,3,3,137,94,27,2
72,99,36.6,0,30,1,1,111,72,16,0
105,95,37.9,0,56,1,0,128,77,17,1
72,96,36.6,0,58,2,2,116,74,15,0
72,100,36.2,0,35,0,1,109,70,15,1
65,97,36.9,0,65,2,2,127,87,15,0
78,98,36.6,0,59,0,1,121,80,16,0
74,97,36.5,0,59,1,1,112,71,18,0
114,94,37.5,0,58,0,0,118,84,18,1
65,96,37.0,0,34,1,2,102,83,13,0
137,93,39.2,0,52,0,0,122,80,21,2
108,99,37.6,0,39,2,1,111,79,20,1
73,96,36.1,0,65,1,0,122,70,16,1
72,96,36.0,0,70,0,0,124,74,13,1
147,87,38.4,0,56,1,1,137,90,27,2
78,99,36.4,0,66,0,0,119,82,17,0
152,87,38.9,0,56,2,1,133,83,26,2
66,94,37.3,0,22,0,1,115,61,12,1
81,98,37.1,0,20,0,0,108,67,13,0
68,98,36.3,0,69,0,1,109,81,11,1
134,87,39.7,0,46,1,0,136,65,25,2
56,94,36.6,0,56,1,2,109,63,14,1
66,97,36.9,0,41,3,5,102,74,17,0
117,91,38.2,0,57,0,0,124,80,18,1
66,94,36.9,0,36,2,3,119,80,15,1
67,96,37.0,0,50,1,1,109,72,13,0
130,88,39.6,0,66,0,0,146,88,24,2
69,98,36.5,0,38,0,0,121,65,17,0
135,87,37.8,0,82,1,1,145,90,22,2
70,95,36.8,0,45,3,4,118,71,13,0
76,95,36.7,0,36,4,6,125,75,15,0
74,95,36.5,0,70,1,0,136,64,14,0
142,82,41.0,0,75,1,1,163,88,23,2
79,97,36.8,0,78,2,4,108,72,13,1
123,94,38.0,0,61,4,6,136,75,18,1
78,100,36.9,0,22,0,0,120,79,15,0
75,97,36.8,0,78,1,2,124,72,14,0
69,95,36.8,0,45,2,4,117,81,15,0
75,96,36.4,0,53,3,5,108,63,12,0
73,97,36.6,0,43,1,2,112,75,17,0
74,95,36.5,0,62,1,0,119,81,14,0
73,99,37.0,0,77,1,2,123,79,13,0
103,94,38.2,0,36,0,0,124,85,20,1
78,99,36.2,0,76,0,2,122,77,16,1
67,96,36.4,0,51,0,0,122,78,16,0
91,92,37.7,0,47,1,2,133,69,20,1
66,97,36.8,0,22,0,0,119,70,16,0
69,96,37.1,0,60,0,0,122,69,14,0
73,97,36.8,0,38,1,1,117,76,17,0
70,99,36.6,0,49,1,3,128,67,15,0
94,92,37.6,0,41,2,3,134,75,21,1
73,97,37.2,0,53,0,0,125,82,12,0
65,97,37.2,0,59,1,1,118,67,14,0
111,88,37.8,0,65,0,0,145,72,18,2
101,92,37.4,0,22,0,1,141,80,18,1
68,95,36.5,0,32,2,4,115,70,16,0
76,96,36.8,0,87,0,0,123,75,15,0
75,97,37.0,0,18,0,0,120,72,14,0
129,90,38.1,0,46,2,2,145,77,19,2
98,93,37.2,0,64,1,2,123,79,17,1
150,86,39.1,0,58,1,1,136,95,22,2
64,97,36.6,0,24,0,1,107,66,15,0
67,96,36.9,0,19,0,1,114,78,17,0
75,95,37.0,0,31,1,0,139,68,16,0
78,98,36.8,0,44,0,0,123,88,14,0
71,100,36.3,0,83,0,0,118,76,15,1
143,92,39.0,0,76,1,2,127,93,25,2
91,96,37.4,0,79,0,0,103,89,21,0
78,96,37.1,0,36,0,0,121,78,16,2
99,95,37.5,0,56,1,2,124,72,19,1
66,97,37.0,0,61,0,0,124,66,13,0
106,89,38.1,0,49,2,3,148,76,18,2
94,93,38.4,0,74,1,0,125,87,16,1
71,96,37.0,0,21,3,4,142,67,14,1
105,92,38.0,0,83,1,0,94,81,16,1
110,91,37.4,0,41,1,1,142,74,17,1
110,92,36.8,0,80,0,0,127,87,21,1
140,86,39.4,0,49,2,0,147,94,26,2
103,92,37.1,0,55,2,2,113,82,16,1
79,94,37.2,0,61,0,1,110,68,11,1
72,97,36.7,0,44,0,0,121,68,15,0
69,93,36.8,0,48,1,1,133,71,15,1
64,96,36.7,0,59,2,3,121,73,16,0
98,95,37.7,0,71,1,2,137,60,19,1
144,89,38.2,0,55,1,2,129,86,21,2
102,91,37.4,0,52,1,1,137,85,18,1
70,95,36.2,0,75,1,0,117,72,14,1
70,97,36.5,0,68,0,0,122,71,14,0
73,95,36.1,0,50,2,1,121,84,14,1
94,87,36.7,0,87,1,2,153,73,18,2
72,96,36.8,0,68,1,1,109,74,14,0
84,98,36.7,0,62,1,1,127,79,16,0
117,93,38.1,0,80,1,1,124,70,17,1
69,96,36.4,0,41,0,0,135,84,14,0
97,94,37.6,0,86,1,2,126,76,19,1
77,99,36.6,0,37,1,0,128,69,13,0
69,97,37.1,0,67,1,1,128,84,12,0
101,94,36.8,0,48,1,2,133,78,14,1
71,98,36.9,0,21,0,0,108,76,17,0
105,95,38.4,0,18,0,0,110,76,15,1
138,80,38.7,0,76,0,0,146,86,21,2
105,98,38.0,0,82,0,0,131,79,19,1
76,94,36.2,0,45,1,1,117,75,16,1
80,97,37.3,0,59,0,0,121,75,16,0
107,98,38.1,0,52,0,0,108,81,18,1
100,91,36.7,0,25,0,0,151,85,21,1
131,83,38.5,0,59,0,0,146,76,19,2
79,97,36.7,0,62,0,0,132,67,17,0
95,100,36.8,0,67,0,0,130,83,13,1
131,91,37.7,0,76,0,0,152,84,16,2
100,92,36.9,0,31,0,0,153,74,19,1
106,95,37.7,0,87,1,1,103,80,22,1
108,98,37.2,0,53,0,1,121,87,19,1
96,92,37.0,0,49,0,0,122,73,18,1
133,79,39.5,0,26,0,1,180,90,16,2
142,84,38.2,1,84,4,6,117,86,30,2
74,98,36.5,0,89,1,1,120,76,15,0
80,94,36.8,0,68,0,0,112,76,17,1
74,96,36.5,0,37,0,1,97,65,16,0
68,96,36.2,0,47,0,0,128,78,13,1
73,97,36.8,0,54,0,0,103,77,13,0
132,92,39.1,0,66,0,1,140,94,26,2
70,93,36.8,0,62,0,0,108,71,13,1
105,97,37.2,0,88,0,0,113,79,19,1
74,97,36.4,0,61,1,1,106,79,15,0
78,98,36.5,0,42,1,0,138,74,17,0
144,87,38.7,1,70,0,0,148,94,26,2
81,96,36.6,0,71,2,4,107,70,14,1
131,95,39.5,0,45,0,0,146,72,22,2
79,97,37.4,0,49,0,0,129,81,15,0
76,96,36.4,0,73,0,0,124,73,15,0
73,97,37.2,0,85,1,2,123,67,13,0
144,92,39.4,0,55,2,1,140,93,24,2
129,91,38.8,0,40,0,0,145,83,23,2
66,96,36.7,0,82,1,0,99,84,15,0
70,98,36.8,0,52,1,1,119,70,14,0
135,87,39.6,0,90,0,0,116,84,25,2
133,91,38.7,0,62,0,0,143,79,23,2
111,95,37.8,0,18,0,0,133,77,20,1
74,98,36.8,0,56,0,0,130,70,14,0
68,98,36.7,0,21,1,1,128,72,13,0
89,96,36.2,0,58,2,2,118,81,15,1
59,96,36.4,0,61,0,0,122,69,16,0
67,98,36.8,0,42,0,0,122,77,17,0
63,96,36.8,0,76,1,0,107,75,17,0
65,95,37.3,0,50,3,4,101,69,13,0
79,99,36.8,0,65,1,2,117,70,12,0
138,86,38.8,0,90,0,2,140,74,23,2
71,97,36.1,0,42,0,0,126,70,16,1
143,90,38.7,0,57,3,3,159,74,24,2
65,96,36.2,0,60,1,2,142,69,14,1
147,87,39.4,0,28,0,0,141,90,20,2
108,92,36.5,0,74,2,1,136,67,17,1
67,99,36.8,0,86,0,0,119,77,12,0
81,99,36.1,0,32,0,1,111,75,13,1
119,88,39.2,0,69,0,0,157,79,27,2
140,82,38.7,0,44,0,0,124,76,27,2
68,99,37.0,0,19,0,1,122,71,15,0
64,96,37.1,0,33,0,0,123,85,15,0
100,90,36.6,0,37,0,0,130,73,22,1
77,94,36.3,0,42,0,0,123,77,15,1
79,100,36.2,0,28,1,2,111,71,16,1
80,98,36.9,0,49,0,1,107,77,16,0
70,96,37.0,0,69,1,0,135,76,15,0
79,93,36.4,0,83,1,2,118,68,16,1
123,85,39.1,0,60,1,1,167,88,23,2
69,97,36.5,0,74,0,0,102,74,16,0
110,95,38.0,0,88,0,0,127,70,20,1
69,97,36.7,0,68,1,1,118,75,14,0
66,96,37.0,0,35,0,0,116,78,17,0
75,99,36.3,0,19,1,2,122,80,12,1
139,90,39.3,0,38,1,1,120,87,21,2
72,94,36.4,0,67,0,0,104,69,14,1
78,97,36.6,0,53,0,0,117,81,13,0
74,97,36.9,0,55,0,0,112,70,16,0
73,95,36.7,0,21,1,0,127,80,13,0
66,93,36.9,0,32,1,1,115,78,17,1
106,95,36.8,0,26,0,0,133,76,22,1
94,96,37.3,0,60,0,1,127,83,21,0
112,89,37.6,0,76,1,0,134,81,21,2
94,90,37.5,0,19,2,1,144,78,17,1
81,98,36.9,0,55,0,1,117,79,13,0
139,85,38.5,1,90,0,0,140,84,28,2
115,95,37.3,0,63,2,2,136,84,17,1
108,94,37.8,0,23,1,1,143,88,18,1
72,96,36.4,0,80,0,0,129,71,16,0
147,93,38.8,0,60,0,0,163,91,28,2
63,95,36.5,0,45,1,1,135,75,17,0
70,96,36.8,0,53,0,1,117,67,13,2
132,90,39.3,0,18,1,2,121,91,23,2
73,98,37.1,0,88,1,1,123,82,14,0
73,97,36.3,0,68,0,0,119,62,14,1
104,98,37.4,0,69,0,0,124,75,19,1
77,95,36.4,0,86,2,2,117,71,13,1
74,96,36.4,0,59,0,0,125,72,15,0
76,95,36.3,0,63,1,1,117,79,16,1
69,97,36.5,0,85,1,0,108,79,19,0
134,84,39.7,0,42,0,0,149,79,26,2
70,96,36.3,0,34,0,0,106,73,18,1
62,98,36.9,1,66,1,0,123,79,15,2
74,99,36.9,0,37,0,0,99,75,13,0
72,95,36.6,0,67,0,0,118,71,14,0
107,91,37.4,0,40,1,0,119,79,21,1
97,89,38.2,0,45,2,2,123,86,21,2
71,96,36.8,0,55,0,0,100,69,14,0
74,96,35.7,0,30,1,1,102,77,13,1
100,87,38.6,0,35,0,0,146,75,16,2
91,92,36.9,0,58,0,0,132,73,19,1
75,98,36.9,0,68,0,0,119,74,15,0
61,100,37.1,0,62,1,0,107,83,15,0
75,100,36.6,0,60,0,2,124,75,16,0
78,95,36.1,0,42,0,0,129,68,14,1
81,99,36.2,0,82,0,0,109,75,15,1
77,98,37.3,0,62,0,0,106,74,14,0
72,95,36.7,0,22,0,0,116,81,13,0
130,87,39.5,0,38,0,0,150,96,24,2
96,93,37.3,0,39,0,0,144,89,20,1
65,94,36.5,0,83,0,0,106,83,16,1
100,92,37.1,0,49,0,0,133,93,17,1
109,97,37.2,0,76,0,0,128,84,19,1
106,97,38.1,0,29,1,1,139,80,20,1
142,86,37.8,0,62,2,2,124,71,25,2
106,95,36.9,0,38,1,1,133,90,17,1
121,90,36.6,0,50,0,0,151,75,20,1
68,99,36.7,0,89,0,0,121,77,15,0
113,93,37.0,0,88,1,1,132,76,20,1
100,96,37.4,0,41,1,1,131,75,20,1
89,98,36.6,0,27,1,1,133,78,12,0
73,96,36.5,0,71,1,1,119,77,13,0
69,95,36.8,0,19,1,2,137,63,13,0
136,86,38.9,0,57,1,1,139,92,17,2
95,91,37.5,0,23,0,0,151,71,23,1
72,100,37.1,0,22,1,1,116,72,13,0
110,94,37.1,0,86,0,0,128,62,19,1
108,92,37.8,0,80,1,1,138,82,16,1
78,95,36.7,0,64,0,0,105,83,15,0
83,95,36.6,0,23,2,2,111,73,17,0
81,90,36.2,0,79,4,7,111,72,11,1
71,94,36.9,0,86,1,0,117,77,17,1
104,92,38.6,0,51,0,0,157,75,17,1
103,91,37.0,0,42,1,1,125,84,21,1
100,92,36.8,0,28,1,0,153,83,16,1
72,95,36.2,0,28,1,1,119,70,14,1
137,88,38.7,0,29,0,0,135,83,25,2
69,97,36.3,0,44,1,1,120,74,15,1
105,88,37.0,0,40,1,0,127,84,20,2
78,100,36.5,0,26,0,0,109,81,15,0
113,86,38.6,0,53,0,0,145,94,29,0
130,87,37.9,1,76,0,0,156,80,27,2
125,86,39.0,0,40,0,0,167,83,20,2
69,99,36.8,0,86,0,1,96,75,18,0
131,96,39.3,0,84,1,0,143,73,24,2
63,94,36.8,0,45,0,0,105,65,13,1
115,98,37.5,0,20,0,0,144,68,17,1
80,97,36.4,0,66,0,0,108,76,14,0
94,99,36.0,0,58,1,2,153,79,19,1
69,97,36.7,0,50,1,1,129,77,17,0
165,85,38.9,0,87,2,3,160,73,29,2
64,94,36.4,0,21,2,3,124,77,13,1
80,95,36.8,1,87,1,2,105,69,15,2
98,94,37.1,0,45,0,0,134,67,19,1
98,96,37.3,0,63,0,0,130,83,20,1
110,92,37.8,0,48,0,1,127,76,21,1
77,95,37.1,0,54,2,1,124,83,14,0
66,96,36.1,0,26,1,0,102,68,13,1
79,95,36.9,0,69,1,2,128,76,15,0
106,95,37.3,0,19,1,1,128,92,18,1
68,96,36.7,0,85,0,0,116,73,16,0
81,97,36.8,0,20,1,2,108,88,15,0
90,94,37.5,0,34,2,5,127,75,16,1
96,94,37.0,0,56,1,2,140,67,18,1
65,98,36.9,0,20,0,0,111,66,16,0
67,96,36.7,0,40,2,3,124,79,16,0
95,89,37.6,0,21,1,1,127,83,18,2
85,91,37.9,0,28,0,0,115,95,17,1
71,97,36.4,0,61,2,2,109,72,16,0
65,96,36.3,0,29,0,0,124,63,15,1
85,89,36.6,0,88,2,2,141,64,21,2
118,95,37.8,0,29,2,1,143,79,19,1
70,96,36.4,0,38,0,0,114,71,16,0
69,98,36.8,0,71,0,0,126,74,12,0
86,94,37.4,0,50,0,0,116,89,16,1
82,96,36.3,0,85,0,0,126,69,17,1
76,95,36.8,0,67,0,0,114,74,16,0
72,97,36.1,0,65,1,0,121,69,14,1
73,93,36.5,0,81,2,2,120,81,15,1
58,96,37.2,0,30,0,0,118,63,14,0
100,94,37.8,0,18,2,3,137,79,18,1
68,97,36.9,0,19,1,1,138,77,15,0
106,92,37.4,0,50,0,0,135,80,19,1
78,97,36.5,0,72,1,2,123,79,15,0
136,83,38.3,0,35,0,1,144,91,26,2
66,97,36.9,0,42,0,0,121,69,14,0
78,93,36.9,0,57,2,2,114,74,16,1
124,95,39.2,0,36,0,0,138,74,20,2
71,94,36.3,0,23,0,0,117,83,13,1
99,92,37.6,0,52,1,1,130,74,20,1
113,93,37.0,0,63,2,1,136,79,15,1
125,96,37.4,1,85,2,2,123,69,20,2
67,97,36.4,0,42,0,0,130,83,13,1
121,85,38.3,0,27,0,0,129,84,26,2
72,99,36.5,0,82,0,0,95,76,15,0
64,92,36.2,0,41,2,3,99,91,14,1
87,98,36.4,0,74,0,0,109,70,13,0
83,95,36.8,0,50,2,3,111,77,13,0
69,96,36.9,0,53,0,2,110,71,14,0
108,90,37.9,0,73,1,2,129,82,17,1
81,96,36.6,0,81,1,0,135,71,13,0
74,97,36.4,0,60,1,1,114,82,14,0
94,96,36.5,0,25,0,0,121,87,16,0
111,94,36.9,0,80,0,0,115,83,17,1
65,98,36.4,0,88,0,0,118,77,15,0
136,79,38.4,0,22,2,2,140,72,23,2
146,89,38.1,0,89,0,0,139,77,24,2
82,95,36.7,0,80,1,1,122,83,13,0
72,96,36.7,0,41,0,0,122,66,15,0
163,84,39.1,0,55,0,0,147,86,25,2
72,97,36.5,0,57,0,0,102,82,17,0
73,96,36.9,0,27,0,0,112,76,14,0
70,94,36.7,0,51,2,2,128,75,14,1
86,97,36.8,0,59,2,3,110,73,12,0
72,96,35.7,0,54,0,1,132,70,15,1
76,98,36.7,0,80,1,0,129,72,15,0
69,97,37.1,0,67,0,0,145,73,16,1
132,85,39.1,0,55,2,2,139,82,21,2
116,97,37.8,0,79,1,1,122,69,18,1
77,97,37.0,0,53,2,1,119,77,15,0
80,96,36.6,0,84,2,2,122,79,16,1
102,98,36.9,0,26,0,0,115,79,17,1
70,94,36.8,0,84,0,0,114,69,14,1
69,99,36.6,0,27,1,0,120,84,15,0
131,89,36.6,0,78,2,3,130,83,17,2
76,98,37.1,0,48,0,1,121,78,15,0
75,99,36.8,0,19,0,1,128,74,14,0
70,95,37.6,1,55,2,3,121,76,14,0
89,92,37.6,0,72,0,0,142,70,21,1
107,90,37.5,0,60,1,1,134,84,16,1
106,90,36.9,0,68,0,0,154,79,18,1
144,82,37.8,0,70,2,2,135,97,22,2
98,94,37.3,0,31,0,0,130,87,20,1
76,97,36.9,0,50,0,0,109,78,15,0
79,97,37.0,0,89,2,1,122,76,15,1
81,94,36.9,0,60,2,2,114,80,13,1
62,96,37.0,0,50,1,1,101,82,15,0
76,94,36.9,0,87,2,2,114,80,13,1
96,95,37.9,0,27,0,0,141,88,19,1
82,97,37.2,0,27,0,0,136,68,15,0
149,92,38.5,0,64,3,5,164,84,29,2
73,97,37.1,0,49,0,0,120,70,13,0
135,88,38.8,0,64,1,1,154,90,25,2
73,99,36.4,0,57,0,0,142,62,16,1
79,98,37.0,0,28,1,2,119,81,13,0
70,95,36.6,0,31,1,2,122,69,15,0
101,96,37.7,0,70,0,0,145,80,21,1
76,99,37.4,0,23,1,1,133,73,13,0
67,98,36.3,0,26,1,0,112,70,13,1
84,96,36.2,0,40,2,2,126,80,14,1
131,86,37.6,0,89,0,0,160,78,17,2
71,94,37.3,0,44,0,0,123,86,16,1
117,94,37.3,0,45,1,3,143,78,18,1
69,95,36.3,0,44,2,5,111,80,17,1
103,91,37.0,0,60,1,2,132,76,20,1
104,91,36.8,0,24,0,0,136,85,18,1
113,92,37.8,0,80,3,5,115,89,21,1
74,97,36.4,0,58,0,0,123,74,13,0
64,96,37.1,0,62,1,0,132,73,16,0
112,92,36.9,0,39,1,2,129,82,17,1
67,97,36.6,0,58,1,2,121,78,12,0
99,94,37.2,0,67,2,3,126,78,20,1
102,92,37.5,0,30,0,0,123,74,19,1
118,92,37.8,0,20,1,1,129,80,19,2
123,94,37.4,0,32,0,1,112,79,21,1
73,94,36.6,0,56,0,0,93,71,12,1
112,95,37.0,0,54,2,2,157,78,19,1
130,86,39.3,0,41,1,1,156,82,22,2
70,98,36.6,0,39,1,1,122,85,14,0
76,98,36.6,0,24,1,1,99,70,16,0
71,98,37.2,0,69,0,0,97,78,17,0
102,95,36.7,0,65,1,3,119,68,17,1
101,90,36.8,0,19,3,2,155,71,20,1
138,91,38.5,0,86,0,0,117,88,29,2
63,96,36.8,0,35,0,0,143,80,16,1
79,95,37.3,0,63,4,6,125,78,17,0
97,91,36.9,0,27,3,3,122,71,20,1
88,97,37.4,0,32,1,3,122,75,21,0
70,97,37.4,0,81,0,0,126,69,13,0
139,86,37.4,0,73,0,0,140,82,24,2
70,95,36.7,0,19,2,2,114,76,15,0
65,100,36.9,0,33,0,0,118,65,14,0
98,95,37.4,0,37,0,0,134,72,19,1
67,97,36.7,0,59,3,4,124,86,14,0
75,97,36.2,0,76,1,1,116,70,15,1
110,91,36.9,0,19,4,4,144,75,19,1
71,95,36.9,0,69,1,1,119,76,14,0
76,94,36.2,0,52,1,0,113,75,14,1
106,95,37.0,0,25,1,2,126,69,19,1
84,95,37.1,0,43,0,0,120,77,14,0
87,96,36.7,0,76,2,3,114,71,16,1
102,95,36.6,0,60,0,0,132,67,23,1
118,91,38.0,0,62,1,2,125,77,23,1
103,92,37.1,0,26,2,0,119,66,19,1
91,97,37.8,0,43,1,2,115,78,14,0
111,96,36.8,0,25,0,0,115,85,19,1
60,97,36.5,0,43,1,3,131,78,16,1
98,99,37.8,0,57,0,0,121,71,17,1
122,88,38.0,0,41,0,0,145,85,23,2
71,98,37.0,0,64,1,0,130,70,14,0
73,95,36.5,0,71,0,0,110,73,14,0
143,89,39.2,0,34,1,0,144,73,29,2
72,97,36.6,0,33,0,0,140,77,14,1
135,89,39.2,0,57,0,0,150,90,23,2
94,97,37.7,0,55,0,0,139,69,17,0
77,93,36.3,0,85,1,2,119,67,14,1
69,96,36.7,0,29,0,0,122,71,11,0
72,95,36.6,0,75,0,1,112,74,14,2
63,95,36.8,0,75,1,0,97,69,13,0
70,95,36.3,0,66,1,0,119,71,15,1
135,87,38.0,1,67,0,0,135,73,25,2
131,91,36.7,0,59,1,2,113,72,23,2
75,94,37.3,0,50,2,2,99,81,13,1
104,96,37.2,0,19,2,2,132,68,20,1
80,97,37.2,0,23,0,0,116,81,16,0
113,91,38.0,0,18,1,4,122,73,19,1
103,94,37.4,0,78,1,0,125,78,17,1
141,84,38.8,0,90,0,0,128,83,19,2
77,97,36.7,0,57,0,0,110,82,14,0
99,96,38.2,0,74,1,3,106,74,17,1
58,96,36.3,0,37,0,0,126,86,14,1
109,95,37.7,0,18,0,0,153,83,18,1
64,99,37.2,0,49,1,1,98,73,13,0
71,95,36.3,0,22,3,3,119,92,14,1
78,97,36.4,0,79,0,1,118,66,14,0
66,97,37.2,0,38,3,4,108,83,14,0
80,95,36.4,0,77,2,2,100,80,16,1
71,97,36.4,0,77,0,0,125,73,14,0
124,90,38.5,0,34,0,0,135,79,21,1
74,99,36.4,0,22,1,0,127,71,11,0
84,97,36.5,0,67,1,1,96,83,14,0
72,97,36.8,0,53,0,0,114,69,17,0
99,91,38.1,0,21,0,0,134,74,20,1
108,95,37.4,0,28,1,1,126,83,20,1
150,90,38.0,0,21,1,2,135,86,27,0
112,93,37.5,0,83,0,1,131,75,18,1
138,80,38.2,0,69,0,0,152,69,25,2
75,98,36.1,0,84,1,2,119,77,14,1
98,92,37.5,0,64,0,0,132,76,19,1
68,94,37.1,0,67,0,0,109,75,14,1
108,95,38.3,0,26,2,2,124,81,16,1
103,93,38.1,0,61,0,0,121,77,16,1
70,96,36.5,0,87,0,0,127,77,14,0
85,88,37.6,0,71,1,1,128,81,16,2
100,94,36.6,0,40,1,2,115,85,23,1
97,93,38.4,0,74,0,0,125,96,17,1
66,92,37.2,0,30,2,2,104,78,15,1
129,83,37.5,0,39,2,3,123,100,20,2
71,96,36.2,0,77,1,1,123,82,16,1
74,95,36.4,0,34,0,0,107,74,14,0
71,100,36.9,0,44,0,0,115,74,15,0
135,84,39.3,0,63,1,0,132,77,24,2
69,96,36.6,0,87,0,0,115,78,15,0
139,80,38.2,0,86,1,1,135,78,22,2
107,90,37.4,0,36,2,1,157,76,17,1
78,97,37.1,0,58,1,1,117,70,15,0
71,97,36.5,0,69,1,0,122,65,16,0
83,94,36.8,0,87,2,3,115,62,12,1
71,97,36.8,0,40,0,0,106,75,13,0
67,97,37.2,0,29,0,0,134,72,14,0
80,97,37.1,0,77,0,0,113,73,14,0
76,97,36.7,0,38,0,1,124,75,16,0
99,92,36.8,0,44,1,1,121,69,19,1
78,95,36.7,0,47,2,2,119,70,16,0
100,88,37.1,0,64,0,1,128,78,18,2
101,93,37.6,0,69,4,5,122,74,24,1
141,88,38.8,0,81,1,1,138,90,20,2
73,97,36.7,0,48,1,0,106,69,13,0
75,97,36.3,0,75,1,1,113,78,14,1
67,95,36.2,0,65,0,0,119,73,15,2
107,92,36.8,0,89,3,4,129,73,19,1
92,93,37.7,0,37,2,4,139,79,19,1
63,94,37.1,0,87,1,0,108,71,14,1
138,93,40.4,0,65,1,2,134,84,24,2
70,97,36.4,0,42,1,1,101,76,17,0
75,96,36.6,0,48,2,3,116,72,12,0
148,87,38.7,0,82,1,3,165,94,28,2
129,84,38.7,0,47,1,1,159,81,22,2
147,86,39.3,0,34,1,1,139,90,23,2
107,97,37.4,0,40,1,2,111,81,22,1
70,94,37.1,0,25,3,5,112,76,15,1
77,94,37.0,0,64,0,0,118,70,14,1
105,92,37.7,0,43,0,0,138,76,21,1
116,96,38.0,0,81,2,2,134,83,17,1
83,98,36.9,0,70,1,1,122,78,12,0
63,97,36.8,0,62,0,0,124,75,15,0
76,98,37.0,0,40,0,0,109,72,12,0
93,95,36.8,0,55,2,2,129,71,16,0
76,96,37.1,0,54,0,1,109,67,15,0
84,97,37.1,0,81,2,1,106,81,14,1
67,97,36.9,0,18,0,0,123,89,17,0
144,88,39.1,0,37,0,0,142,87,16,2
127,85,37.9,0,63,2,1,146,82,21,2
67,96,36.8,0,83,0,0,112,72,15,0
63,97,37.1,0,45,2,2,103,81,14,0
140,92,38.8,0,77,0,1,139,95,20,2
102,95,37.1,1,64,0,1,137,86,21,2
82,94,36.7,0,20,0,0,126,87,16,1
79,96,36.8,0,87,1,2,108,78,14,0
76,94,36.4,0,31,1,2,108,81,14,2
72,96,36.7,0,73,1,1,135,67,16,0
108,94,37.4,0,39,0,0,113,76,17,1
113,96,37.6,0,65,1,0,152,84,17,1
136,81,38.0,0,86,0,1,152,80,26,2
123,92,37.7,0,30,0,1,147,74,18,1
128,87,38.2,0,81,0,0,148,77,28,2
98,97,37.4,0,65,2,2,133,87,18,1
91,96,37.6,0,27,0,1,115,77,25,1
117,96,36.3,0,47,1,0,129,84,20,0
57,94,36.3,0,23,0,0,101,72,15,1
64,95,36.8,0,65,0,0,121,75,16,0
67,93,36.3,0,47,0,0,127,69,13,1
58,96,37.0,0,28,0,0,113,75,13,0
66,95,37.0,0,52,0,1,110,76,13,0
106,93,37.8,0,65,1,2,134,84,16,1
71,95,36.3,0,44,2,2,116,74,14,1
113,87,37.4,0,29,0,0,119,69,21,2
70,95,36.3,0,34,2,3,117,75,14,1
71,96,36.1,0,38,1,0,127,76,13,1
133,87,39.8,0,18,2,1,119,92,27,2
74,95,36.3,0,37,1,3,114,64,13,1
131,96,38.2,0,30,2,3,138,88,22,2
91,92,37.6,0,37,1,0,110,75,20,1
67,96,36.7,0,38,1,0,128,75,16,0
132,88,39.0,0,81,2,0,152,100,25,2
145,82,38.1,0,49,1,1,131,88,24,2
154,94,37.7,0,68,0,0,153,81,26,2
117,93,37.4,1,82,2,2,152,79,20,2
96,93,37.2,0,42,2,2,132,65,18,1
111,92,37.2,0,19,0,0,144,75,16,1
132,87,36.9,0,27,1,0,112,88,18,2
97,95,37.3,0,51,0,0,123,76,15,1
72,95,37.0,0,68,1,1,112,57,13,0
66,95,36.8,0,26,2,1,106,71,14,0
94,94,37.4,0,48,0,0,143,77,20,1
128,89,38.9,0,65,0,0,158,81,26,2
109,90,37.3,0,25,4,5,146,74,17,1
118,88,38.7,0,78,0,2,148,82,25,2
150,96,38.7,0,65,1,1,149,112,17,2
135,90,38.7,0,64,4,7,138,86,19,2
69,99,36.5,0,63,0,2,113,74,15,0
103,90,37.3,0,87,1,0,131,89,16,1
113,91,37.1,0,33,0,0,112,81,21,1
72,98,36.2,0,88,2,4,110,75,14,1
95,99,37.9,0,25,2,4,134,86,21,1
69,95,36.9,0,47,2,2,135,73,13,0
75,95,37.0,0,26,0,0,127,77,15,0
77,96,37.0,0,37,0,0,127,73,17,0
81,95,36.8,0,38,2,2,113,76,14,0
135,84,37.3,0,56,1,2,140,84,23,2
108,96,37.3,0,20,3,3,136,80,18,1
62,97,37.3,0,47,0,0,113,75,14,0
68,95,36.1,0,89,1,1,131,65,14,1
73,98,36.8,0,54,0,1,124,76,16,0
80,99,36.5,0,67,0,0,124,86,15,0
72,97,36.9,0,65,0,0,109,77,15,0
136,87,39.0,0,40,0,0,114,72,28,2
75,97,36.4,0,42,1,2,111,70,15,0
73,96,36.5,0,73,0,0,119,77,15,0
108,91,37.7,0,90,0,0,135,84,18,1
70,96,36.9,0,19,1,1,113,73,14,0
71,97,36.8,0,27,0,0,129,78,14,0
73,97,37.2,0,30,0,0,126,81,14,0
140,83,37.5,0,60,0,0,129,87,24,2
115,91,37.5,0,64,0,1,143,69,20,1
88,91,37.9,0,48,0,0,152,81,20,1
76,99,36.8,0,88,0,0,127,62,15,0
126,86,38.3,0,66,0,0,157,76,19,2
64,96,36.9,0,61,0,0,131,69,14,0
98,100,36.8,0,23,1,0,135,78,19,1
87,96,37.2,0,23,0,0,120,80,17,0
79,96,36.6,0,47,0,2,115,72,14,0
61,98,36.5,0,47,1,0,115,76,15,0
121,90,36.8,0,60,0,0,146,79,19,1
70,95,36.6,0,43,0,1,131,73,12,0
114,98,37.1,0,88,1,2,148,78,21,1
98,91,36.6,0,70,0,0,125,76,14,1
116,93,36.9,0,33,0,0,128,71,19,1
78,96,36.1,0,82,2,3,116,75,15,2
101,93,37.0,0,71,1,0,114,83,19,1
64,97,36.7,0,72,0,0,119,74,14,0
80,97,36.6,0,71,1,0,115,79,15,0
80,95,36.6,0,31,0,0,114,66,12,0
66,95,36.4,0,28,1,2,103,71,17,0
131,88,39.3,0,84,0,0,145,73,28,2
63,98,36.7,0,31,1,2,109,86,16,0
73,96,36.2,0,20,3,6,108,74,13,1
93,88,37.5,0,90,1,0,136,72,21,2
69,99,37.0,0,24,1,0,133,80,16,0
78,98,37.0,0,70,0,0,133,82,14,0
71,98,36.7,0,63,0,0,123,75,13,0
81,97,36.9,0,43,0,0,109,78,14,0
142,86,38.9,0,22,1,1,164,92,25,2
118,96,37.5,0,29,0,0,105,78,21,1
65,97,36.8,0,64,0,1,120,58,16,0
79,93,36.8,0,69,3,4,123,80,14,1
99,94,37.2,0,86,0,0,131,83,18,1
83,96,36.7,0,52,1,0,100,81,13,0
83,100,36.8,0,80,0,0,121,70,19,0
76,98,36.8,0,43,0,0,121,81,18,0
86,87,37.6,0,47,2,1,143,85,18,2
153,93,38.6,0,70,3,3,112,91,22,2
106,94,37.3,0,58,0,0,140,67,23,1
71,96,36.7,0,21,0,0,106,69,16,0
71,97,36.7,0,45,1,1,125,65,11,0
126,87,38.2,0,30,1,2,139,86,22,2
129,84,38.0,0,40,1,1,152,83,26,2
67,96,36.0,0,21,1,0,121,59,12,1
144,94,38.1,0,49,1,0,137,87,23,2
101,90,38.1,0,75,0,1,114,72,15,1
71,99,37.0,0,68,0,0,103,70,14,0
98,92,37.7,0,63,0,0,134,76,20,1
94,94,37.7,0,75,2,2,111,72,16,1
78,95,36.8,0,21,0,0,122,69,14,0
69,96,36.3,0,22,0,0,113,76,14,1
62,97,36.9,0,78,0,0,105,74,15,0
64,97,37.2,0,46,0,0,111,82,12,0
94,95,37.2,0,31,0,0,166,74,21,1
74,96,36.9,0,30,0,0,109,62,16,0
70,96,36.9,0,34,1,2,116,80,14,0
135,86,38.9,0,33,1,3,135,81,28,2
73,94,37.2,0,83,0,0,107,72,13,1
79,98,36.4,0,43,1,2,102,78,14,0
137,86,38.6,0,37,0,0,155,76,24,2
117,96,37.2,0,43,3,3,136,82,19,1
142,87,38.6,0,52,0,0,130,89,23,2
75,97,36.5,0,51,1,0,116,75,15,0
95,92,37.6,0,36,0,0,124,56,21,1
109,93,37.0,0,68,0,0,148,76,14,1
109,93,37.2,0,88,1,2,143,86,15,1
64,94,36.8,0,79,0,0,122,70,15,1
109,92,37.8,0,75,0,0,132,100,16,1
98,91,37.7,0,37,3,3,127,79,22,1
103,95,38.4,0,89,1,1,137,80,19,1
72,97,36.8,0,24,0,0,127,71,14,0
102,94,37.6,0,64,0,0,136,81,19,1
101,89,37.8,1,84,2,2,146,61,20,2
103,93,37.3,0,71,0,0,137,78,17,1
96,90,37.2,0,88,1,0,118,90,19,1
119,91,37.2,0,81,0,0,137,84,27,1
134,80,39.0,0,67,0,0,167,88,20,2
75,97,36.7,0,19,0,0,122,77,16,0
108,89,37.5,0,30,2,3,142,77,19,2
103,94,36.6,0,42,1,1,135,60,18,1
108,93,37.3,0,28,1,3,140,81,19,1
65,99,36.7,0,23,0,0,112,89,10,0
115,87,37.0,0,78,1,2,141,85,17,2
68,98,37.0,0,28,1,1,118,77,11,0
128,83,37.8,0,63,1,1,155,64,20,2
76,97,37.1,0,64,0,0,120,68,14,0
75,98,37.0,0,35,1,2,117,64,13,0
100,94,37.2,0,26,0,0,126,75,20,1
103,94,37.3,0,63,1,1,139,88,17,1
62,96,37.4,0,51,2,0,116,83,13,0
72,98,36.8,0,18,0,0,116,63,14,0
72,95,36.7,0,23,2,3,119,72,16,0
72,97,36.9,1,85,2,1,119,75,15,2
64,95,36.6,0,52,0,0,120,68,14,0
145,88,38.3,0,58,0,0,130,69,24,2
130,82,38.8,0,26,1,1,141,68,19,2
85,96,36.7,0,21,0,0,113,78,13,0
119,88,38.8,0,30,2,2,149,94,23,2
63,98,36.8,0,54,0,0,109,78,15,0
116,92,37.5,0,65,3,5,142,82,16,2
104,87,37.1,0,75,3,3,127,80,19,2
113,88,37.1,0,40,2,6,131,79,15,2
136,88,38.5,0,50,0,0,142,88,25,2
99,90,37.0,0,82,1,1,140,75,22,1
69,92,36.7,0,28,3,4,122,78,13,1
126,86,37.8,0,89,0,0,145,79,26,2
108,87,37.3,0,19,0,0,134,75,19,2
133,93,37.4,0,21,0,1,150,89,21,2
142,84,39.2,0,31,0,0,141,89,17,2
97,91,37.2,0,82,1,1,134,84,20,1
71,97,36.0,0,26,0,0,128,73,16,1
111,91,37.0,1,82,0,0,119,78,17,2
84,92,37.7,0,44,0,0,134,76,19,1
76,97,36.8,0,44,0,0,113,82,15,0
82,95,36.4,0,23,1,0,122,76,16,0
84,98,36.0,0,72,2,2,152,80,14,2
141,83,38.9,0,77,1,2,143,68,23,2
74,96,36.6,0,54,0,0,103,78,14,0
134,85,38.8,0,49,1,0,141,81,18,2
110,93,37.1,0,59,0,1,118,97,17,0
114,92,37.6,0,30,0,1,131,83,18,1
74,95,36.5,0,54,0,0,118,75,15,0
153,87,38.9,0,61,0,0,154,73,25,2
135,94,38.3,0,50,1,0,137,90,22,2
91,91,37.6,0,26,0,0,129,77,18,1
78,97,36.9,0,51,1,0,110,74,15,0
99,93,36.8,0,76,4,7,127,84,20,1
106,98,37.7,0,45,0,0,144,88,22,2
108,91,37.2,0,84,3,4,150,83,19,1
72,96,36.8,0,45,1,0,121,81,16,0
142,94,38.5,0,43,0,0,161,95,27,2
89,95,37.3,0,83,1,1,126,81,16,0
85,96,36.4,0,55,0,0,130,74,14,0
73,97,36.9,0,18,0,1,112,75,13,0
101,92,37.9,0,60,0,0,140,80,16,1
77,95,36.8,0,62,2,3,122,81,14,0
113,97,37.8,0,59,2,1,139,82,15,1
105,96,36.9,0,40,0,0,111,85,21,1
76,97,36.5,0,54,1,1,117,75,14,0
72,97,37.2,0,87,0,0,122,64,12,0
135,84,38.0,0,20,0,0,166,87,24,2
108,93,37.5,0,75,1,2,112,76,20,1
135,91,38.4,0,49,0,0,143,86,26,2
86,93,36.5,0,57,2,3,106,79,17,1
68,97,36.4,0,75,0,0,132,85,17,0
78,98,36.4,0,45,0,2,112,75,12,0
117,93,36.4,0,20,1,0,138,80,16,1
140,91,39.3,0,82,1,2,124,87,28,2
95,94,37.3,0,49,0,0,145,82,19,1
140,87,37.4,0,79,1,1,152,86,24,2
80,99,37.0,0,40,0,0,131,77,13,0
91,96,36.9,0,68,1,0,141,78,16,1
138,93,38.1,0,49,0,0,161,96,27,2
92,95,36.9,0,24,0,0,130,76,19,0
80,100,36.8,0,61,1,2,112,81,17,0
108,94,37.1,0,18,0,0,132,79,14,1
88,96,36.7,0,75,0,0,116,81,14,0
92,95,37.4,0,29,1,2,161,77,15,1
86,96,36.9,0,25,1,1,113,74,14,0
111,93,38.3,0,88,1,1,121,85,19,1
118,92,36.4,0,26,2,2,115,84,20,1
75,95,36.1,0,48,1,1,110,76,16,1
71,96,36.8,0,47,0,0,119,69,15,0
97,91,36.9,0,73,1,0,137,87,19,1
63,96,36.5,0,49,0,0,123,73,13,0
70,97,36.4,0,67,0,0,110,71,17,0
66,95,36.6,0,43,2,2,128,68,15,0
67,96,37.0,0,90,0,0,123,71,15,0
137,90,38.9,0,69,1,0,127,80,25,2
77,99,36.6,0,77,0,0,107,85,17,0
130,86,38.2,0,68,1,2,144,89,23,2
104,96,37.2,1,43,1,1,132,87,22,2
154,80,39.9,1,63,4,6,147,86,22,2
144,85,38.2,0,19,1,1,140,80,27,2
62,98,37.1,0,19,0,0,114,69,14,0
74,98,37.1,0,86,0,0,119,73,15,0
149,88,38.4,0,87,0,1,167,83,22,2
107,93,36.6,0,28,2,4,129,86,18,1
132,89,38.5,0,46,1,2,171,85,25,2
83,97,36.8,0,73,1,1,114,89,15,0
70,95,36.5,0,81,1,1,98,79,16,0
70,99,36.7,0,22,0,0,127,71,15,0
77,98,37.3,0,19,0,0,140,79,10,1
97,96,37.1,0,54,0,0,131,85,18,1
97,92,37.5,0,47,0,1,137,86,19,1
119,92,37.4,0,42,0,0,137,75,18,1
66,96,36.7,0,68,1,0,108,74,17,0
128,88,39.3,0,55,3,4,143,82,23,2
75,96,36.0,0,27,1,3,115,76,13,1
74,98,37.0,0,18,0,1,133,80,14,0
98,90,38.0,0,47,2,2,139,75,21,1
96,94,36.5,0,22,1,3,125,69,17,1
65,96,37.0,0,40,1,0,103,66,16,0
73,96,36.5,0,75,0,0,98,69,16,0
75,96,37.0,0,71,1,0,119,69,14,0
113,94,38.3,0,82,2,3,138,73,17,1
75,95,36.9,0,62,1,1,136,80,12,0
79,93,36.3,0,82,1,2,128,94,16,1
68,96,36.4,0,62,2,2,117,73,16,0
132,83,39.6,0,88,1,1,162,79,26,2
74,96,37.0,0,88,0,1,148,72,16,1
70,94,36.6,0,76,1,1,101,83,16,1
86,95,36.3,0,46,0,0,107,67,14,1
72,95,36.5,0,36,0,0,108,79,15,0
109,95,36.9,0,40,1,0,135,72,19,1
108,94,37.4,0,21,1,1,118,83,16,1
110,92,37.8,1,51,1,1,156,84,22,2
78,96,36.8,0,70,0,0,130,76,14,0
81,97,36.9,0,54,1,0,126,81,15,0
138,79,37.8,0,86,1,1,117,91,17,2
70,97,36.5,0,38,1,1,136,79,13,0
63,96,36.8,0,31,2,2,118,75,17,0
69,95,37.2,0,76,0,0,113,75,14,0
75,94,35.8,0,68,2,2,112,71,16,1
114,87,38.6,0,72,0,0,134,88,21,2
97,96,37.2,0,79,0,0,134,76,19,1
75,98,37.0,0,46,0,0,101,72,16,0
72,96,37.4,0,31,0,0,103,69,14,0
70,95,37.2,0,22,0,0,115,78,17,0
90,93,36.9,0,61,1,2,116,89,19,1
60,97,36.4,0,67,0,0,122,76,15,0
102,91,37.1,0,76,1,2,143,64,18,1
69,95,36.4,0,27,1,1,126,76,14,0
133,86,39.0,0,66,0,0,154,103,27,2
71,97,36.3,0,63,0,1,121,84,15,1
102,98,37.4,0,20,0,0,126,82,18,1
75,97,37.0,0,28,0,0,122,84,16,0
75,95,37.0,0,27,0,0,115,72,17,0
133,87,38.3,0,39,0,1,126,84,24,2
105,96,37.6,0,21,0,1,135,87,19,1
78,94,37.0,0,49,2,3,120,80,15,1
79,99,36.4,0,39,1,2,106,72,14,0
57,94,36.8,0,56,0,0,126,70,13,1
137,88,39.7,0,86,0,0,145,93,28,2
94,95,37.6,0,37,0,0,125,78,17,0
79,96,37.3,0,77,1,0,114,68,15,0
81,96,36.8,0,68,2,4,128,71,13,0
145,83,37.8,0,43,3,1,135,85,30,2
75,97,36.1,0,24,0,0,129,65,15,1
138,88,38.6,0,34,2,3,114,80,24,2
147,90,37.9,0,72,0,0,142,89,22,2
72,94,36.8,0,21,0,0,126,71,16,1
142,86,38.2,0,78,0,0,158,89,23,2
67,97,37.3,0,27,0,0,114,79,15,0
127,86,37.9,0,79,1,3,148,79,19,2
125,89,39.1,0,28,1,1,168,91,25,2
103,95,37.9,0,43,0,0,128,84,20,1
87,98,36.8,0,79,0,0,103,65,15,0
90,89,36.7,0,18,2,3,139,73,18,0
106,90,37.5,0,67,1,0,138,69,20,1
68,95,36.2,0,35,0,0,138,76,13,1
68,93,36.1,0,64,4,6,116,82,15,1
66,95,36.6,0,19,1,0,111,74,15,0
72,98,36.7,0,28,0,0,93,67,13,1
113,92,36.4,0,79,1,0,138,80,22,1
72,100,36.8,0,58,1,1,125,87,17,0
65,97,37.7,0,75,2,4,115,74,14,1
129,86,39.1,0,28,2,2,157,85,23,2
101,92,37.5,0,70,0,0,123,87,19,1
90,93,36.3,0,53,0,0,125,78,18,1
122,82,37.0,0,68,1,0,146,82,25,2
79,98,36.8,0,22,0,0,136,76,16,0
76,96,36.6,0,84,1,2,143,71,14,1
104,95,37.7,0,35,1,1,104,68,20,1
71,96,37.4,0,82,1,0,121,84,12,0
68,99,37.1,0,67,0,0,130,81,18,0
140,83,39.5,0,63,1,2,138,72,19,2
90,97,37.8,0,63,0,0,139,84,18,0
127,93,38.0,0,24,2,2,135,85,18,2
110,93,38.5,0,49,0,0,136,84,16,1
73,95,36.7,0,86,0,0,133,77,15,0
66,97,36.5,0,58,0,0,119,73,14,0
137,84,39.0,0,56,1,1,141,81,31,2
128,92,38.7,0,23,0,0,171,101,25,2
110,96,37.7,0,33,1,3,135,75,16,1
63,93,36.9,0,44,1,0,127,75,16,1
82,95,36.8,0,25,0,0,129,77,12,0
69,95,36.8,0,43,2,2,117,69,16,0
107,95,37.0,0,18,1,2,127,83,16,1
112,94,38.7,0,37,0,0,151,80,19,1
114,93,37.4,0,79,0,0,136,79,15,1
73,97,37.0,0,64,0,1,112,70,15,0
108,94,37.7,0,20,3,3,142,91,16,1
134,81,37.8,0,38,2,2,120,71,19,2
118,96,37.4,0,33,1,0,155,68,26,1
113,93,37.9,0,66,0,0,137,69,18,1
77,95,36.2,0,54,0,2,128,73,14,1
67,96,36.8,0,55,0,0,120,82,13,0
73,99,36.7,0,54,1,0,113,73,11,0
143,92,37.6,0,65,0,0,184,84,26,2
71,94,36.9,0,38,2,4,124,65,15,1
76,96,36.7,0,87,3,3,125,74,14,1
103,90,37.5,0,22,2,1,135,81,19,1
76,96,36.5,0,31,0,0,122,75,14,0
74,96,36.9,0,67,0,0,123,72,15,0
108,91,37.0,0,44,0,0,139,87,18,1
81,94,37.1,0,48,2,4,103,78,14,1
100,91,38.0,0,56,0,0,103,98,18,1
94,93,37.1,0,78,1,1,130,67,19,1
150,80,39.2,0,22,1,1,144,87,20,2
130,84,39.0,0,86,0,1,137,83,24,2
87,97,37.2,0,42,0,0,133,83,16,0
130,85,38.3,0,88,1,0,168,83,18,2
140,83,38.8,0,51,2,2,176,92,20,2
77,96,36.7,0,51,0,0,123,82,17,0
109,91,36.9,0,61,1,1,164,82,17,1
67,96,36.9,0,57,0,0,109,75,15,0
137,92,38.5,0,42,0,0,140,83,27,2
130,85,38.1,0,48,1,1,148,106,20,2
106,93,37.0,0,83,1,0,127,84,20,1
92,90,37.4,0,19,2,2,126,86,17,1
95,91,37.4,0,53,0,0,123,68,16,1
70,97,36.3,0,37,1,1,118,85,15,1
69,98,36.9,0,29,1,0,125,75,17,0
70,93,36.8,0,24,3,4,130,81,16,1
75,96,36.5,0,24,0,1,106,74,15,0
105,96,37.4,0,75,0,0,118,79,19,1
73,97,36.7,0,38,0,1,117,77,16,0
74,95,37.0,0,53,0,0,117,80,15,0
95,100,36.8,0,78,1,2,135,83,18,1
75,96,36.6,0,50,0,0,140,74,17,1
155,87,39.7,0,89,1,2,135,82,26,2
70,97,36.4,0,50,0,0,117,67,14,0
73,95,37.2,0,34,0,0,117,77,14,0
161,81,40.3,0,88,1,1,116,86,24,2
69,96,36.2,0,62,1,1,99,82,14,1
68,96,36.8,0,81,0,1,127,75,14,0
93,86,37.1,0,42,0,1,138,71,17,2
73,96,36.3,0,87,0,0,93,77,14,1
105,91,36.6,0,87,2,3,131,73,20,1
73,98,36.1,0,18,1,0,133,64,15,1
116,91,37.7,0,44,2,2,119,87,20,1
132,91,39.3,0,61,1,0,143,80,27,2
75,97,36.5,0,43,1,2,128,75,13,0
68,99,36.7,0,44,0,0,122,81,15,0
138,93,38.2,0,57,0,0,152,93,18,2
69,96,36.9,0,36,0,0,125,79,15,0
78,97,36.5,0,81,1,1,125,72,14,0
110,93,37.5,0,87,1,0,130,73,20,1
67,96,37.0,0,87,4,7,111,76,17,1
111,92,37.7,0,79,0,0,125,73,19,1
115,91,37.2,0,47,1,1,105,75,16,1
76,98,36.7,0,36,1,1,122,80,14,0
106,92,37.6,0,39,1,0,134,84,19,1
76,99,36.9,0,59,1,1,123,88,15,0
128,91,39.1,0,58,1,3,122,79,24,2
129,91,39.0,0,62,3,3,150,75,24,2
121,88,37.3,0,44,3,4,149,66,19,2
112,92,38.1,0,76,2,1,140,69,18,1
136,91,39.0,0,59,1,1,142,70,18,2
71,97,36.6,0,67,0,0,104,86,16,0
76,96,36.4,0,34,1,0,101,76,16,0
99,97,37.9,1,57,1,0,128,82,22,2
124,83,38.3,0,81,1,2,169,77,20,2
81,92,38.0,0,20,1,2,154,83,22,1
72,96,37.0,0,64,0,0,122,65,16,0
80,95,36.8,0,76,1,1,117,83,15,0
118,90,37.3,0,66,4,4,155,81,19,1
69,95,36.9,0,54,0,0,110,74,14,0
99,91,37.1,0,28,0,0,127,80,17,1
100,93,36.9,0,52,3,5,115,85,17,1
65,96,36.7,0,24,0,0,115,82,15,0
70,97,36.8,0,24,2,3,118,83,16,0
62,93,36.4,0,41,0,0,126,77,16,1
80,97,36.7,0,18,0,0,128,73,14,0
105,97,37.9,0,37,1,2,118,75,21,1
75,94,36.8,0,23,1,0,104,77,15,1
73,94,36.8,0,71,0,2,89,83,16,1
93,97,36.5,0,70,0,0,115,80,13,0
117,93,36.5,0,21,0,0,122,85,20,1
141,95,39.3,0,43,0,0,101,88,35,2
114,93,37.8,0,82,1,1,158,74,17,1
111,97,37.2,0,77,0,1,124,73,16,1
77,98,36.4,0,57,0,0,119,78,12,0
78,96,37.0,0,42,0,0,111,87,13,0
133,88,37.7,0,80,1,0,120,86,25,2
102,92,38.2,0,70,0,0,144,77,20,1
107,95,36.4,0,43,3,5,129,77,17,1
78,93,36.8,0,49,1,0,122,81,14,1
78,94,37.5,0,22,0,0,129,66,21,1
71,95,36.6,0,27,1,3,129,75,16,0
73,96,37.5,0,23,0,1,114,73,15,0
69,96,36.6,0,74,1,1,127,75,14,0
95,95,37.9,0,32,1,2,153,76,19,1
145,94,39.0,0,33,1,2,130,69,25,2
109,93,37.7,0,69,0,0,129,77,17,1
133,84,38.6,0,43,1,2,147,65,24,2
78,97,36.8,0,64,1,1,130,79,14,0
106,95,38.7,0,33,1,2,138,82,22,1
59,92,36.8,0,89,1,2,115,68,15,1
68,97,36.6,0,25,0,0,130,71,12,0
92,96,37.8,0,45,1,2,108,73,19,0
83,97,36.5,0,55,1,3,107,73,12,0
100,94,37.3,0,75,0,0,148,76,17,1
102,93,38.2,0,58,1,0,133,71,18,1
68,96,36.7,0,37,1,1,107,82,14,0
124,94,39.0,0,39,3,4,153,91,21,2
73,97,37.3,0,38,0,0,124,72,16,0
149,90,38.7,0,84,0,0,104,95,24,2
65,97,36.6,0,58,1,0,119,82,15,0
77,94,36.7,0,48,2,4,126,82,12,1
125,88,38.3,0,34,0,0,130,89,25,2
84,96,36.5,0,23,2,3,114,72,15,0
76,93,36.5,0,49,0,0,115,73,15,1
76,96,36.8,0,41,0,0,118,76,15,0
112,96,37.7,0,74,1,1,136,69,20,1
130,87,38.1,0,32,1,0,171,88,23,2
75,97,36.9,0,78,1,1,101,83,14,0
69,97,36.7,0,49,1,0,116,63,15,0
106,95,37.7,0,61,1,2,123,75,20,1
76,97,36.6,0,46,1,1,117,70,17,0
68,96,36.9,0,21,1,2,121,76,16,1
102,97,37.7,0,62,0,0,127,76,20,1
112,91,37.6,0,43,1,0,124,79,16,1
120,100,36.5,0,18,1,0,122,78,21,1
71,98,36.5,0,55,0,0,104,67,17,0
98,92,37.4,0,70,2,2,142,75,19,1
69,97,36.8,0,22,0,3,134,81,14,0
92,94,36.7,0,42,1,2,114,77,17,1
65,95,37.1,0,65,1,1,121,78,17,0
77,95,36.5,0,86,0,0,124,65,15,0
66,97,36.5,0,60,1,1,120,72,16,0
74,98,36.7,0,83,1,1,126,85,12,0
107,97,37.5,0,44,0,0,137,80,17,1
111,93,37.7,0,19,0,0,145,67,17,1
153,85,39.0,0,71,0,0,153,93,24,2
77,97,36.6,0,21,0,0,109,73,15,0
77,96,36.0,0,60,0,0,124,80,14,1
153,90,38.4,0,71,3,4,179,83,22,2
138,94,38.0,0,34,0,0,128,84,21,2
74,95,36.6,0,90,0,0,130,77,15,0
152,80,37.4,0,34,1,1,153,88,22,2
80,94,36.7,0,23,2,3,106,73,15,1
85,95,36.7,0,43,2,1,117,74,14,0
66,96,36.7,0,81,2,2,121,68,14,1
68,97,36.7,0,66,0,0,136,70,14,0
105,92,37.2,1,19,1,2,150,84,14,2
70,94,36.6,0,58,0,0,123,80,13,1
76,95,36.2,0,46,1,1,120,70,12,1
71,97,36.8,0,58,1,2,125,69,14,0
109,92,37.1,0,39,2,3,130,76,21,1
65,97,36.4,0,21,0,0,131,73,16,0
138,86,38.5,0,60,0,0,143,79,27,2
65,95,36.3,0,88,1,1,123,70,15,1
76,96,36.1,0,88,2,4,114,62,16,1
68,96,36.6,0,30,1,0,124,74,16,0
103,91,37.2,0,53,0,1,134,69,17,1
70,97,36.1,0,19,2,3,127,66,17,1
89,94,37.4,0,33,0,0,149,67,16,0
133,83,38.7,0,43,1,1,164,84,23,2
113,93,36.5,0,48,0,0,148,79,18,1
75,96,37.1,0,86,1,1,117,66,16,0
150,84,39.1,0,73,0,0,163,93,23,2
141,93,38.5,0,61,1,0,140,86,21,2
149,93,39.8,0,84,0,0,136,87,21,1
144,88,40.0,0,39,1,0,118,86,21,2
98,93,38.0,0,79,1,0,135,80,17,1
68,100,36.4,0,25,1,2,116,75,13,0
106,89,38.0,0,38,1,2,111,71,21,2
77,99,37.0,0,26,1,2,109,74,12,0
64,97,36.9,0,47,0,0,110,75,15,0
78,99,36.7,0,29,1,0,115,80,14,0
101,96,37.0,0,81,1,0,107,89,21,1
78,93,37.0,0,29,2,3,123,73,15,1
138,82,38.6,0,90,2,3,152,91,27,2
73,98,36.6,0,18,0,0,121,70,14,0
97,92,36.8,0,26,0,0,155,76,17,1
107,93,37.6,0,58,0,1,136,86,21,1
140,94,39.3,0,21,1,3,136,90,24,2
102,89,37.3,0,77,2,1,159,75,19,2
67,98,36.4,0,79,1,0,122,87,14,0
74,96,37.0,0,29,0,0,119,68,13,0
97,94,37.1,0,48,0,0,138,76,18,1
71,97,36.6,0,74,0,0,123,78,17,0
61,97,36.1,0,45,2,3,112,84,16,1
96,94,37.8,0,20,0,0,130,72,18,1
71,96,36.5,0,22,0,2,122,75,17,0
84,95,36.3,0,59,3,4,126,71,15,1
73,96,36.7,0,72,1,0,131,84,13,0
100,94,37.1,0,69,0,0,134,85,19,1
75,98,36.7,0,37,2,2,119,80,14,0
149,87,39.6,0,78,0,0,141,81,25,2
115,96,37.0,0,42,0,0,130,88,20,1
79,95,37.4,0,27,3,6,129,82,14,0
79,96,36.7,0,49,2,1,117,75,14,0
68,96,36.6,0,37,2,2,115,73,15,0
65,94,36.7,0,59,1,0,114,68,15,1
113,92,37.5,0,87,3,5,106,90,19,2
75,96,37.3,0,45,0,0,111,78,15,0
75,97,36.9,0,26,1,1,118,76,14,0
69,98,36.8,0,47,1,0,111,75,14,0
74,96,37.3,0,81,1,0,105,71,14,0
65,97,37.1,0,88,1,1,107,80,13,0
134,93,38.5,0,27,1,0,139,81,24,2
95,95,37.0,1,90,1,1,123,79,20,2
72,99,36.6,0,75,1,1,98,74,16,0
106,95,37.8,0,42,1,1,147,72,17,1
135,93,38.8,0,75,1,0,147,83,20,2
61,96,36.8,0,86,0,0,129,77,15,0
102,93,37.8,0,50,0,0,136,68,18,1
145,89,38.2,0,43,0,0,148,65,26,2
93,91,37.7,0,36,1,2,125,76,19,1
63,98,36.9,0,45,1,0,111,74,13,0
125,85,37.8,0,60,0,0,151,87,24,2
70,96,37.0,0,72,1,0,98,75,14,0
75,96,36.5,0,54,0,0,135,74,16,0
102,94,37.7,0,49,0,1,145,96,16,1
97,91,37.7,0,56,1,2,121,73,16,1
99,96,38.1,0,33,0,0,126,67,16,1
112,91,37.2,0,87,1,1,144,73,16,1
75,97,36.6,0,55,2,5,125,91,14,0
66,95,36.9,0,83,1,0,102,84,14,0
67,98,36.8,0,78,0,0,126,79,13,0
76,96,36.2,0,76,0,0,115,78,14,1
74,94,36.7,0,71,2,3,111,68,13,1
71,96,36.4,0,33,0,0,119,76,14,0
72,97,36.7,0,40,1,1,117,80,13,0
81,93,36.7,0,59,5,7,123,75,17,1
78,95,36.0,0,30,2,2,143,67,14,1
114,90,40.1,0,53,1,1,148,85,27,2
95,91,37.4,0,82,0,0,120,80,18,1
68,96,37.0,0,78,1,0,95,71,15,0
107,95,38.0,0,24,0,1,141,77,19,1
77,96,36.8,0,79,2,3,120,83,14,1
64,96,36.9,0,38,1,3,105,71,18,0
78,95,36.0,0,74,2,2,128,72,14,1
82,97,37.1,0,81,1,1,116,65,15,0
69,95,36.7,0,55,1,2,111,62,15,0
97,87,38.0,0,62,2,3,116,77,21,2
73,95,37.1,0,84,1,1,123,72,15,0
84,99,36.8,0,37,0,0,117,71,14,1
72,98,36.8,0,30,0,0,125,75,12,0
70,96,36.8,0,62,1,1,109,74,12,0
69,97,36.5,0,40,0,0,117,71,16,0
102,95,37.7,0,41,0,0,137,72,18,1
73,97,37.1,0,54,3,5,123,68,15,0
109,92,37.9,0,58,2,3,138,76,18,1
64,95,36.8,0,56,0,0,103,78,11,0
100,98,37.7,0,57,0,1,147,74,15,1
78,95,36.9,0,77,1,0,119,84,17,0
107,96,37.6,0,83,0,1,109,79,20,1
72,94,36.3,0,69,0,0,124,58,14,1
82,96,37.0,0,83,0,0,115,82,17,0
80,96,36.2,0,62,2,2,113,78,16,1
73,96,36.6,0,82,0,0,118,71,16,0
127,92,39.9,0,34,1,3,174,72,26,2
76,97,36.8,0,76,0,0,122,77,14,0
72,94,36.7,0,68,0,0,96,83,15,1
69,97,37.1,0,52,1,1,126,79,17,0
69,97,37.3,0,54,0,0,119,68,17,0
83,99,36.7,0,82,0,0,115,76,14,0
104,91,37.1,0,73,1,0,132,81,17,1
96,93,37.6,0,22,1,2,128,62,17,1
104,90,37.1,0,35,2,3,111,79,22,1
76,96,37.1,0,49,1,1,117,86,13,0
107,94,37.5,0,70,0,0,137,77,20,1
73,97,36.8,0,54,1,0,142,71,18,1
142,92,39.0,1,62,1,0,173,89,29,2
66,95,36.4,0,32,1,0,115,78,13,0
71,95,36.9,0,47,0,0,117,80,16,0
81,99,37.1,0,50,1,1,121,79,14,0
70,94,36.8,1,51,3,5,99,83,12,2
76,95,37.0,0,53,1,2,114,69,14,0
79,99,36.5,0,68,0,0,132,85,14,0
117,86,38.7,0,71,1,1,158,98,24,2
76,96,37.2,0,42,0,0,117,73,13,0
101,98,37.8,0,90,0,1,131,87,17,1
68,96,36.3,0,86,0,0,108,74,15,1
102,92,37.3,0,90,1,2,116,78,19,1
70,100,36.8,0,88,0,0,127,73,15,0
78,96,37.1,0,73,1,2,108,83,15,0
129,87,40.6,0,57,0,1,128,93,27,2
71,96,36.2,0,35,0,0,127,78,14,1
141,92,38.5,0,60,0,0,159,74,24,2
78,96,36.8,0,24,2,2,110,72,14,0
92,93,37.2,0,78,0,1,122,96,16,1
99,94,37.4,0,58,0,2,137,78,18,1
70,97,36.1,0,38,1,1,115,79,15,1
110,96,37.4,0,32,0,0,123,86,13,1
117,76,37.4,0,20,0,0,158,82,30,2
80,96,36.1,0,55,1,1,114,79,16,1
76,98,36.1,0,18,0,1,104,67,13,1
147,88,38.5,0,31,0,1,135,79,23,2
79,94,36.8,0,56,1,1,123,69,14,1
109,90,38.3,0,90,2,2,137,88,18,1
92,94,37.3,0,41,0,0,131,70,19,1
102,92,37.3,0,24,1,1,124,74,19,1
127,90,38.1,1,83,3,7,126,97,27,2
143,94,38.7,0,76,1,0,144,91,30,2
75,95,37.1,0,90,1,1,99,67,15,0
69,96,36.4,0,66,2,3,137,68,12,0
76,95,36.7,0,35,0,0,124,62,14,0
69,98,36.4,0,64,1,1,108,83,16,0
81,95,36.5,0,42,1,1,104,79,13,0
122,82,38.6,0,33,0,0,150,80,29,2
72,95,37.0,0,30,0,1,121,67,13,0
65,97,36.6,0,31,2,3,119,78,13,0
68,97,37.1,0,20,0,0,124,71,12,0
143,82,39.7,1,76,1,0,162,76,22,2
150,89,39.2,0,89,0,0,159,90,26,2
101,99,38.2,0,33,0,0,127,79,18,1
132,87,39.4,0,43,0,0,126,82,25,2
133,83,39.0,0,45,1,1,128,94,21,2
70,98,37.0,0,25,1,1,108,78,14,0
77,97,36.6,0,27,2,2,122,78,13,0
108,97,38.2,0,43,1,1,124,82,17,0
71,94,36.3,0,67,1,1,118,70,16,1
73,95,36.8,0,61,0,0,114,69,14,0
102,93,37.6,0,57,1,2,140,72,16,1
75,97,36.7,0,47,3,3,118,70,16,0
77,96,36.7,0,50,3,3,93,72,17,1
151,90,37.8,0,37,0,0,156,81,21,2
106,91,36.8,0,45,0,0,121,74,23,1
141,84,38.4,0,62,0,0,119,104,24,2
69,94,36.7,0,86,0,0,113,84,15,1
107,87,37.2,0,41,2,3,141,84,16,2
137,85,38.8,0,46,1,1,180,87,27,2
82,95,36.9,0,43,0,0,128,72,14,0
99,93,37.5,0,42,1,2,140,73,18,1
80,94,36.7,0,80,1,2,97,67,14,1
84,94,37.1,0,24,0,0,145,86,18,1
87,96,36.6,0,60,1,1,114,70,15,0
107,92,37.5,0,38,0,0,138,85,18,1
107,97,36.3,0,74,0,0,128,78,17,1
78,95,37.2,0,49,1,2,130,78,14,0
67,97,36.8,0,65,0,0,116,74,13,0
68,96,36.7,0,39,1,1,117,69,13,0
105,92,37.7,0,85,1,2,121,75,18,1
150,86,38.9,0,67,1,2,146,71,24,2
97,87,37.2,0,54,2,2,138,81,16,2
107,95,37.9,0,43,1,1,144,83,19,1
115,91,37.2,1,89,0,1,145,78,21,2
131,90,39.9,0,88,1,0,125,78,24,2
65,93,36.9,0,80,1,0,118,81,14,1
95,95,37.3,0,25,0,0,129,66,17,1
70,98,36.6,0,62,1,1,118,82,13,0
62,98,36.0,0,60,1,0,121,71,14,1
84,96,36.7,0,84,0,0,127,83,15,0
110,94,36.7,0,33,0,0,123,71,15,1
101,94,37.0,0,79,0,0,129,77,17,1
120,95,37.9,0,51,1,2,135,86,18,1
73,97,36.5,0,58,2,3,114,86,14,0
146,95,39.5,0,18,1,0,126,78,19,2
116,94,38.1,1,82,1,0,132,82,17,2
67,96,36.5,0,29,1,0,121,68,12,0
70,95,37.0,0,30,2,3,105,73,13,0
101,96,37.8,0,79,2,1,148,82,21,1
74,95,37.2,0,75,2,2,115,60,15,2
123,91,38.4,0,58,2,4,134,85,29,1
98,94,36.8,0,69,0,0,126,77,19,1
77,94,35.9,0,73,2,1,129,72,16,1
67,96,36.5,0,50,1,1,123,71,15,0
78,95,37.0,0,60,1,1,99,82,14,0
116,94,37.2,0,48,1,1,126,76,23,1
76,95,37.1,0,55,1,2,96,75,12,0
73,95,37.5,0,76,2,2,144,77,13,1
80,97,36.5,0,35,1,3,105,76,17,0
75,94,36.6,0,25,3,6,139,72,17,1
75,97,36.9,0,61,2,3,122,75,16,0
108,93,37.7,0,61,0,0,129,71,20,1
70,96,36.5,0,27,0,1,129,76,18,0
66,96,36.8,0,83,2,6,115,76,14,1
71,95,37.1,0,46,1,2,107,73,17,0
74,95,37.2,0,90,2,2,113,77,14,1
74,95,37.2,0,45,2,3,141,78,14,1
64,99,36.5,0,22,1,0,108,63,12,0
91,94,36.6,0,61,1,2,121,69,13,1
112,96,37.9,0,70,2,1,147,74,15,1
100,95,37.6,0,22,0,0,148,76,16,1
69,97,37.2,0,28,0,0,112,73,17,0
61,95,36.7,0,68,2,1,126,77,14,0
76,96,36.4,0,64,0,0,103,81,17,0
105,93,37.8,0,82,2,3,126,86,18,1
79,96,36.7,0,65,3,5,118,68,15,0
71,96,36.5,0,44,0,0,110,69,15,0
127,86,39.7,0,24,1,1,136,81,25,2
79,98,36.3,0,30,1,1,130,90,16,1
80,95,36.7,0,52,3,4,112,78,14,0
81,96,37.4,0,33,0,0,105,78,14,0
90,94,36.6,0,50,2,2,114,98,20,1
74,96,36.3,0,46,0,0,133,82,15,1
71,96,36.7,0,71,0,1,103,92,13,0
105,91,37.6,0,63,0,0,140,76,23,1
67,94,36.4,0,42,0,0,107,85,15,1
76,97,36.3,0,57,2,4,131,72,16,1
167,89,40.1,0,50,0,0,135,99,24,2
125,83,38.8,0,69,2,3,146,73,26,2
63,94,36.7,0,79,1,1,106,82,13,1
74,100,37.0,0,20,0,1,110,82,15,0
70,97,36.8,0,38,1,3,119,70,13,0
94,94,37.7,0,36,1,2,133,78,20,1
98,93,37.2,0,68,1,0,142,78,18,1
77,94,36.7,0,79,1,1,127,71,14,1
76,96,36.5,0,51,1,0,121,78,15,0
141,87,38.0,0,45,0,0,146,85,23,2
75,95,36.8,0,34,1,0,125,72,17,0
111,91,38.3,1,82,3,4,138,83,18,2
80,97,36.2,0,67,0,0,123,65,12,1
147,76,39.0,0,55,3,4,158,96,22,2
109,90,36.9,0,80,2,3,108,88,21,1
83,94,36.6,0,27,1,2,106,72,14,1
73,95,36.4,0,82,2,2,125,78,14,1
62,94,36.6,0,21,2,3,122,76,17,1
72,98,36.6,0,70,0,0,109,78,14,0
69,96,36.8,0,29,0,0,123,68,14,0
72,97,36.5,0,54,2,3,110,69,12,0
72,97,37.1,0,90,0,0,132,76,13,0
77,96,36.9,0,61,1,2,105,67,13,0
99,97,37.4,0,67,0,0,118,82,14,1
141,87,38.0,0,65,1,1,147,93,24,2
146,89,38.4,0,25,1,3,130,90,19,2
79,95,36.8,0,85,1,2,118,68,17,0
70,98,36.9,1,58,1,1,111,73,15,2
103,94,37.4,0,85,0,0,137,78,16,1
90,93,37.2,1,40,1,0,148,87,16,2
65,100,36.9,0,24,1,1,110,70,15,0
72,93,37.1,0,50,0,0,114,77,16,1
106,94,36.7,0,50,2,2,133,80,17,1
78,96,36.5,0,59,2,3,101,76,12,0
132,81,37.7,0,55,2,4,152,99,20,2
66,98,36.6,0,81,1,1,113,72,13,0
70,95,36.5,0,76,3,4,113,80,14,1
136,86,37.5,0,55,0,0,116,94,19,2
158,86,39.1,0,34,1,1,154,80,25,2
130,92,38.6,0,57,1,1,140,77,24,2
63,99,37.1,0,35,2,4,128,69,15,0
84,99,36.7,0,62,0,0,125,74,16,0
75,97,36.8,0,62,1,1,111,77,15,0
133,93,40.1,0,64,0,1,162,88,26,2
71,99,36.5,0,51,0,0,102,70,14,0
72,99,36.4,0,24,1,3,114,80,13,0
69,96,36.5,0,19,1,2,113,70,17,0
71,97,36.5,0,27,0,0,120,76,15,0
76,98,36.7,0,74,2,3,114,78,17,1
133,82,39.8,0,37,0,0,163,84,22,2
93,99,38.0,0,65,1,2,134,85,17,1
81,98,36.7,0,68,0,0,115,65,14,0
109,92,37.2,0,76,2,4,144,70,15,1
64,96,37.1,0,85,1,1,128,76,16,0
106,90,36.5,0,63,2,2,151,84,23,1
70,98,36.7,0,43,0,1,119,81,15,0
101,89,36.8,0,74,0,0,167,74,20,2
140,91,38.2,0,61,0,0,134,94,25,2
70,94,36.8,0,68,1,1,126,69,13,1
64,95,36.3,0,78,1,0,114,64,14,1
102,95,36.6,0,47,1,2,144,85,20,1
78,97,36.6,0,30,1,1,108,73,15,0
72,94,37.1,0,31,0,0,134,82,15,1
110,93,38.0,0,70,1,0,138,89,15,1
70,98,36.9,0,69,0,0,133,68,14,0
67,98,37.2,0,19,0,0,123,74,14,0
143,85,39.4,1,89,0,0,138,79,22,2
115,90,38.8,0,24,0,1,108,80,20,1
78,97,37.0,0,38,1,1,109,75,14,0
88,93,38.4,0,53,0,0,141,85,19,1
59,98,36.7,0,38,1,0,110,72,12,0
157,87,38.1,0,30,0,0,135,69,23,2
112,92,36.7,0,33,0,0,133,80,21,1
70,97,37.0,0,44,0,0,125,78,16,0
105,94,36.6,0,86,0,0,140,80,17,1
114,88,38.0,0,25,1,0,132,89,19,2
135,82,39.1,0,30,0,1,133,75,17,2
130,87,38.4,0,81,0,1,154,74,21,2
77,98,37.1,0,45,0,0,137,77,14,0
143,83,38.6,0,78,1,3,173,80,28,2
75,97,36.5,0,40,0,0,120,71,14,0
75,97,36.3,0,60,0,0,106,61,14,1
66,96,36.9,0,87,0,1,110,70,15,0
98,93,37.7,0,72,0,1,147,80,19,1
154,82,38.6,0,21,1,1,129,92,23,2
78,97,36.9,0,73,1,0,105,79,16,0
101,92,37.1,0,22,1,1,139,68,23,1
64,96,37.0,0,42,0,0,115,76,15,0
76,99,36.8,0,56,1,0,105,65,14,0
131,76,38.7,0,20,1,2,142,84,24,2
151,86,37.8,0,77,0,0,140,81,28,2
75,97,36.5,0,31,0,0,121,79,15,0
103,94,37.2,1,77,0,1,120,79,19,2
106,91,36.9,0,49,0,0,131,93,14,1
104,92,37.3,0,38,0,0,131,83,16,1
101,93,37.2,0,36,0,0,126,77,18,1
86,95,36.3,0,31,1,0,113,78,19,1
94,97,36.7,0,87,0,0,124,75,24,1
105,94,37.2,0,70,1,2,142,89,21,1
113,90,37.1,0,63,3,1,133,80,17,1
111,95,37.8,0,56,0,0,146,73,20,1
82,96,36.9,0,46,1,2,134,77,15,0
106,93,37.6,0,85,1,2,139,62,18,1
69,98,36.6,0,21,0,0,107,68,16,0
143,83,38.1,0,36,2,3,110,72,30,2
69,98,36.5,0,88,0,2,125,64,17,0
106,90,37.3,0,82,0,0,124,75,17,1
77,97,36.6,0,48,0,0,122,70,15,0
71,93,37.3,0,47,0,0,116,78,13,1
112,94,38.3,0,61,2,2,133,79,17,1
107,92,37.3,1,60,1,0,116,90,17,2
129,89,38.9,0,72,0,0,133,59,21,2
97,94,38.0,0,23,1,0,138,79,19,1
76,96,36.6,0,42,0,0,125,74,17,0
102,95,38.0,0,45,1,2,103,79,20,1
109,90,37.8,0,63,1,2,140,78,20,1
69,97,36.1,0,39,2,3,106,77,14,1
97,95,37.5,0,23,1,0,115,79,19,1
69,96,37.1,0,73,0,0,119,68,15,0
119,93,37.4,0,27,0,0,118,81,21,1
76,95,36.8,0,48,0,0,129,70,13,0
73,93,37.3,0,19,0,0,124,69,11,1
106,95,36.8,0,37,0,0,139,86,18,1
71,98,36.9,0,35,2,2,124,71,15,0
69,98,36.9,0,78,0,1,120,80,13,0
103,95,37.0,0,27,2,4,134,87,22,1
76,96,36.3,0,90,0,0,116,76,18,1
127,89,38.4,0,42,1,2,161,93,24,2
74,98,36.9,0,43,1,0,117,75,12,0
141,90,39.1,0,48,0,0,125,77,25,2
72,98,37.0,0,38,1,1,112,75,16,0
133,89,37.6,0,59,0,0,148,82,29,2
82,97,37.0,0,22,0,0,126,68,16,0
100,93,37.2,0,79,2,3,135,71,20,1
69,95,36.1,1,87,1,2,115,73,16,2
64,98,36.1,0,58,1,2,105,70,13,1
85,94,36.6,1,63,0,0,122,71,14,2
106,90,37.2,0,82,1,2,135,85,17,1
146,85,38.0,0,81,3,5,136,76,25,2
127,82,39.1,0,43,0,0,103,87,19,2
103,95,38.4,0,57,1,0,174,61,19,1
80,96,36.2,0,51,0,0,103,72,13,1
80,95,37.4,0,47,1,3,129,79,13,0
97,92,36.2,0,48,1,2,118,85,18,1
69,95,36.6,0,85,1,0,105,85,14,0
104,93,37.2,0,71,0,0,145,83,17,1
146,87,38.9,0,37,0,0,158,85,26,1
77,96,36.6,0,52,0,0,127,68,13,0
98,96,37.8,0,76,1,3,118,85,17,1
112,100,37.5,0,44,1,0,132,84,15,1
82,96,36.7,0,31,1,0,111,84,16,0
76,98,37.0,0,43,0,0,106,74,16,0
98,93,37.3,0,46,0,0,151,79,22,1
110,88,37.3,0,66,1,1,142,82,20,2
120,89,37.0,0,37,1,2,139,93,29,2
69,98,37.3,0,75,2,3,112,72,15,1
126,90,40.4,0,44,2,3,158,96,17,2
125,87,38.0,1,70,1,3,141,88,21,2
107,95,37.4,0,76,0,0,150,87,18,1
99,93,37.2,0,41,2,4,140,85,18,1
97,95,37.1,0,63,1,0,129,71,21,1
75,98,37.1,0,36,0,0,124,77,12,0
109,95,37.4,0,59,0,0,100,78,21,1
83,97,36.7,1,84,1,2,121,81,15,2
72,97,36.8,0,47,0,1,119,71,16,0
148,83,38.5,0,69,1,1,151,89,19,2
75,94,37.0,0,80,2,0,119,75,14,1
63,95,36.6,0,27,1,1,123,78,14,0
66,97,36.8,0,86,1,1,122,85,17,0
124,87,39.1,0,50,1,0,144,86,27,2
120,80,39.9,0,20,0,0,143,96,21,2
105,95,37.5,0,43,1,1,138,88,18,1
63,97,36.6,0,31,0,1,116,82,11,0
72,99,36.2,0,51,0,0,116,69,16,1
97,93,36.3,0,29,0,2,149,79,19,1
84,99,36.6,0,36,0,0,106,72,16,0
125,90,38.9,0,30,0,0,138,80,25,2
141,83,38.3,0,82,1,3,157,91,20,2
142,86,39.8,0,85,0,0,160,93,23,2
149,87,37.4,0,57,1,1,145,86,22,2
67,96,36.9,0,77,1,0,119,75,13,0
74,96,37.1,0,78,0,0,109,66,14,0
71,96,36.6,0,69,3,3,117,79,14,0
129,94,39.9,0,75,0,0,154,88,24,2
101,95,37.8,0,70,0,0,126,72,17,1
124,83,37.8,0,90,1,1,140,74,19,2
76,97,36.7,0,57,0,0,104,73,15,0
133,91,39.6,0,53,0,0,144,95,27,2
98,98,36.9,0,90,1,0,141,78,15,1
125,92,39.2,0,89,0,1,117,85,21,2
77,95,36.4,0,56,1,3,114,69,14,0
103,92,37.7,0,53,0,0,126,83,18,1
114,95,37.4,0,19,1,1,148,90,20,1
95,94,37.2,0,18,0,1,135,83,20,1
81,94,36.4,0,18,0,0,128,80,13,1
111,90,38.2,0,78,0,1,131,79,17,1
74,99,36.6,0,66,0,0,123,79,13,0
64,94,36.6,0,24,2,3,120,78,13,1
100,91,37.3,0,68,1,1,123,79,21,1
127,83,37.6,0,38,0,0,153,75,17,2
67,95,36.9,0,47,2,2,126,72,15,0
101,92,37.9,0,49,1,0,119,74,22,1
116,96,37.7,0,70,1,0,126,70,16,1
73,94,36.7,0,38,2,3,125,77,17,1
127,91,39.3,0,27,2,4,122,93,24,2
132,91,38.0,0,38,0,0,138,77,22,2
76,97,37.2,0,20,1,0,123,72,13,0
106,92,37.4,0,90,1,0,126,79,23,1
75,95,36.3,0,67,2,2,118,63,15,1
67,98,36.9,0,66,0,0,122,74,15,0
70,99,36.8,0,33,0,0,130,71,14,0
153,88,38.2,0,50,2,2,142,88,21,2
111,93,37.2,0,26,0,0,116,83,18,1
104,95,38.3,0,32,3,4,152,74,20,1
105,96,37.4,0,29,0,0,130,76,21,1
72,95,36.5,0,20,0,0,105,72,14,0
74,98,36.5,0,43,0,0,99,72,15,0
67,97,37.0,0,65,1,1,120,69,13,0
105,93,37.2,0,75,1,1,102,79,23,1
71,95,36.2,0,23,2,4,96,91,13,1
61,96,36.6,0,74,0,0,110,72,13,0
72,98,37.1,1,80,0,0,100,67,14,2
76,96,36.7,0,46,0,0,126,83,16,0
154,87,38.4,0,55,2,2,144,80,20,2
131,94,37.2,0,51,2,2,128,92,21,2
102,91,37.4,0,58,1,2,134,79,21,1
73,95,37.2,0,37,0,1,122,88,17,0
128,88,38.5,0,39,0,0,135,72,21,2
139,82,38.8,0,73,3,4,134,87,25,2
67,95,36.7,0,20,1,1,108,71,15,1
79,95,37.2,0,49,1,2,118,69,16,0
80,97,36.6,1,74,1,2,98,75,16,2
133,86,39.0,0,59,0,0,137,80,21,2
78,95,37.1,0,84,2,0,119,87,16,1
80,95,37.2,0,62,2,3,111,74,14,0
73,99,36.5,0,71,1,2,129,73,15,0
104,93,37.5,0,67,0,0,133,79,17,1
74,97,36.3,0,39,1,2,116,77,14,1
106,92,37.4,0,32,0,0,130,64,21,1
82,95,36.9,0,84,1,0,120,81,15,0
64,96,36.8,0,39,0,0,102,74,11,0
149,88,38.8,0,51,1,1,116,86,20,2
132,91,36.9,0,58,1,3,143,83,23,2
76,98,36.3,0,50,1,1,136,78,16,1
76,95,36.9,0,87,2,1,126,76,14,1
103,96,36.6,0,42,0,0,134,72,18,1
65,97,36.6,0,67,0,0,121,78,14,0
83,94,37.1,0,90,3,4,100,70,12,1
118,90,37.0,0,81,0,1,126,82,20,1
101,92,37.2,0,83,0,0,130,89,20,1
100,89,36.6,0,66,1,1,139,70,18,2
80,95,37.2,0,60,1,1,119,78,15,0
111,93,36.9,0,61,1,0,116,84,16,1
149,82,39.1,0,50,2,3,175,82,22,2
138,87,38.9,0,87,3,6,139,91,25,2
104,95,37.4,1,53,3,4,138,80,19,2
73,97,36.8,0,30,0,0,119,82,13,0
72,96,36.6,0,41,1,1,104,59,15,0
120,90,37.9,0,24,0,0,128,91,23,1
67,94,37.3,0,27,0,0,109,72,11,1
99,95,38.0,0,20,0,0,138,68,18,1
63,97,36.4,0,26,1,0,123,80,14,0
77,96,36.8,0,47,2,3,121,78,13,0
139,91,38.0,0,29,0,1,139,78,21,2
98,94,37.8,0,57,1,0,145,84,20,1
72,96,36.8,0,29,2,3,137,69,12,0
78,95,36.7,0,39,0,0,119,79,13,0
131,88,37.2,0,30,1,0,148,95,30,2
69,96,36.3,0,54,1,1,121,68,14,1
142,84,38.1,0,53,0,0,130,79,23,2
102,96,36.5,0,28,0,0,140,71,17,1
153,92,38.6,0,62,0,0,145,94,23,2
77,95,36.9,0,22,2,2,120,69,16,0
80,97,36.6,0,47,0,0,140,86,14,1
72,96,36.5,0,26,1,0,106,77,13,0
75,96,36.5,0,42,0,0,121,83,13,0
119,89,37.2,0,85,1,1,135,84,24,2
73,97,36.9,0,28,0,1,119,77,19,0
75,94,36.9,0,50,3,4,118,74,17,1
73,98,36.6,0,87,0,0,104,63,12,0
109,94,37.7,0,42,0,0,122,75,17,1
132,85,37.5,0,30,0,1,140,88,29,2
103,94,37.8,0,36,0,0,121,70,17,0
106,92,37.2,0,84,1,2,143,78,15,1
67,98,36.9,0,29,1,1,105,75,13,0
66,96,36.7,0,59,1,2,95,84,17,0
130,86,39.2,0,43,1,0,130,91,25,2
76,97,36.8,0,65,0,0,131,68,16,0
91,96,37.0,0,88,0,1,144,78,16,1
135,85,39.7,0,54,0,0,149,78,26,2
99,90,37.6,0,80,0,0,129,78,18,1
75,96,36.9,0,50,0,0,123,77,14,0
135,84,38.6,0,28,0,1,142,97,22,2
80,96,36.8,0,62,0,0,110,84,13,0
98,94,37.1,0,57,0,0,140,73,20,1
79,97,36.2,0,48,0,0,112,75,16,1
99,90,37.5,0,54,2,6,128,86,15,1
69,96,36.9,0,89,0,1,117,80,12,0
64,96,36.7,0,46,1,0,134,69,15,0
76,97,36.9,0,56,0,0,122,77,15,0
102,92,37.1,0,88,1,2,141,87,20,1
118,96,37.5,0,18,1,2,113,69,22,1
67,96,36.8,0,31,1,0,108,64,16,0
105,95,37.9,0,20,0,0,133,82,20,1
75,98,36.7,0,52,0,0,125,84,14,0
74,96,35.9,0,84,3,2,133,84,14,1
64,96,37.0,0,73,1,0,132,76,16,0
81,98,36.6,1,66,0,0,118,68,14,2
66,97,36.3,0,62,0,0,112,67,15,1
68,96,36.7,0,60,1,0,115,71,15,0
71,95,36.9,0,43,0,0,106,83,17,0
89,95,38.2,0,86,1,1,127,79,17,1
103,91,37.3,0,47,1,2,137,74,19,1
101,92,37.2,0,71,0,1,139,87,19,1
72,94,36.6,0,38,1,1,113,73,16,1
110,94,36.6,0,41,1,2,131,79,21,1
139,90,38.3,0,25,0,0,177,77,24,2
81,95,37.0,0,89,1,1,111,76,15,0
140,97,37.0,0,38,0,0,136,76,21,2
79,97,36.5,0,69,0,0,116,73,15,0
103,93,36.6,0,21,2,4,140,84,17,1
73,96,36.7,0,48,1,2,103,72,14,0
153,94,38.3,0,60,0,0,161,75,20,2
74,98,36.6,0,76,0,0,117,67,11,0
124,93,38.7,0,53,1,1,139,82,17,1
97,90,38.1,0,83,3,4,142,84,20,1
155,81,39.1,0,71,1,0,144,81,25,2
79,97,36.7,1,30,2,2,114,65,16,2
91,92,37.7,0,31,0,3,128,81,16,1
70,96,37.3,0,55,1,1,103,81,14,0
143,86,38.1,0,74,1,1,121,85,22,2
147,81,38.3,0,19,0,1,144,76,24,2
105,95,37.1,0,21,2,4,112,83,19,1
104,93,35.9,0,42,1,0,114,65,19,1
138,85,38.5,0,58,1,2,157,75,21,2
128,86,37.5,0,67,0,0,164,96,22,2
127,89,38.3,0,29,1,1,125,63,31,2
77,95,36.9,0,23,2,2,131,74,11,0
78,97,36.4,0,62,1,1,112,71,13,0
94,94,37.0,0,61,1,0,153,82,16,1
70,95,36.7,0,88,2,2,124,79,13,1
88,97,36.5,0,79,1,0,107,77,16,0
150,79,38.9,0,26,0,0,163,80,19,2
98,98,37.0,0,34,0,0,131,84,18,1
127,89,38.8,0,69,2,3,147,84,30,2
67,98,37.0,0,41,0,1,109,75,14,0
138,80,38.4,0,51,0,0,115,83,23,2
149,84,38.9,0,19,1,0,132,88,24,2
70,97,37.1,0,79,0,0,114,79,18,0
112,89,37.3,0,72,0,0,153,91,19,2
132,84,39.2,0,20,1,1,152,89,22,2
72,98,36.3,0,35,0,0,130,69,16,1
105,93,38.2,0,71,1,2,131,65,16,1
81,95,36.8,0,84,1,3,130,76,17,0
103,91,36.7,0,82,1,1,121,63,19,1
72,96,36.5,0,37,0,0,97,71,14,0
54,94,36.9,1,36,1,2,140,68,15,2
99,96,37.1,0,57,0,0,136,87,18,1
121,83,37.6,0,51,3,5,156,73,24,2
110,93,36.8,0,54,0,1,144,79,20,1
64,98,36.6,0,63,0,0,119,72,15,0
77,97,37.1,0,65,1,3,108,82,15,0
86,95,37.1,0,83,0,0,149,78,19,1
99,90,37.0,0,24,0,0,145,85,18,1
106,95,36.7,0,47,0,1,115,81,18,1
113,93,37.2,0,54,1,1,143,80,17,1
137,91,38.6,0,82,0,0,159,90,25,2
79,96,36.8,0,55,1,0,114,64,15,0
107,99,37.4,0,51,0,0,139,68,19,1
145,89,38.9,0,24,1,0,119,86,21,2
148,92,38.5,0,18,1,2,161,97,27,2
152,92,39.3,0,32,0,0,142,87,22,2
78,94,36.7,0,86,1,2,119,74,13,1
72,96,36.9,0,74,1,0,113,72,16,0
66,97,37.0,0,50,2,2,125,81,12,0
132,84,39.1,0,21,3,4,142,87,30,2
93,96,37.1,0,19,1,2,130,83,19,0
70,94,37.3,0,47,2,1,120,72,12,0
105,90,36.7,0,66,2,3,125,79,19,1
138,91,38.3,0,25,2,3,162,99,19,2
112,88,37.2,0,79,1,0,137,80,23,2
69,96,36.4,0,34,0,0,123,84,16,0
66,98,36.6,0,45,0,0,121,84,14,0
68,97,36.7,0,57,0,0,117,78,14,0
126,85,38.2,0,69,0,0,131,93,27,2
66,98,37.0,0,50,0,1,112,80,16,0
93,96,36.9,0,64,2,3,116,79,14,0
61,99,37.0,0,67,0,0,126,78,17,0
82,93,36.9,0,88,1,1,122,78,21,1
76,92,36.4,0,50,2,4,124,76,17,1
85,95,36.8,1,84,2,4,113,70,14,2
129,90,39.3,0,46,2,4,142,82,22,2
138,83,38.3,0,30,0,0,131,82,20,2
70,93,37.1,0,38,1,1,115,77,17,1
109,94,37.4,0,49,2,3,150,75,17,1
71,95,36.0,0,62,3,3,127,82,17,1
145,86,38.7,0,63,0,0,123,105,26,2
75,97,37.0,0,80,0,1,114,77,15,0
76,97,37.4,0,83,0,0,117,80,14,0
68,95,36.7,0,65,2,3,103,67,20,0
78,95,36.7,0,71,2,2,112,83,13,1
97,92,36.6,0,27,1,0,108,94,18,1
68,98,36.6,0,22,0,0,105,86,13,0
58,95,36.6,0,34,2,0,112,58,17,0
76,98,36.8,0,73,1,1,109,69,16,0
69,97,36.4,0,30,0,0,110,76,13,0
112,91,37.4,0,36,3,6,124,79,16,1
82,98,36.7,0,19,2,3,117,81,16,0
134,87,39.0,0,24,2,1,139,78,26,2
106,96,36.9,0,47,1,0,121,74,18,1
118,86,38.3,0,85,0,0,165,88,17,2
107,95,38.5,0,69,2,3,123,74,18,1
72,98,36.7,0,71,0,1,139,79,17,0
102,94,37.3,0,67,1,0,113,96,18,1
73,98,36.5,1,77,2,4,116,65,16,2
75,99,36.9,0,53,0,0,112,81,16,0
97,95,37.8,0,35,2,2,125,78,19,1
82,98,37.3,0,49,0,0,118,78,13,0
97,94,37.5,0,55,0,0,146,73,17,1
70,96,36.6,0,60,0,0,109,78,14,0
74,95,37.0,1,84,0,0,103,71,17,2
101,94,37.4,0,36,0,0,139,71,17,1
79,96,36.6,0,72,2,2,115,76,12,1
98,93,37.2,0,84,0,0,132,71,18,1
109,96,37.6,0,65,2,4,133,73,14,1
66,94,36.0,0,30,2,1,107,80,15,1
70,99,36.5,0,24,0,2,121,87,13,0
107,97,37.2,0,34,3,3,130,92,17,1
111,91,38.5,0,28,2,3,126,80,20,1
139,88,37.8,0,49,2,1,148,90,22,2
101,93,37.3,0,19,1,0,140,80,18,1
145,82,38.6,1,67,1,3,154,95,23,2
100,95,38.0,0,68,0,0,136,78,17,1
112,94,37.7,0,51,0,0,160,85,21,1
99,90,37.4,0,72,1,1,122,79,18,1
92,97,37.4,0,18,0,1,122,68,18,0
108,95,37.0,0,47,0,0,135,90,20,1
67,99,36.9,0,20,0,0,108,73,14,0
67,95,35.8,0,78,2,4,122,80,16,1
68,96,36.7,0,87,2,0,104,78,14,1
139,86,39.0,0,88,1,4,167,83,23,2
67,97,37.2,0,26,1,2,112,77,13,0
74,96,36.8,0,69,0,1,107,81,16,0
63,95,36.8,0,61,1,1,130,61,15,0
79,97,36.9,0,38,1,1,118,61,11,0
116,89,37.0,0,32,3,3,144,90,17,2
138,94,38.7,0,62,0,0,149,83,26,2
105,94,38.2,0,57,1,2,121,86,21,1
95,91,37.2,0,33,1,1,142,82,17,1
105,94,37.6,0,27,0,0,131,83,16,1
76,96,36.6,0,30,2,1,117,80,15,0
68,95,37.0,0,87,0,1,123,74,18,0
125,90,39.1,0,53,0,0,157,85,23,2
71,96,37.0,0,46,2,3,126,73,14,0
82,98,36.6,0,25,0,1,116,81,14,0
70,98,36.4,0,29,0,1,96,77,15,0
70,98,36.2,0,19,0,0,134,71,15,1
66,96,37.0,0,28,3,4,141,64,15,1
59,96,36.7,0,56,0,1,116,77,14,0
98,94,38.0,0,67,0,0,135,93,20,1
143,86,37.9,0,31,1,2,148,85,25,2
77,97,36.6,0,45,1,0,104,72,13,0
101,98,38.6,0,26,1,0,125,75,20,0
77,96,36.5,0,57,1,2,136,91,15,0
69,96,36.4,0,27,1,1,115,68,13,0
159,87,39.1,0,67,0,0,138,74,25,2
108,94,37.6,0,46,1,1,114,71,17,1
77,98,37.5,0,81,0,0,125,76,14,0
138,87,37.8,0,43,0,0,161,70,21,2
134,92,38.0,0,21,1,2,155,72,19,2
111,92,36.7,0,77,0,0,133,57,16,1
99,91,36.8,0,27,1,2,134,81,18,0
65,96,36.3,0,48,2,3,108,75,14,1
92,95,37.7,0,49,2,3,131,90,17,0
76,93,36.5,0,86,3,4,117,80,15,1
82,96,36.6,0,73,1,2,120,74,15,0
90,92,38.3,0,20,0,0,124,90,19,1
102,93,37.5,0,31,0,0,123,75,19,1
162,86,37.9,0,81,3,4,145,83,24,2
143,85,39.3,0,81,0,0,161,74,27,2
81,100,37.0,0,77,0,0,113,74,14,0
75,98,36.5,0,19,1,1,126,75,13,0
127,90,37.3,0,87,0,0,140,83,26,2
71,97,36.8,0,79,1,0,103,81,16,0
67,96,36.6,0,84,1,2,100,84,13,0
70,98,36.5,0,65,0,1,99,79,14,0
75,94,36.1,0,84,1,0,116,72,15,1
80,98,36.7,0,30,2,2,111,74,16,0
111,94,36.7,0,36,0,0,149,66,18,1
99,96,37.6,0,78,0,1,143,73,19,1
65,95,37.0,0,50,1,1,114,65,15,0
146,85,39.2,0,85,1,1,139,79,20,2
103,95,37.6,0,71,1,2,110,79,17,2
129,86,39.5,0,24,1,1,117,93,24,2
106,91,37.4,0,65,1,1,127,64,21,1
150,86,38.0,0,61,2,3,168,92,27,2
114,96,37.2,0,18,1,1,125,76,20,1
101,93,36.6,1,88,1,2,127,71,19,2
68,94,36.5,0,50,0,1,121,77,10,1
100,94,37.6,0,88,1,0,133,74,16,1
63,98,36.4,0,26,0,0,122,68,15,0
77,96,36.5,1,62,1,0,131,69,15,2
130,89,38.0,0,34,0,0,141,91,24,2
74,96,36.7,0,50,0,0,124,84,14,0
72,97,36.5,0,47,1,0,120,75,15,0
127,84,37.7,0,53,2,2,138,94,25,2
115,97,37.2,0,90,0,0,139,79,19,1
63,95,36.0,0,37,2,1,126,81,15,1
71,94,35.9,0,90,0,0,120,73,15,1
81,98,37.1,0,63,0,0,114,86,11,0
103,98,37.2,0,57,1,2,141,84,19,1
70,97,36.8,0,74,1,0,114,70,15,0
104,90,37.2,0,42,0,0,140,91,16,1
66,96,36.6,0,73,1,2,109,73,13,0
71,95,36.7,0,74,1,0,122,74,15,0
77,95,36.8,0,67,3,4,129,85,13,0
99,90,36.8,0,53,2,2,115,78,21,1
75,95,36.7,0,22,2,2,116,78,10,0
95,95,36.8,0,37,0,0,128,75,18,1
74,97,36.6,0,32,2,1,114,75,14,0
134,85,38.7,0,80,0,0,168,95,26,2
98,92,37.4,0,35,1,1,129,64,20,1
92,92,37.3,0,30,0,0,147,85,16,1
